date,Open,vix_high,vix_low,vix_close,Volume,Dividends,Stock Splits,vix_change
2015-01-02 00:00:00-06:00,17.760000228881836,20.139999389648438,17.049999237060547,17.790000915527344,0,0.0,0.0,
2015-01-05 00:00:00-06:00,19.190000534057617,21.290000915527344,19.190000534057617,19.920000076293945,0,0.0,0.0,11.973013216134865
2015-01-06 00:00:00-06:00,20.329999923706055,22.899999618530273,19.520000457763672,21.1200008392334,0,0.0,0.0,6.024100192487092
2015-01-07 00:00:00-06:00,20.149999618530273,20.719999313354492,19.040000915527344,19.309999465942383,0,0.0,0.0,-8.570081919356188
2015-01-08 00:00:00-06:00,17.93000030517578,18.09000015258789,16.989999771118164,17.010000228881836,0,0.0,0.0,-11.910923359252923
2015-01-09 00:00:00-06:00,16.440000534057617,18.420000076293945,16.440000534057617,17.549999237060547,0,0.0,0.0,3.1745973010736783
2015-01-12 00:00:00-06:00,18.020000457763672,20.440000534057617,18.020000457763672,19.600000381469727,0,0.0,0.0,11.680918709558497
2015-01-13 00:00:00-06:00,18.209999084472656,21.579999923706055,17.649999618530273,20.559999465942383,0,0.0,0.0,4.897954417287975
2015-01-14 00:00:00-06:00,22.8700008392334,23.34000015258789,21.31999969482422,21.479999542236328,0,0.0,0.0,4.474708658518822
2015-01-15 00:00:00-06:00,21.229999542236328,23.309999465942383,20.860000610351562,22.389999389648438,0,0.0,0.0,4.236498448814063
2015-01-16 00:00:00-06:00,22.799999237060547,23.43000030517578,20.950000762939453,20.950000762939453,0,0.0,0.0,-6.431436650126654
2015-01-20 00:00:00-06:00,20.06999969482422,21.3700008392334,19.579999923706055,19.889999389648438,0,0.0,0.0,-5.059672241951219
2015-01-21 00:00:00-06:00,20.920000076293945,21.280000686645508,18.639999389648438,18.850000381469727,0,0.0,0.0,-5.228753343853643
2015-01-22 00:00:00-06:00,17.979999542236328,19.229999542236328,16.06999969482422,16.399999618530273,0,0.0,0.0,-12.997351264501289
2015-01-23 00:00:00-06:00,16.790000915527344,17.09000015258789,15.8100004196167,16.65999984741211,0,0.0,0.0,1.5853672861556811
2015-01-26 00:00:00-06:00,16.959999084472656,17.43000030517578,15.520000457763672,15.520000457763672,0,0.0,0.0,-6.8427334939352935
2015-01-27 00:00:00-06:00,17.600000381469727,18.40999984741211,16.670000076293945,17.219999313354492,0,0.0,0.0,10.953600550574837
2015-01-28 00:00:00-06:00,16.969999313354492,20.440000534057617,16.920000076293945,20.440000534057617,0,0.0,0.0,18.699194826366462
2015-01-29 00:00:00-06:00,20.459999084472656,21.559999465942383,18.65999984741211,18.760000228881836,0,0.0,0.0,-8.21917936047274
2015-01-30 00:00:00-06:00,20.229999542236328,22.18000030517578,19.239999771118164,20.969999313354492,0,0.0,0.0,11.780378771372657
2015-02-02 00:00:00-06:00,20.889999389648438,22.809999465942383,19.350000381469727,19.43000030517578,0,0.0,0.0,-7.343820021958614
2015-02-03 00:00:00-06:00,18.40999984741211,18.889999389648438,17.200000762939453,17.329999923706055,0,0.0,0.0,-10.808030614957465
2015-02-04 00:00:00-06:00,17.81999969482422,18.3799991607666,16.81999969482422,18.329999923706055,0,0.0,0.0,5.77034047549001
2015-02-05 00:00:00-06:00,17.290000915527344,17.43000030517578,16.670000076293945,16.850000381469727,0,0.0,0.0,-8.074192844497807
2015-02-06 00:00:00-06:00,16.290000915527344,18.739999771118164,16.059999465942383,17.290000915527344,0,0.0,0.0,2.6112790747559567
2015-02-09 00:00:00-06:00,19.15999984741211,19.280000686645508,18.209999084472656,18.549999237060547,0,0.0,0.0,7.2874392991018055
2015-02-10 00:00:00-06:00,17.719999313354492,18.360000610351562,16.969999313354492,17.229999542236328,0,0.0,0.0,-7.1159016124756835
2015-02-11 00:00:00-06:00,17.43000030517578,17.809999465942383,16.81999969482422,16.959999084472656,0,0.0,0.0,-1.5670369410156537
2015-02-12 00:00:00-06:00,16.389999389648438,16.469999313354492,15.279999732971191,15.34000015258789,0,0.0,0.0,-9.551881010229057
2015-02-13 00:00:00-06:00,15.109999656677246,15.640000343322754,14.6899995803833,14.6899995803833,0,0.0,0.0,-4.237291823591893
2015-02-17 00:00:00-06:00,15.850000381469727,16.329999923706055,15.529999732971191,15.800000190734863,0,0.0,0.0,7.556165024223915
2015-02-18 00:00:00-06:00,16.739999771118164,16.739999771118164,15.4399995803833,15.449999809265137,0,0.0,0.0,-2.2151922610416652
2015-02-19 00:00:00-06:00,16.110000610351562,16.219999313354492,15.100000381469727,15.289999961853027,0,0.0,0.0,-1.0355977306624964
2015-02-20 00:00:00-06:00,15.729999542236328,16.290000915527344,14.270000457763672,14.300000190734863,0,0.0,0.0,-6.474818663100789
2015-02-23 00:00:00-06:00,15.050000190734863,15.479999542236328,14.489999771118164,14.5600004196167,0,0.0,0.0,1.8181833945029924
2015-02-24 00:00:00-06:00,14.5,14.630000114440918,13.529999732971191,13.6899995803833,0,0.0,0.0,-5.9752803170338264
2015-02-25 00:00:00-06:00,13.640000343322754,14.0600004196167,12.859999656677246,13.84000015258789,0,0.0,0.0,1.0956944981906913
2015-02-26 00:00:00-06:00,13.550000190734863,14.569999694824219,13.550000190734863,13.90999984741211,0,0.0,0.0,0.5057781362172165
2015-02-27 00:00:00-06:00,14.069999694824219,14.170000076293945,13.289999961853027,13.34000015258789,0,0.0,0.0,-4.0977692385112725
2015-03-02 00:00:00-06:00,13.899999618530273,13.899999618530273,12.869999885559082,13.039999961853027,0,0.0,0.0,-2.2488769662919794
2015-03-03 00:00:00-06:00,13.350000381469727,14.6899995803833,13.25,13.859999656677246,0,0.0,0.0,6.288341236372941
2015-03-04 00:00:00-06:00,14.279999732971191,14.710000038146973,14.130000114440918,14.229999542236328,0,0.0,0.0,2.6695519099874554
2015-03-05 00:00:00-06:00,14.010000228881836,14.579999923706055,13.880000114440918,14.039999961853027,0,0.0,0.0,-1.3352044026379573
2015-03-06 00:00:00-06:00,14.609999656677246,15.829999923706055,14.180000305175781,15.199999809265137,0,0.0,0.0,8.262107197748247
2015-03-09 00:00:00-05:00,15.720000267028809,15.760000228881836,14.710000038146973,15.0600004196167,0,0.0,0.0,-0.921048627665777
2015-03-10 00:00:00-05:00,16.469999313354492,16.90999984741211,16.030000686645508,16.690000534057617,0,0.0,0.0,10.823373632299038
2015-03-11 00:00:00-05:00,16.440000534057617,17.190000534057617,16.290000915527344,16.8700008392334,0,0.0,0.0,1.0784919078251187
2015-03-12 00:00:00-05:00,16.450000762939453,16.450000762939453,15.300000190734863,15.420000076293945,0,0.0,0.0,-8.595143395412796
2015-03-13 00:00:00-05:00,15.470000267028809,16.739999771118164,15.319999694824219,16.0,0,0.0,0.0,3.761348384152874
2015-03-16 00:00:00-05:00,15.779999732971191,15.890000343322754,15.359999656677246,15.609999656677246,0,0.0,0.0,-2.437502145767212
2015-03-17 00:00:00-05:00,16.309999465942383,16.3700008392334,15.65999984741211,15.65999984741211,0,0.0,0.0,0.32030872411630273
2015-03-18 00:00:00-05:00,14.600000381469727,16.290000915527344,13.380000114440918,13.970000267028809,0,0.0,0.0,-10.791823734676353
2015-03-19 00:00:00-05:00,14.680000305175781,14.970000267028809,13.84000015258789,14.069999694824219,0,0.0,0.0,0.7158155038223146
2015-03-20 00:00:00-05:00,13.520000457763672,13.529999732971191,12.539999961853027,13.020000457763672,0,0.0,0.0,-7.46268130657316
2015-03-23 00:00:00-05:00,13.520000457763672,13.529999732971191,12.890000343322754,13.40999984741211,0,0.0,0.0,2.9953869119557996
2015-03-24 00:00:00-05:00,13.359999656677246,13.680000305175781,12.59000015258789,13.619999885559082,0,0.0,0.0,1.565995828012623
2015-03-25 00:00:00-05:00,13.260000228881836,15.550000190734863,13.199999809265137,15.4399995803833,0,0.0,0.0,13.36269978059188
2015-03-26 00:00:00-05:00,16.639999389648438,17.190000534057617,15.229999542236328,15.800000190734863,0,0.0,0.0,2.3316102340374956
2015-03-27 00:00:00-05:00,15.729999542236328,15.829999923706055,14.1899995803833,15.069999694824219,0,0.0,0.0,-4.620256247457
2015-03-30 00:00:00-05:00,14.760000228881836,14.760000228881836,14.079999923706055,14.510000228881836,0,0.0,0.0,-3.7159885685645655
2015-03-31 00:00:00-05:00,14.970000267028809,15.739999771118164,14.329999923706055,15.289999961853027,0,0.0,0.0,5.375601107287498
2015-04-01 00:00:00-05:00,15.319999694824219,16.65999984741211,15.079999923706055,15.109999656677246,0,0.0,0.0,-1.177242025015457
2015-04-02 00:00:00-05:00,15.300000190734863,15.510000228881836,14.270000457763672,14.670000076293945,0,0.0,0.0,-2.911976111057424
2015-04-06 00:00:00-05:00,15.75,15.760000228881836,14.039999961853027,14.739999771118164,0,0.0,0.0,0.4771621980925289
2015-04-07 00:00:00-05:00,14.569999694824219,14.8100004196167,14.010000228881836,14.779999732971191,0,0.0,0.0,0.27137016603897557
2015-04-08 00:00:00-05:00,14.59000015258789,14.770000457763672,13.75,13.979999542236328,0,0.0,0.0,-5.412721280029686
2015-04-09 00:00:00-05:00,14.140000343322754,14.59000015258789,13.09000015258789,13.09000015258789,0,0.0,0.0,-6.366233324683412
2015-04-10 00:00:00-05:00,13.199999809265137,13.260000228881836,12.510000228881836,12.579999923706055,0,0.0,0.0,-3.8961055992119964
2015-04-13 00:00:00-05:00,13.170000076293945,14.3100004196167,12.710000038146973,13.9399995803833,0,0.0,0.0,10.810808147259454
2015-04-14 00:00:00-05:00,14.34000015258789,14.739999771118164,13.640000343322754,13.670000076293945,0,0.0,0.0,-1.9368688107373022
2015-04-15 00:00:00-05:00,13.579999923706055,13.579999923706055,12.829999923706055,12.84000015258789,0,0.0,0.0,-6.071689239749256
2015-04-16 00:00:00-05:00,13.270000457763672,13.350000381469727,12.5,12.600000381469727,0,0.0,0.0,-1.8691570737231822
2015-04-17 00:00:00-05:00,13.970000267028809,15.020000457763672,13.729999542236328,13.890000343322754,0,0.0,0.0,10.238094625379324
2015-04-20 00:00:00-05:00,13.670000076293945,13.670000076293945,12.829999923706055,13.300000190734863,0,0.0,0.0,-4.247661180739404
2015-04-21 00:00:00-05:00,12.75,13.510000228881836,12.65999984741211,13.25,0,0.0,0.0,-0.37594127832941693
2015-04-22 00:00:00-05:00,12.970000267028809,13.800000190734863,12.569999694824219,12.710000038146973,0,0.0,0.0,-4.075471410211529
2015-04-23 00:00:00-05:00,12.960000038146973,12.960000038146973,12.119999885559082,12.479999542236328,0,0.0,0.0,-1.8096026374534668
2015-04-24 00:00:00-05:00,12.210000038146973,13.020000457763672,12.15999984741211,12.289999961853027,0,0.0,0.0,-1.5224325909650949
2015-04-27 00:00:00-05:00,12.34000015258789,13.399999618530273,12.329999923706055,13.119999885559082,0,0.0,0.0,6.753457496194426
2015-04-28 00:00:00-05:00,13.260000228881836,14.229999542236328,12.40999984741211,12.40999984741211,0,0.0,0.0,-5.411585703811284
2015-04-29 00:00:00-05:00,13.4399995803833,14.34000015258789,12.609999656677246,13.390000343322754,0,0.0,0.0,7.896861466239313
2015-04-30 00:00:00-05:00,13.890000343322754,15.289999961853027,12.489999771118164,14.550000190734863,0,0.0,0.0,8.663180117023451
2015-05-01 00:00:00-05:00,13.979999542236328,13.979999542236328,12.680000305175781,12.699999809265137,0,0.0,0.0,-12.714779087410378
2015-05-04 00:00:00-05:00,13.119999885559082,13.180000305175781,12.100000381469727,12.850000381469727,0,0.0,0.0,1.1811068854911122
2015-05-05 00:00:00-05:00,13.210000038146973,14.40999984741211,12.970000267028809,14.3100004196167,0,0.0,0.0,11.361867663851255
2015-05-06 00:00:00-05:00,13.930000305175781,16.360000610351562,13.890000343322754,15.149999618530273,0,0.0,0.0,5.870015194144029
2015-05-07 00:00:00-05:00,15.479999542236328,15.970000267028809,14.8100004196167,15.130000114440918,0,0.0,0.0,-0.13200993130648708
2015-05-08 00:00:00-05:00,13.359999656677246,13.420000076293945,12.699999809265137,12.859999656677246,0,0.0,0.0,-15.003307604717442
2015-05-11 00:00:00-05:00,13.350000381469727,13.850000381469727,13.0,13.850000381469727,0,0.0,0.0,7.6982951105946995
2015-05-12 00:00:00-05:00,14.729999542236328,15.130000114440918,13.729999542236328,13.859999656677246,0,0.0,0.0,0.07219693091775614
2015-05-13 00:00:00-05:00,13.630000114440918,14.039999961853027,13.0600004196167,13.760000228881836,0,0.0,0.0,-0.7214966109124976
2015-05-14 00:00:00-05:00,13.140000343322754,13.289999961853027,12.720000267028809,12.739999771118164,0,0.0,0.0,-7.412793901141956
2015-05-15 00:00:00-05:00,12.460000038146973,13.09000015258789,12.350000381469727,12.380000114440918,0,0.0,0.0,-2.825743038813644
2015-05-18 00:00:00-05:00,13.079999923706055,13.220000267028809,12.550000190734863,12.729999542236328,0,0.0,0.0,2.8271359011309283
2015-05-19 00:00:00-05:00,12.949999809265137,13.130000114440918,12.550000190734863,12.850000381469727,0,0.0,0.0,0.9426617717876118
2015-05-20 00:00:00-05:00,12.899999618530273,13.270000457763672,12.619999885559082,12.880000114440918,0,0.0,0.0,0.2334609500436402
2015-05-21 00:00:00-05:00,13.029999732971191,13.09000015258789,12.09000015258789,12.109999656677246,0,0.0,0.0,-5.978264370513131
2015-05-22 00:00:00-05:00,12.369999885559082,12.369999885559082,11.819999694824219,12.130000114440918,0,0.0,0.0,0.16515655103792604
2015-05-26 00:00:00-05:00,13.449999809265137,14.630000114440918,13.34000015258789,14.0600004196167,0,0.0,0.0,15.910966916464343
2015-05-27 00:00:00-05:00,14.15999984741211,14.40999984741211,13.050000190734863,13.270000457763672,0,0.0,0.0,-5.618776232401879
2015-05-28 00:00:00-05:00,13.489999771118164,13.989999771118164,13.3100004196167,13.3100004196167,0,0.0,0.0,0.30143150318902023
2015-05-29 00:00:00-05:00,13.59000015258789,14.430000305175781,13.399999618530273,13.84000015258789,0,0.0,0.0,3.98196631301424
2015-06-01 00:00:00-05:00,13.920000076293945,14.859999656677246,13.470000267028809,13.970000267028809,0,0.0,0.0,0.9393071749107529
2015-06-02 00:00:00-05:00,14.720000267028809,15.050000190734863,13.59000015258789,14.239999771118164,0,0.0,0.0,1.9327093695666653
2015-06-03 00:00:00-05:00,13.729999542236328,14.199999809265137,13.399999618530273,13.65999984741211,0,0.0,0.0,-4.073033237559609
2015-06-04 00:00:00-05:00,14.569999694824219,15.489999771118164,13.989999771118164,14.710000038146973,0,0.0,0.0,7.686677909691086
2015-06-05 00:00:00-05:00,15.010000228881836,15.649999618530273,14.210000038146973,14.210000038146973,0,0.0,0.0,-3.399048257670745
2015-06-08 00:00:00-05:00,14.84000015258789,15.5,14.670000076293945,15.289999961853027,0,0.0,0.0,7.600280934600834
2015-06-09 00:00:00-05:00,15.180000305175781,15.739999771118164,14.470000267028809,14.470000267028809,0,0.0,0.0,-5.362980358862224
2015-06-10 00:00:00-05:00,14.239999771118164,14.369999885559082,12.960000038146973,13.220000267028809,0,0.0,0.0,-8.638562383777126
2015-06-11 00:00:00-05:00,13.039999961853027,13.220000267028809,12.5600004196167,12.850000381469727,0,0.0,0.0,-2.7987887903593744
2015-06-12 00:00:00-05:00,13.3100004196167,14.020000457763672,13.300000190734863,13.779999732971191,0,0.0,0.0,7.237348824071366
2015-06-15 00:00:00-05:00,15.479999542236328,15.569999694824219,14.90999984741211,15.390000343322754,0,0.0,0.0,11.683604075109955
2015-06-16 00:00:00-05:00,15.619999885559082,15.619999885559082,14.8100004196167,14.8100004196167,0,0.0,0.0,-3.768680381853917
2015-06-17 00:00:00-05:00,14.65999984741211,15.489999771118164,14.069999694824219,14.5,0,0.0,0.0,-2.0931830576188637
2015-06-18 00:00:00-05:00,14.029999732971191,14.029999732971191,12.539999961853027,13.1899995803833,0,0.0,0.0,-9.034485652528957
2015-06-19 00:00:00-05:00,13.350000381469727,14.0,12.960000038146973,13.960000038146973,0,0.0,0.0,5.837759531917253
2015-06-22 00:00:00-05:00,13.420000076293945,13.460000038146973,12.430000305175781,12.739999771118164,0,0.0,0.0,-8.739256903259651
2015-06-23 00:00:00-05:00,12.5,12.680000305175781,11.930000305175781,12.109999656677246,0,0.0,0.0,-4.945055932176235
2015-06-24 00:00:00-05:00,12.569999694824219,13.329999923706055,12.010000228881836,13.260000228881836,0,0.0,0.0,9.49628905703972
2015-06-25 00:00:00-05:00,12.960000038146973,14.15999984741211,12.920000076293945,14.010000228881836,0,0.0,0.0,5.656108499654566
2015-06-26 00:00:00-05:00,14.130000114440918,14.90999984741211,13.640000343322754,14.020000457763672,0,0.0,0.0,0.07137921997475427
2015-06-29 00:00:00-05:00,16.700000762939453,19.5,15.819999694824219,18.850000381469727,0,0.0,0.0,34.450782924414305
2015-06-30 00:00:00-05:00,17.600000381469727,19.799999237060547,17.489999771118164,18.229999542236328,0,0.0,0.0,-3.289129054039086
2015-07-01 00:00:00-05:00,16.6299991607666,17.260000228881836,15.649999618530273,16.09000015258789,0,0.0,0.0,-11.738888883076282
2015-07-02 00:00:00-05:00,15.430000305175781,17.479999542236328,15.390000343322754,16.790000915527344,0,0.0,0.0,4.350532978875488
2015-07-06 00:00:00-05:00,18.649999618530273,18.950000762939453,16.56999969482422,17.010000228881836,0,0.0,0.0,1.3102995911753457
2015-07-07 00:00:00-05:00,17.219999313354492,19.200000762939453,15.930000305175781,16.09000015258789,0,0.0,0.0,-5.408583562108637
2015-07-08 00:00:00-05:00,17.3799991607666,19.760000228881836,16.940000534057617,19.65999984741211,0,0.0,0.0,22.18769211291789
2015-07-09 00:00:00-05:00,17.459999084472656,20.049999237060547,17.200000762939453,19.969999313354492,0,0.0,0.0,1.576802992616444
2015-07-10 00:00:00-05:00,17.450000762939453,18.170000076293945,16.600000381469727,16.829999923706055,0,0.0,0.0,-15.723582862362107
2015-07-13 00:00:00-05:00,15.289999961853027,15.359999656677246,13.819999694824219,13.899999618530273,0,0.0,0.0,-17.40938988982823
2015-07-14 00:00:00-05:00,13.90999984741211,13.949999809265137,12.899999618530273,13.369999885559082,0,0.0,0.0,-3.812947823859225
2015-07-15 00:00:00-05:00,13.350000381469727,13.970000267028809,12.8100004196167,13.229999542236328,0,0.0,0.0,-1.0471229956700912
2015-07-16 00:00:00-05:00,12.59000015258789,12.609999656677246,11.869999885559082,12.109999656677246,0,0.0,0.0,-8.465607893511407
2015-07-17 00:00:00-05:00,11.770000457763672,12.220000267028809,11.770000457763672,11.949999809265137,0,0.0,0.0,-1.3212209079121462
2015-07-20 00:00:00-05:00,12.25,12.369999885559082,11.710000038146973,12.25,0,0.0,0.0,2.5104618872233475
2015-07-21 00:00:00-05:00,12.420000076293945,12.789999961853027,12.210000038146973,12.220000267028809,0,0.0,0.0,-0.24489577935666862
2015-07-22 00:00:00-05:00,12.770000457763672,12.829999923706055,12.050000190734863,12.119999885559082,0,0.0,0.0,-0.8183337093661147
2015-07-23 00:00:00-05:00,12.0600004196167,13.079999923706055,11.729999542236328,12.640000343322754,0,0.0,0.0,4.290432860343918
2015-07-24 00:00:00-05:00,12.869999885559082,14.729999542236328,12.859999656677246,13.739999771118164,0,0.0,0.0,8.70252688225992
2015-07-27 00:00:00-05:00,15.600000381469727,16.270000457763672,15.029999732971191,15.600000381469727,0,0.0,0.0,13.537122571583527
2015-07-28 00:00:00-05:00,14.869999885559082,15.619999885559082,13.319999694824219,13.4399995803833,0,0.0,0.0,-13.846158642740525
2015-07-29 00:00:00-05:00,13.569999694824219,13.59000015258789,11.850000381469727,12.5,0,0.0,0.0,-6.994044715263992
2015-07-30 00:00:00-05:00,12.720000267028809,13.420000076293945,12.09000015258789,12.130000114440918,0,0.0,0.0,-2.959999084472653
2015-07-31 00:00:00-05:00,12.029999732971191,12.630000114440918,11.819999694824219,12.119999885559082,0,0.0,0.0,-0.08244211696197823
2015-08-03 00:00:00-05:00,12.850000381469727,13.550000190734863,12.319999694824219,12.5600004196167,0,0.0,0.0,3.630367476998697
2015-08-04 00:00:00-05:00,12.65999984741211,13.220000267028809,12.289999961853027,13.0,0,0.0,0.0,3.5031812554408237
2015-08-05 00:00:00-05:00,12.020000457763672,12.720000267028809,10.880000114440918,12.510000228881836,0,0.0,0.0,-3.7692290086012603
2015-08-06 00:00:00-05:00,12.199999809265137,14.25,12.15999984741211,13.770000457763672,0,0.0,0.0,10.071944091358787
2015-08-07 00:00:00-05:00,13.569999694824219,14.579999923706055,13.289999961853027,13.390000343322754,0,0.0,0.0,-2.7596231068145682
2015-08-10 00:00:00-05:00,12.729999542236328,12.779999732971191,12.180000305175781,12.229999542236328,0,0.0,0.0,-8.663187239310922
2015-08-11 00:00:00-05:00,13.239999771118164,14.329999923706055,13.020000457763672,13.710000038146973,0,0.0,0.0,12.101394532350218
2015-08-12 00:00:00-05:00,15.1899995803833,16.280000686645508,13.449999809265137,13.609999656677246,0,0.0,0.0,-0.7293973828700451
2015-08-13 00:00:00-05:00,13.869999885559082,14.329999923706055,13.0600004196167,13.489999771118164,0,0.0,0.0,-0.8817038103319019
2015-08-14 00:00:00-05:00,13.6899995803833,13.869999885559082,12.800000190734863,12.829999923706055,0,0.0,0.0,-4.892511924463905
2015-08-17 00:00:00-05:00,14.319999694824219,14.520000457763672,13.010000228881836,13.020000457763672,0,0.0,0.0,1.4809083023184844
2015-08-18 00:00:00-05:00,13.40999984741211,13.9399995803833,13.170000076293945,13.789999961853027,0,0.0,0.0,5.913974477859663
2015-08-19 00:00:00-05:00,14.84000015258789,15.960000038146973,13.729999542236328,15.25,0,0.0,0.0,10.587382466901651
2015-08-20 00:00:00-05:00,16.549999237060547,19.239999771118164,16.1299991607666,19.139999389648438,0,0.0,0.0,25.50819271900615
2015-08-21 00:00:00-05:00,22.549999237060547,28.3799991607666,20.799999237060547,28.030000686645508,0,0.0,0.0,46.44723918750533
2015-08-24 00:00:00-05:00,28.030000686645508,53.290000915527344,28.030000686645508,40.7400016784668,0,0.0,0.0,45.344276419788976
2015-08-25 00:00:00-05:00,31.1299991607666,38.060001373291016,28.079999923706055,36.02000045776367,0,0.0,0.0,-11.585667712914926
2015-08-26 00:00:00-05:00,31.1299991607666,35.619998931884766,28.670000076293945,30.31999969482422,0,0.0,0.0,-15.824543838146699
2015-08-27 00:00:00-05:00,27.110000610351562,29.899999618530273,24.489999771118164,26.100000381469727,0,0.0,0.0,-13.918203680176378
2015-08-28 00:00:00-05:00,26.690000534057617,29.200000762939453,25.770000457763672,26.049999237060547,0,0.0,0.0,-0.19157526313554607
2015-08-31 00:00:00-05:00,27.030000686645508,29.3700008392334,26.6299991607666,28.43000030517578,0,0.0,0.0,9.136280759383975
2015-09-01 00:00:00-05:00,31.90999984741211,33.81999969482422,29.90999984741211,31.399999618530273,0,0.0,0.0,10.446708693189134
2015-09-02 00:00:00-05:00,29.139999389648438,30.450000762939453,24.770000457763672,26.09000015258789,0,0.0,0.0,-16.91082653010212
2015-09-03 00:00:00-05:00,25.209999084472656,26.309999465942383,23.450000762939453,25.610000610351562,0,0.0,0.0,-1.839783593058797
2015-09-04 00:00:00-05:00,27.43000030517578,29.469999313354492,25.68000030517578,27.799999237060547,0,0.0,0.0,8.55134156390369
2015-09-08 00:00:00-05:00,25.049999237060547,26.25,24.1299991607666,24.899999618530273,0,0.0,0.0,-10.431653590350631
2015-09-09 00:00:00-05:00,22.389999389648438,26.81999969482422,21.510000228881836,26.229999542236328,0,0.0,0.0,5.341365237276086
2015-09-10 00:00:00-05:00,26.8700008392334,27.219999313354492,23.530000686645508,24.3700008392334,0,0.0,0.0,-7.091112220600326
2015-09-11 00:00:00-05:00,25.3799991607666,25.809999465942383,23.149999618530273,23.200000762939453,0,0.0,0.0,-4.800984965131205
2015-09-14 00:00:00-05:00,24.030000686645508,25.31999969482422,23.639999389648438,24.25,0,0.0,0.0,4.525858631599067
2015-09-15 00:00:00-05:00,23.280000686645508,23.770000457763672,22.1299991607666,22.540000915527344,0,0.0,0.0,-7.05154261638209
2015-09-16 00:00:00-05:00,22.56999969482422,22.940000534057617,21.09000015258789,21.350000381469727,0,0.0,0.0,-5.279505260524853
2015-09-17 00:00:00-05:00,21.540000915527344,23.329999923706055,17.8700008392334,21.139999389648438,0,0.0,0.0,-0.983611185335409
2015-09-18 00:00:00-05:00,23.06999969482422,23.989999771118164,20.979999542236328,22.280000686645508,0,0.0,0.0,5.392626915378673
2015-09-21 00:00:00-05:00,21.969999313354492,22.479999542236328,20.049999237060547,20.139999389648438,0,0.0,0.0,-9.605032455316632
2015-09-22 00:00:00-05:00,22.969999313354492,26.290000915527344,22.25,22.440000534057617,0,0.0,0.0,11.420065611279684
2015-09-23 00:00:00-05:00,22.09000015258789,23.200000762939453,21.139999389648438,22.1299991607666,0,0.0,0.0,-1.381467762536459
2015-09-24 00:00:00-05:00,23.530000686645508,25.299999237060547,21.809999465942383,23.469999313354492,0,0.0,0.0,6.055129703590434
2015-09-25 00:00:00-05:00,21.1200008392334,24.290000915527344,20.809999465942383,23.6200008392334,0,0.0,0.0,0.6391202823493591
2015-09-28 00:00:00-05:00,25.020000457763672,28.329999923706055,24.940000534057617,27.6299991607666,0,0.0,0.0,16.977130309294907
2015-09-29 00:00:00-05:00,26.56999969482422,28.200000762939453,25.760000228881836,26.829999923706055,0,0.0,0.0,-2.895400873542231
2015-09-30 00:00:00-05:00,24.639999389648438,25.8799991607666,23.25,24.5,0,0.0,0.0,-8.684308350099357
2015-10-01 00:00:00-05:00,23.139999389648438,25.229999542236328,22.549999237060547,22.549999237060547,0,0.0,0.0,-7.959186787507977
2015-10-02 00:00:00-05:00,23.989999771118164,24.469999313354492,20.350000381469727,20.940000534057617,0,0.0,0.0,-7.139684068622598
2015-10-05 00:00:00-05:00,20.309999465942383,20.420000076293945,19.139999389648438,19.540000915527344,0,0.0,0.0,-6.685766871176824
2015-10-06 00:00:00-05:00,19.540000915527344,20.31999969482422,18.81999969482422,19.399999618530273,0,0.0,0.0,-0.7164856214813109
2015-10-07 00:00:00-05:00,18.959999084472656,19.729999542236328,18.329999923706055,18.399999618530273,0,0.0,0.0,-5.154639276615402
2015-10-08 00:00:00-05:00,18.6200008392334,19.020000457763672,16.34000015258789,17.420000076293945,0,0.0,0.0,-5.326084579096346
2015-10-09 00:00:00-05:00,17.149999618530273,18.200000762939453,16.889999389648438,17.079999923706055,0,0.0,0.0,-1.9517804311067755
2015-10-12 00:00:00-05:00,17.68000030517578,17.809999465942383,16.149999618530273,16.170000076293945,0,0.0,0.0,-5.327867982886126
2015-10-13 00:00:00-05:00,17.079999923706055,17.700000762939453,16.139999389648438,17.670000076293945,0,0.0,0.0,9.276437804097949
2015-10-14 00:00:00-05:00,17.670000076293945,18.780000686645508,17.299999237060547,18.030000686645508,0,0.0,0.0,2.037354888495657
2015-10-15 00:00:00-05:00,17.6200008392334,17.850000381469727,16.040000915527344,16.049999237060547,0,0.0,0.0,-10.981704793009307
2015-10-16 00:00:00-05:00,15.640000343322754,16.860000610351562,15.050000190734863,15.050000190734863,0,0.0,0.0,-6.230523949288525
2015-10-19 00:00:00-05:00,15.680000305175781,16.229999542236328,14.819999694824219,14.979999542236328,0,0.0,0.0,-0.4651205821354698
2015-10-20 00:00:00-05:00,15.170000076293945,16.34000015258789,14.720000267028809,15.75,0,0.0,0.0,5.140190128795696
2015-10-21 00:00:00-05:00,14.979999542236328,16.700000762939453,14.40999984741211,16.700000762939453,0,0.0,0.0,6.031750875806052
2015-10-22 00:00:00-05:00,15.020000457763672,15.920000076293945,14.449999809265137,14.449999809265137,0,0.0,0.0,-13.473058987323562
2015-10-23 00:00:00-05:00,13.460000038146973,15.119999885559082,13.239999771118164,14.460000038146973,0,0.0,0.0,0.06920573711997058
2015-10-26 00:00:00-05:00,14.760000228881836,15.430000305175781,14.680000305175781,15.289999961853027,0,0.0,0.0,5.739971794719434
2015-10-27 00:00:00-05:00,15.75,15.989999771118164,14.779999732971191,15.430000305175781,0,0.0,0.0,0.9156333791500382
2015-10-28 00:00:00-05:00,15.140000343322754,15.729999542236328,12.800000190734863,14.329999923706055,0,0.0,0.0,-7.128971871120093
2015-10-29 00:00:00-05:00,14.800000190734863,15.460000038146973,14.329999923706055,14.609999656677246,0,0.0,0.0,1.9539409243679584
2015-10-30 00:00:00-05:00,14.600000381469727,15.390000343322754,14.0,15.069999694824219,0,0.0,0.0,3.1485287402915008
2015-11-02 00:00:00-06:00,15.40999984741211,15.510000228881836,13.670000076293945,14.149999618530273,0,0.0,0.0,-6.104844690938638
2015-11-03 00:00:00-06:00,14.329999923706055,14.729999542236328,13.8100004196167,14.539999961853027,0,0.0,0.0,2.756186246196246
2015-11-04 00:00:00-06:00,14.039999961853027,15.880000114440918,13.960000038146973,15.510000228881836,0,0.0,0.0,6.671253573409142
2015-11-05 00:00:00-06:00,15.390000343322754,16.389999389648438,15.0,15.050000190734863,0,0.0,0.0,-2.965828699927331
2015-11-06 00:00:00-06:00,14.90999984741211,16.0,14.319999694824219,14.329999923706055,0,0.0,0.0,-4.784054869793675
2015-11-09 00:00:00-06:00,15.34000015258789,17.09000015258789,15.140000343322754,16.520000457763672,0,0.0,0.0,15.28262767423123
2015-11-10 00:00:00-06:00,16.690000534057617,16.959999084472656,15.239999771118164,15.289999961853027,0,0.0,0.0,-7.445523376681251
2015-11-11 00:00:00-06:00,15.069999694824219,16.149999618530273,15.020000457763672,16.059999465942383,0,0.0,0.0,5.035967992219903
2015-11-12 00:00:00-06:00,17.059999465942383,18.5,16.649999618530273,18.3700008392334,0,0.0,0.0,14.383570673148016
2015-11-13 00:00:00-06:00,18.68000030517578,20.670000076293945,18.200000762939453,20.079999923706055,0,0.0,0.0,9.308650007356324
2015-11-16 00:00:00-06:00,20.510000228881836,20.549999237060547,17.25,18.15999984741211,0,0.0,0.0,-9.561753404327611
2015-11-17 00:00:00-06:00,17.81999969482422,19.59000015258789,16.860000610351562,18.84000015258789,0,0.0,0.0,3.744495104016665
2015-11-18 00:00:00-06:00,19.010000228881836,19.450000762939453,16.799999237060547,16.850000381469727,0,0.0,0.0,-10.562631395970634
2015-11-19 00:00:00-06:00,16.25,18.260000228881836,16.0,16.989999771118164,0,0.0,0.0,0.8308568930502691
2015-11-20 00:00:00-06:00,16.1299991607666,16.3799991607666,15.470000267028809,15.470000267028809,0,0.0,0.0,-8.946436283496894
2015-11-23 00:00:00-06:00,16.149999618530273,16.739999771118164,15.380000114440918,15.619999885559082,0,0.0,0.0,0.969616134073159
2015-11-24 00:00:00-06:00,16.530000686645508,17.209999084472656,15.479999542236328,15.930000305175781,0,0.0,0.0,1.9846377841737262
2015-11-25 00:00:00-06:00,15.550000190734863,15.890000343322754,15.050000190734863,15.1899995803833,0,0.0,0.0,-4.645327750257788
2015-11-27 00:00:00-06:00,15.3100004196167,16.09000015258789,15.119999885559082,15.119999885559082,0,0.0,0.0,-0.4608274967605519
2015-11-30 00:00:00-06:00,15.550000190734863,16.56999969482422,15.520000457763672,16.1299991607666,0,0.0,0.0,6.67988943685216
2015-12-01 00:00:00-06:00,15.609999656677246,16.34000015258789,14.630000114440918,14.670000076293945,0,0.0,0.0,-9.051451707597414
2015-12-02 00:00:00-06:00,15.039999961853027,16.489999771118164,14.710000038146973,15.90999984741211,0,0.0,0.0,8.452622799381903
2015-12-03 00:00:00-06:00,15.869999885559082,19.350000381469727,15.859999656677246,18.110000610351562,0,0.0,0.0,13.827786197605164
2015-12-04 00:00:00-06:00,17.43000030517578,17.649999618530273,14.6899995803833,14.8100004196167,0,0.0,0.0,-18.221977247469578
2015-12-07 00:00:00-06:00,15.649999618530273,17.18000030517578,15.579999923706055,15.84000015258789,0,0.0,0.0,6.954758297014618
2015-12-08 00:00:00-06:00,17.690000534057617,18.329999923706055,16.520000457763672,17.600000381469727,0,0.0,0.0,11.111112449038018
2015-12-09 00:00:00-06:00,18.049999237060547,20.1299991607666,15.720000267028809,19.610000610351562,0,0.0,0.0,11.420455598387825
2015-12-10 00:00:00-06:00,19.25,19.719999313354492,18.1299991607666,19.34000015258789,0,0.0,0.0,-1.376850838144017
2015-12-11 00:00:00-06:00,21.360000610351562,25.270000457763672,20.8799991607666,24.389999389648438,0,0.0,0.0,26.11168147475327
2015-12-14 00:00:00-06:00,24.700000762939453,26.809999465942383,21.469999313354492,22.729999542236328,0,0.0,0.0,-6.806067605383559
2015-12-15 00:00:00-06:00,20.760000228881836,21.6200008392334,20.020000457763672,20.950000762939453,0,0.0,0.0,-7.831055060029035
2015-12-16 00:00:00-06:00,19.25,20.239999771118164,17.1200008392334,17.860000610351562,0,0.0,0.0,-14.749403532500583
2015-12-17 00:00:00-06:00,16.18000030517578,19.049999237060547,16.1299991607666,18.940000534057617,0,0.0,0.0,6.047031840973682
2015-12-18 00:00:00-06:00,19.34000015258789,23.299999237060547,18.75,20.700000762939453,0,0.0,0.0,9.292503586349055
2015-12-21 00:00:00-06:00,19.639999389648438,20.209999084472656,18.700000762939453,18.700000762939453,0,0.0,0.0,-9.661835392686214
2015-12-22 00:00:00-06:00,17.610000610351562,18.219999313354492,16.600000381469727,16.600000381469727,0,0.0,0.0,-11.229948105839693
2015-12-23 00:00:00-06:00,15.859999656677246,16.25,15.329999923706055,15.569999694824219,0,0.0,0.0,-6.2048232709396745
2015-12-24 00:00:00-06:00,15.4399995803833,15.880000114440918,14.449999809265137,15.739999771118164,0,0.0,0.0,1.0918437997815555
2015-12-28 00:00:00-06:00,17.649999618530273,18.1299991607666,16.8799991607666,16.90999984741211,0,0.0,0.0,7.433291571203293
2015-12-29 00:00:00-06:00,15.90999984741211,16.479999542236328,15.630000114440918,16.079999923706055,0,0.0,0.0,-4.9083378544978356
2015-12-30 00:00:00-06:00,16.5,17.420000076293945,16.5,17.290000915527344,0,0.0,0.0,7.524881825636309
2015-12-31 00:00:00-06:00,17.969999313354492,20.389999389648438,17.510000228881836,18.209999084472656,0,0.0,0.0,5.320983922673506
2016-01-04 00:00:00-06:00,22.479999542236328,23.360000610351562,20.670000076293945,20.700000762939453,0,0.0,0.0,13.673815506064347
2016-01-05 00:00:00-06:00,20.75,21.059999465942383,19.25,19.34000015258789,0,0.0,0.0,-6.570051015584788
2016-01-06 00:00:00-06:00,21.670000076293945,21.860000610351562,19.799999237060547,20.59000015258789,0,0.0,0.0,6.463288470205808
2016-01-07 00:00:00-06:00,23.219999313354492,25.860000610351562,22.399999618530273,24.989999771118164,0,0.0,0.0,21.369594880635546
2016-01-08 00:00:00-06:00,22.959999084472656,27.079999923706055,22.479999542236328,27.010000228881836,0,0.0,0.0,8.08323519913856
2016-01-11 00:00:00-06:00,25.579999923706055,27.389999389648438,23.829999923706055,24.299999237060547,0,0.0,0.0,-10.03332457925521
2016-01-12 00:00:00-06:00,22.969999313354492,23.93000030517578,21.90999984741211,22.469999313354492,0,0.0,0.0,-7.530864120008185
2016-01-13 00:00:00-06:00,21.719999313354492,26.110000610351562,21.440000534057617,25.219999313354492,0,0.0,0.0,12.238540649912721
2016-01-14 00:00:00-06:00,24.75,26.280000686645508,23.06999969482422,23.950000762939453,0,0.0,0.0,-5.035680352864047
2016-01-15 00:00:00-06:00,28.959999084472656,30.950000762939453,26.670000076293945,27.020000457763672,0,0.0,0.0,12.818369924959573
2016-01-19 00:00:00-06:00,25.399999618530273,27.59000015258789,25.209999084472656,26.049999237060547,0,0.0,0.0,-3.5899378396361703
2016-01-20 00:00:00-06:00,27.780000686645508,32.09000015258789,26.59000015258789,27.59000015258789,0,0.0,0.0,5.911711940998576
2016-01-21 00:00:00-06:00,27.790000915527344,28.43000030517578,25.010000228881836,26.690000534057617,0,0.0,0.0,-3.262050067244582
2016-01-22 00:00:00-06:00,24.209999084472656,24.549999237060547,22.219999313354492,22.34000015258789,0,0.0,0.0,-16.298240143978017
2016-01-25 00:00:00-06:00,23.299999237060547,24.309999465942383,22.3799991607666,24.149999618530273,0,0.0,0.0,8.102056640911481
2016-01-26 00:00:00-06:00,23.75,24.020000457763672,22.329999923706055,22.5,0,0.0,0.0,-6.832296664983096
2016-01-27 00:00:00-06:00,22.8799991607666,27.219999313354492,20.420000076293945,23.110000610351562,0,0.0,0.0,2.7111138237847276
2016-01-28 00:00:00-06:00,22.149999618530273,23.809999465942383,21.899999618530273,22.420000076293945,0,0.0,0.0,-2.9857226994124297
2016-01-29 00:00:00-06:00,21.59000015258789,21.739999771118164,19.5,20.200000762939453,0,0.0,0.0,-9.901870231043553
2016-02-01 00:00:00-06:00,21.31999969482422,23.65999984741211,19.610000610351562,19.979999542236328,0,0.0,0.0,-1.0891149128407829
2016-02-02 00:00:00-06:00,21.34000015258789,22.420000076293945,21.059999465942383,21.979999542236328,0,0.0,0.0,10.010010239350308
2016-02-03 00:00:00-06:00,21.489999771118164,27.700000762939453,21.420000076293945,21.649999618530273,0,0.0,0.0,-1.5013645613228266
2016-02-04 00:00:00-06:00,22.290000915527344,23.139999389648438,21.239999771118164,21.84000015258789,0,0.0,0.0,0.8776006346669751
2016-02-05 00:00:00-06:00,22.09000015258789,24.110000610351562,21.90999984741211,23.3799991607666,0,0.0,0.0,7.051277460711147
2016-02-08 00:00:00-06:00,25.889999389648438,27.719999313354492,25.559999465942383,26.0,0,0.0,0.0,11.206163102135424
2016-02-09 00:00:00-06:00,28.299999237060547,28.309999465942383,25.989999771118164,26.540000915527344,0,0.0,0.0,2.076926598182083
2016-02-10 00:00:00-06:00,25.75,26.600000381469727,24.469999313354492,26.290000915527344,0,0.0,0.0,-0.9419743458024432
2016-02-11 00:00:00-06:00,29.010000228881836,30.899999618530273,26.670000076293945,28.139999389648438,0,0.0,0.0,7.036890109153449
2016-02-12 00:00:00-06:00,27.15999984741211,27.56999969482422,24.920000076293945,25.399999618530273,0,0.0,0.0,-9.737028537840331
2016-02-16 00:00:00-06:00,24.959999084472656,25.520000457763672,23.31999969482422,24.110000610351562,0,0.0,0.0,-5.078736328947054
2016-02-17 00:00:00-06:00,23.399999618530273,24.15999984741211,21.829999923706055,22.309999465942383,0,0.0,0.0,-7.465786390881945
2016-02-18 00:00:00-06:00,22.15999984741211,22.530000686645508,21.290000915527344,21.639999389648438,0,0.0,0.0,-3.0031380203156988
2016-02-19 00:00:00-06:00,22.389999389648438,23.440000534057617,20.520000457763672,20.530000686645508,0,0.0,0.0,-5.129384169640505
2016-02-22 00:00:00-06:00,20.139999389648438,20.350000381469727,19.020000457763672,19.3799991607666,0,0.0,0.0,-5.601565939678544
2016-02-23 00:00:00-06:00,19.75,21.15999984741211,19.540000915527344,20.979999542236328,0,0.0,0.0,8.255936278412278
2016-02-24 00:00:00-06:00,22.280000686645508,22.8700008392334,20.260000228881836,20.719999313354492,0,0.0,0.0,-1.2392766184689874
2016-02-25 00:00:00-06:00,20.540000915527344,21.260000228881836,19.100000381469727,19.110000610351562,0,0.0,0.0,-7.7702642681327205
2016-02-26 00:00:00-06:00,18.889999389648438,20.1299991607666,18.459999084472656,19.809999465942383,0,0.0,0.0,3.6629975574759666
2016-02-29 00:00:00-06:00,20.489999771118164,20.809999465942383,18.3799991607666,20.549999237060547,0,0.0,0.0,3.7354860730328676
2016-03-01 00:00:00-06:00,19.84000015258789,20.170000076293945,17.65999984741211,17.700000762939453,0,0.0,0.0,-13.868606228370616
2016-03-02 00:00:00-06:00,17.979999542236328,18.40999984741211,16.780000686645508,17.09000015258789,0,0.0,0.0,-3.446330983379342
2016-03-03 00:00:00-06:00,17.25,17.559999465942383,16.31999969482422,16.700000762939453,0,0.0,0.0,-2.2820326867544316
2016-03-04 00:00:00-06:00,16.479999542236328,17.350000381469727,16.049999237060547,16.860000610351562,0,0.0,0.0,0.9580828748653625
2016-03-07 00:00:00-06:00,17.979999542236328,18.040000915527344,16.8700008392334,17.350000381469727,0,0.0,0.0,2.906285607233716
2016-03-08 00:00:00-06:00,18.3799991607666,18.889999389648438,17.81999969482422,18.670000076293945,0,0.0,0.0,7.608067238050409
2016-03-09 00:00:00-06:00,18.559999465942383,19.110000610351562,18.309999465942383,18.34000015258789,0,0.0,0.0,-1.7675410945770076
2016-03-10 00:00:00-06:00,18.170000076293945,19.59000015258789,17.059999465942383,18.049999237060547,0,0.0,0.0,-1.5812481631109598
2016-03-11 00:00:00-06:00,17.09000015258789,17.270000457763672,16.280000686645508,16.5,0,0.0,0.0,-8.587253753884172
2016-03-14 00:00:00-05:00,17.010000228881836,17.670000076293945,16.690000534057617,16.920000076293945,0,0.0,0.0,2.54545500784209
2016-03-15 00:00:00-05:00,17.600000381469727,17.850000381469727,16.84000015258789,16.84000015258789,0,0.0,0.0,-0.4728127857288822
2016-03-16 00:00:00-05:00,15.960000038146973,16.329999923706055,14.890000343322754,14.989999771118164,0,0.0,0.0,-10.985750384244664
2016-03-17 00:00:00-05:00,15.34000015258789,15.380000114440918,13.819999694824219,14.4399995803833,0,0.0,0.0,-3.6691140702655
2016-03-18 00:00:00-05:00,14.050000190734863,14.359999656677246,13.75,14.020000457763672,0,0.0,0.0,-2.9085812660977983
2016-03-21 00:00:00-05:00,14.569999694824219,14.729999542236328,13.789999961853027,13.789999961853027,0,0.0,0.0,-1.6405170356701415
2016-03-22 00:00:00-05:00,14.569999694824219,14.760000228881836,13.75,14.170000076293945,0,0.0,0.0,2.755620852009466
2016-03-23 00:00:00-05:00,14.569999694824219,15.029999732971191,14.329999923706055,14.9399995803833,0,0.0,0.0,5.434011996778643
2016-03-24 00:00:00-05:00,16.299999237060547,16.440000534057617,14.710000038146973,14.739999771118164,0,0.0,0.0,-1.33868684660301
2016-03-28 00:00:00-05:00,15.649999618530273,16.040000915527344,14.890000343322754,15.239999771118164,0,0.0,0.0,3.3921303104746947
2016-03-29 00:00:00-05:00,15.739999771118164,15.890000343322754,13.789999961853027,13.819999694824219,0,0.0,0.0,-9.317585942389805
2016-03-30 00:00:00-05:00,13.6899995803833,13.890000343322754,13.0600004196167,13.5600004196167,0,0.0,0.0,-1.8813262007877807
2016-03-31 00:00:00-05:00,13.729999542236328,14.279999732971191,13.489999771118164,13.949999809265137,0,0.0,0.0,2.8761016045710575
2016-04-01 00:00:00-05:00,15.229999542236328,15.279999732971191,13.0,13.100000381469727,0,0.0,0.0,-6.093185945643298
2016-04-04 00:00:00-05:00,13.880000114440918,14.239999771118164,13.65999984741211,14.119999885559082,0,0.0,0.0,7.786255529672892
2016-04-05 00:00:00-05:00,15.390000343322754,15.720000267028809,14.930000305175781,15.420000076293945,0,0.0,0.0,9.206800292289019
2016-04-06 00:00:00-05:00,15.609999656677246,15.979999542236328,14.0,14.09000015258789,0,0.0,0.0,-8.625161589660046
2016-04-07 00:00:00-05:00,15.140000343322754,16.770000457763672,14.680000305175781,16.15999984741211,0,0.0,0.0,14.691268079539554
2016-04-08 00:00:00-05:00,15.34000015258789,15.930000305175781,14.84000015258789,15.359999656677246,0,0.0,0.0,-4.950496276539118
2016-04-11 00:00:00-05:00,15.34000015258789,16.260000228881836,14.829999923706055,16.260000228881836,0,0.0,0.0,5.859378856257624
2016-04-12 00:00:00-05:00,15.979999542236328,16.56999969482422,14.84000015258789,14.850000381469727,0,0.0,0.0,-8.671585655377767
2016-04-13 00:00:00-05:00,14.489999771118164,14.529999732971191,13.600000381469727,13.84000015258789,0,0.0,0.0,-6.801348167924248
2016-04-14 00:00:00-05:00,13.899999618530273,14.119999885559082,13.380000114440918,13.720000267028809,0,0.0,0.0,-0.8670511866767816
2016-04-15 00:00:00-05:00,13.770000457763672,14.1899995803833,13.579999923706055,13.619999885559082,0,0.0,0.0,-0.7288657399667997
2016-04-18 00:00:00-05:00,14.869999885559082,14.9399995803833,13.229999542236328,13.350000381469727,0,0.0,0.0,-1.9823752302349784
2016-04-19 00:00:00-05:00,13.180000305175781,13.880000114440918,12.979999542236328,13.239999771118164,0,0.0,0.0,-0.8239745858303338
2016-04-20 00:00:00-05:00,13.390000343322754,13.5,12.5,13.279999732971191,0,0.0,0.0,0.3021145207289466
2016-04-21 00:00:00-05:00,13.199999809265137,14.140000343322754,13.15999984741211,13.949999809265137,0,0.0,0.0,5.045181398840604
2016-04-22 00:00:00-05:00,13.699999809265137,14.1899995803833,13.149999618530273,13.220000267028809,0,0.0,0.0,-5.232971700483368
2016-04-25 00:00:00-05:00,14.069999694824219,14.760000228881836,13.859999656677246,14.079999923706055,0,0.0,0.0,6.505292279169761
2016-04-26 00:00:00-05:00,14.010000228881836,14.430000305175781,13.65999984741211,13.960000038146973,0,0.0,0.0,-0.8522719191002448
2016-04-27 00:00:00-05:00,14.149999618530273,14.949999809265137,13.5,13.770000457763672,0,0.0,0.0,-1.3610285090552288
2016-04-28 00:00:00-05:00,14.529999732971191,15.609999656677246,13.300000190734863,15.220000267028809,0,0.0,0.0,10.530136245911393
2016-04-29 00:00:00-05:00,15.210000038146973,17.09000015258789,14.90999984741211,15.699999809265137,0,0.0,0.0,3.1537420092965007
2016-05-02 00:00:00-05:00,16.329999923706055,16.5,14.479999542236328,14.680000305175781,0,0.0,0.0,-6.4968122068856164
2016-05-03 00:00:00-05:00,14.920000076293945,16.420000076293945,14.90999984741211,15.600000381469727,0,0.0,0.0,6.267030362183146
2016-05-04 00:00:00-05:00,15.470000267028809,16.850000381469727,15.390000343322754,16.049999237060547,0,0.0,0.0,2.8846079781212453
2016-05-05 00:00:00-05:00,15.539999961853027,16.450000762939453,15.220000267028809,15.90999984741211,0,0.0,0.0,-0.8722703819522226
2016-05-06 00:00:00-05:00,16.200000762939453,16.579999923706055,14.710000038146973,14.720000267028809,0,0.0,0.0,-7.479570030145943
2016-05-09 00:00:00-05:00,15.199999809265137,15.390000343322754,14.170000076293945,14.569999694824219,0,0.0,0.0,-1.0190256079042004
2016-05-10 00:00:00-05:00,13.979999542236328,14.350000381469727,13.550000190734863,13.630000114440918,0,0.0,0.0,-6.451610158353138
2016-05-11 00:00:00-05:00,13.920000076293945,14.6899995803833,13.289999961853027,14.6899995803833,0,0.0,0.0,7.776958598990169
2016-05-12 00:00:00-05:00,14.550000190734863,15.420000076293945,13.949999809265137,14.40999984741211,0,0.0,0.0,-1.9060567799137118
2016-05-13 00:00:00-05:00,15.149999618530273,15.470000267028809,13.970000267028809,15.039999961853027,0,0.0,0.0,4.3719647544205875
2016-05-16 00:00:00-05:00,15.720000267028809,15.979999542236328,14.279999732971191,14.680000305175781,0,0.0,0.0,-2.3936147446166123
2016-05-17 00:00:00-05:00,14.569999694824219,16.1200008392334,14.479999542236328,15.569999694824219,0,0.0,0.0,6.062666015985352
2016-05-18 00:00:00-05:00,15.720000267028809,16.469999313354492,14.859999656677246,15.949999809265137,0,0.0,0.0,2.4405916627425306
2016-05-19 00:00:00-05:00,16.3700008392334,17.649999618530273,16.280000686645508,16.329999923706055,0,0.0,0.0,2.3824458870537413
2016-05-20 00:00:00-05:00,16.1299991607666,16.299999237060547,15.109999656677246,15.199999809265137,0,0.0,0.0,-6.919780279977294
2016-05-23 00:00:00-05:00,16.329999923706055,16.469999313354492,15.399999618530273,15.819999694824219,0,0.0,0.0,4.0789466667043195
2016-05-24 00:00:00-05:00,16.030000686645508,16.059999465942383,14.359999656677246,14.420000076293945,0,0.0,0.0,-8.849555281523214
2016-05-25 00:00:00-05:00,14.1899995803833,14.329999923706055,13.640000343322754,13.899999618530273,0,0.0,0.0,-3.6061057906548677
2016-05-26 00:00:00-05:00,13.800000190734863,14.109999656677246,13.430000305175781,13.430000305175781,0,0.0,0.0,-3.3812901169287035
2016-05-27 00:00:00-05:00,13.489999771118164,13.760000228881836,13.039999961853027,13.119999885559082,0,0.0,0.0,-2.3082681502041957
2016-05-31 00:00:00-05:00,13.9399995803833,15.0,13.449999809265137,14.1899995803833,0,0.0,0.0,8.155485549980423
2016-06-01 00:00:00-05:00,14.449999809265137,15.25,14.180000305175781,14.199999809265137,0,0.0,0.0,0.07047377855924353
2016-06-02 00:00:00-05:00,14.420000076293945,14.920000076293945,13.619999885559082,13.630000114440918,0,0.0,0.0,-4.014082411834319
2016-06-03 00:00:00-05:00,13.779999732971191,14.65999984741211,12.899999618530273,13.470000267028809,0,0.0,0.0,-1.1738800151776196
2016-06-06 00:00:00-05:00,13.84000015258789,14.270000457763672,13.420000076293945,13.649999618530273,0,0.0,0.0,1.33629805444071
2016-06-07 00:00:00-05:00,12.770000457763672,14.050000190734863,12.720000267028809,14.050000190734863,0,0.0,0.0,2.930407204272578
2016-06-08 00:00:00-05:00,13.84000015258789,14.270000457763672,13.699999809265137,14.079999923706055,0,0.0,0.0,0.21352122821303166
2016-06-09 00:00:00-05:00,14.010000228881836,14.850000381469727,13.989999771118164,14.640000343322754,0,0.0,0.0,3.97727572905624
2016-06-10 00:00:00-05:00,14.890000343322754,17.329999923706055,14.850000381469727,17.030000686645508,0,0.0,0.0,16.325138574281684
2016-06-13 00:00:00-05:00,18.239999771118164,21.010000228881836,17.889999389648438,20.969999313354492,0,0.0,0.0,23.13563398619609
2016-06-14 00:00:00-05:00,21.280000686645508,22.15999984741211,20.270000457763672,20.5,0,0.0,0.0,-2.241293890053586
2016-06-15 00:00:00-05:00,20.25,20.450000762939453,18.6299991607666,20.139999389648438,0,0.0,0.0,-1.7561005383003092
2016-06-16 00:00:00-05:00,20.799999237060547,22.889999389648438,19.239999771118164,19.3700008392334,0,0.0,0.0,-3.823230256952259
2016-06-17 00:00:00-05:00,19.420000076293945,20.030000686645508,18.709999084472656,19.40999984741211,0,0.0,0.0,0.20649977514557438
2016-06-20 00:00:00-05:00,17.420000076293945,18.549999237060547,16.59000015258789,18.3700008392334,0,0.0,0.0,-5.358057786473247
2016-06-21 00:00:00-05:00,17.670000076293945,18.959999084472656,16.90999984741211,18.479999542236328,0,0.0,0.0,0.5987953074449548
2016-06-22 00:00:00-05:00,18.260000228881836,21.219999313354492,17.829999923706055,21.170000076293945,0,0.0,0.0,14.556280306769365
2016-06-23 00:00:00-05:00,19.540000915527344,19.790000915527344,17.25,17.25,0,0.0,0.0,-18.516769306408932
2016-06-24 00:00:00-05:00,26.059999465942383,26.239999771118164,19.479999542236328,25.760000228881836,0,0.0,0.0,49.33333466018455
2016-06-27 00:00:00-05:00,24.3799991607666,26.719999313354492,22.93000030517578,23.850000381469727,0,0.0,0.0,-7.414595615067732
2016-06-28 00:00:00-05:00,21.760000228881836,22.06999969482422,18.75,18.75,0,0.0,0.0,-21.383649056174335
2016-06-29 00:00:00-05:00,18.1200008392334,18.270000457763672,16.479999542236328,16.639999389648438,0,0.0,0.0,-11.253336588541663
2016-06-30 00:00:00-05:00,16.90999984741211,16.989999771118164,15.289999961853027,15.630000114440918,0,0.0,0.0,-6.0697074053730375
2016-07-01 00:00:00-05:00,15.59000015258789,15.859999656677246,14.609999656677246,14.770000457763672,0,0.0,0.0,-5.502237046579883
2016-07-05 00:00:00-05:00,16.049999237060547,16.6200008392334,15.489999771118164,15.579999923706055,0,0.0,0.0,5.484085584551335
2016-07-06 00:00:00-05:00,15.869999885559082,17.040000915527344,14.960000038146973,14.960000038146973,0,0.0,0.0,-3.9794601321897938
2016-07-07 00:00:00-05:00,14.800000190734863,15.979999542236328,14.329999923706055,14.760000228881836,0,0.0,0.0,-1.3368971173472688
2016-07-08 00:00:00-05:00,14.640000343322754,14.75,13.1899995803833,13.199999809265137,0,0.0,0.0,-10.569108370094371
2016-07-11 00:00:00-05:00,13.25,13.670000076293945,13.0,13.539999961853027,0,0.0,0.0,2.5757587689451578
2016-07-12 00:00:00-05:00,12.930000305175781,13.930000305175781,12.75,13.550000190734863,0,0.0,0.0,0.07385693434276419
2016-07-13 00:00:00-05:00,13.319999694824219,13.789999961853027,12.920000076293945,13.039999961853027,0,0.0,0.0,-3.7638392745600213
2016-07-14 00:00:00-05:00,12.5,13.369999885559082,12.140000343322754,12.819999694824219,0,0.0,0.0,-1.6871186171195762
2016-07-15 00:00:00-05:00,13.119999885559082,13.220000267028809,12.270000457763672,12.670000076293945,0,0.0,0.0,-1.170043854141689
2016-07-18 00:00:00-05:00,12.75,13.119999885559082,12.329999923706055,12.4399995803833,0,0.0,0.0,-1.8153156631860234
2016-07-19 00:00:00-05:00,12.529999732971191,12.829999923706055,11.9399995803833,11.970000267028809,0,0.0,0.0,-3.7781296560141064
2016-07-20 00:00:00-05:00,11.9399995803833,11.970000267028809,11.399999618530273,11.770000457763672,0,0.0,0.0,-1.6708421453927036
2016-07-21 00:00:00-05:00,11.800000190734863,13.0600004196167,11.6899995803833,12.739999771118164,0,0.0,0.0,8.241285264476495
2016-07-22 00:00:00-05:00,12.800000190734863,12.880000114440918,11.970000267028809,12.020000457763672,0,0.0,0.0,-5.651486077627299
2016-07-25 00:00:00-05:00,12.640000343322754,13.720000267028809,12.390000343322754,12.869999885559082,0,0.0,0.0,7.071542391218455
2016-07-26 00:00:00-05:00,12.880000114440918,13.5,12.800000190734863,13.050000190734863,0,0.0,0.0,1.3986037822560693
2016-07-27 00:00:00-05:00,12.609999656677246,13.739999771118164,12.5,12.829999923706055,0,0.0,0.0,-1.685825776347516
2016-07-28 00:00:00-05:00,12.510000228881836,13.520000457763672,12.359999656677246,12.720000267028809,0,0.0,0.0,-0.8573628786544218
2016-07-29 00:00:00-05:00,12.850000381469727,12.899999618530273,11.770000457763672,11.869999885559082,0,0.0,0.0,-6.682392795800418
2016-08-01 00:00:00-05:00,11.890000343322754,12.979999542236328,11.859999656677246,12.4399995803833,0,0.0,0.0,4.802019379272915
2016-08-02 00:00:00-05:00,12.390000343322754,14.239999771118164,12.350000381469727,13.369999885559082,0,0.0,0.0,7.4758869497254965
2016-08-03 00:00:00-05:00,13.529999732971191,13.90999984741211,12.729999542236328,12.859999656677246,0,0.0,0.0,-3.81451184178907
2016-08-04 00:00:00-05:00,12.729999542236328,12.979999542236328,11.789999961853027,12.420000076293945,0,0.0,0.0,-3.4214587257383133
2016-08-05 00:00:00-05:00,12.079999923706055,12.260000228881836,11.180000305175781,11.390000343322754,0,0.0,0.0,-8.293073483446689
2016-08-08 00:00:00-05:00,11.65999984741211,11.779999732971191,11.40999984741211,11.5,0,0.0,0.0,0.9657563947461423
2016-08-09 00:00:00-05:00,11.399999618530273,11.920000076293945,11.020000457763672,11.65999984741211,0,0.0,0.0,1.3913030209748545
2016-08-10 00:00:00-05:00,11.550000190734863,12.5,11.369999885559082,12.050000190734863,0,0.0,0.0,3.344771427328208
2016-08-11 00:00:00-05:00,11.930000305175781,12.109999656677246,11.380000114440918,11.680000305175781,0,0.0,0.0,-3.070538420767588
2016-08-12 00:00:00-05:00,11.609999656677246,12.0,11.279999732971191,11.550000190734863,0,0.0,0.0,-1.1130146493515958
2016-08-15 00:00:00-05:00,11.8100004196167,12.170000076293945,11.579999923706055,11.8100004196167,0,0.0,0.0,2.2510841955691197
2016-08-16 00:00:00-05:00,12.039999961853027,12.779999732971191,11.869999885559082,12.640000343322754,0,0.0,0.0,7.027941525957981
2016-08-17 00:00:00-05:00,12.569999694824219,13.710000038146973,12.140000343322754,12.1899995803833,0,0.0,0.0,-3.5601325214929425
2016-08-18 00:00:00-05:00,12.199999809265137,12.529999732971191,11.420000076293945,11.430000305175781,0,0.0,0.0,-6.234612808605378
2016-08-19 00:00:00-05:00,11.670000076293945,12.279999732971191,11.329999923706055,11.34000015258789,0,0.0,0.0,-0.7874028887570272
2016-08-22 00:00:00-05:00,12.529999732971191,13.020000457763672,11.9399995803833,12.270000457763672,0,0.0,0.0,8.201060781851455
2016-08-23 00:00:00-05:00,12.149999618530273,12.4399995803833,11.720000267028809,12.380000114440918,0,0.0,0.0,0.8964926860100197
2016-08-24 00:00:00-05:00,12.699999809265137,14.010000228881836,12.300000190734863,13.449999809265137,0,0.0,0.0,8.642969991382277
2016-08-25 00:00:00-05:00,13.619999885559082,14.09000015258789,13.289999961853027,13.630000114440918,0,0.0,0.0,1.338292250768558
2016-08-26 00:00:00-05:00,13.539999961853027,14.930000305175781,12.130000114440918,13.649999618530273,0,0.0,0.0,0.14673150345880792
2016-08-29 00:00:00-05:00,14.09000015258789,14.430000305175781,12.899999618530273,12.9399995803833,0,0.0,0.0,-5.201465626292967
2016-08-30 00:00:00-05:00,12.9399995803833,13.600000381469727,12.699999809265137,13.119999885559082,0,0.0,0.0,1.3910379521855365
2016-08-31 00:00:00-05:00,13.140000343322754,14.34000015258789,12.970000267028809,13.420000076293945,0,0.0,0.0,2.2865868395705258
2016-09-01 00:00:00-05:00,13.069999694824219,14.609999656677246,12.989999771118164,13.479999542236328,0,0.0,0.0,0.447089907610132
2016-09-02 00:00:00-05:00,13.470000267028809,13.899999618530273,11.899999618530273,11.979999542236328,0,0.0,0.0,-11.127596817048191
2016-09-06 00:00:00-05:00,12.420000076293945,12.930000305175781,11.850000381469727,12.020000457763672,0,0.0,0.0,0.333897471250455
2016-09-07 00:00:00-05:00,11.890000343322754,12.449999809265137,11.770000457763672,11.9399995803833,0,0.0,0.0,-0.6655646783166214
2016-09-08 00:00:00-05:00,11.739999771118164,12.600000381469727,11.649999618530273,12.510000228881836,0,0.0,0.0,4.77387494581667
2016-09-09 00:00:00-05:00,12.520000457763672,17.540000915527344,12.520000457763672,17.5,0,0.0,0.0,39.88808696899744
2016-09-12 00:00:00-05:00,20.1299991607666,20.510000228881836,14.760000228881836,15.15999984741211,0,0.0,0.0,-13.371429443359373
2016-09-13 00:00:00-05:00,15.979999542236328,18.969999313354492,15.829999923706055,17.850000381469727,0,0.0,0.0,17.744067025942712
2016-09-14 00:00:00-05:00,17.6299991607666,18.139999389648438,16.34000015258789,18.139999389648438,0,0.0,0.0,1.6246442688021556
2016-09-15 00:00:00-05:00,17.969999313354492,18.06999969482422,15.739999771118164,16.299999237060547,0,0.0,0.0,-10.143330840671826
2016-09-16 00:00:00-05:00,16.40999984741211,17.100000381469727,15.279999732971191,15.369999885559082,0,0.0,0.0,-5.705517760927059
2016-09-19 00:00:00-05:00,15.140000343322754,15.960000038146973,14.600000381469727,15.529999732971191,0,0.0,0.0,1.0409879544790224
2016-09-20 00:00:00-05:00,14.979999542236328,16.09000015258789,14.6899995803833,15.920000076293945,0,0.0,0.0,2.511270766442819
2016-09-21 00:00:00-05:00,15.069999694824219,15.649999618530273,12.979999542236328,13.300000190734863,0,0.0,0.0,-16.45728563444202
2016-09-22 00:00:00-05:00,13.390000343322754,13.390000343322754,11.760000228881836,12.020000457763672,0,0.0,0.0,-9.624058004622238
2016-09-23 00:00:00-05:00,12.0,12.579999923706055,11.930000305175781,12.289999961853027,0,0.0,0.0,2.24625202834301
2016-09-26 00:00:00-05:00,13.260000228881836,14.630000114440918,13.260000228881836,14.5,0,0.0,0.0,17.982099633902358
2016-09-27 00:00:00-05:00,13.359999656677246,14.760000228881836,12.970000267028809,13.100000381469727,0,0.0,0.0,-9.655169782967398
2016-09-28 00:00:00-05:00,12.899999618530273,13.569999694824219,12.239999771118164,12.390000343322754,0,0.0,0.0,-5.419847461617522
2016-09-29 00:00:00-05:00,12.529999732971191,15.6899995803833,12.140000343322754,14.020000457763672,0,0.0,0.0,13.15577134200292
2016-09-30 00:00:00-05:00,14.90999984741211,15.199999809265137,12.529999732971191,13.289999961853027,0,0.0,0.0,-5.206850728071133
2016-10-03 00:00:00-05:00,13.75,14.420000076293945,13.420000076293945,13.569999694824219,0,0.0,0.0,2.1068452503753887
2016-10-04 00:00:00-05:00,13.399999618530273,14.569999694824219,12.920000076293945,13.630000114440918,0,0.0,0.0,0.44215490763483967
2016-10-05 00:00:00-05:00,13.5600004196167,13.680000305175781,12.699999809265137,12.989999771118164,0,0.0,0.0,-4.6955270575873005
2016-10-06 00:00:00-05:00,13.109999656677246,13.84000015258789,12.800000190734863,12.84000015258789,0,0.0,0.0,-1.1547314947901732
2016-10-07 00:00:00-05:00,13.520000457763672,14.149999618530273,12.210000038146973,13.479999542236328,0,0.0,0.0,4.984418863261819
2016-10-10 00:00:00-05:00,14.1899995803833,14.359999656677246,13.289999961853027,13.380000114440918,0,0.0,0.0,-0.7418355429618995
2016-10-11 00:00:00-05:00,13.710000038146973,16.469999313354492,13.6899995803833,15.359999656677246,0,0.0,0.0,14.798202730202759
2016-10-12 00:00:00-05:00,15.529999732971191,16.34000015258789,15.260000228881836,15.90999984741211,0,0.0,0.0,3.5807304884656554
2016-10-13 00:00:00-05:00,16.8799991607666,17.950000762939453,16.139999389648438,16.690000534057617,0,0.0,0.0,4.902581358430247
2016-10-14 00:00:00-05:00,16.489999771118164,16.5,15.25,16.1200008392334,0,0.0,0.0,-3.415216756051487
2016-10-17 00:00:00-05:00,17.010000228881836,17.110000610351562,16.1299991607666,16.209999084472656,0,0.0,0.0,0.5583017404082069
2016-10-18 00:00:00-05:00,15.819999694824219,15.850000381469727,15.029999732971191,15.279999732971191,0,0.0,0.0,-5.737195583140398
2016-10-19 00:00:00-05:00,15.449999809265137,15.680000305175781,13.869999885559082,14.40999984741211,0,0.0,0.0,-5.693716628029755
2016-10-20 00:00:00-05:00,14.430000305175781,14.720000267028809,13.739999771118164,13.75,0,0.0,0.0,-4.580151661352295
2016-10-21 00:00:00-05:00,14.039999961853027,14.529999732971191,13.270000457763672,13.34000015258789,0,0.0,0.0,-2.9818170720880666
2016-10-24 00:00:00-05:00,13.1899995803833,13.260000228881836,12.829999923706055,13.020000457763672,0,0.0,0.0,-2.398798284587278
2016-10-25 00:00:00-05:00,12.90999984741211,13.859999656677246,12.729999542236328,13.460000038146973,0,0.0,0.0,3.379412940964488
2016-10-26 00:00:00-05:00,13.65999984741211,14.800000190734863,13.65999984741211,14.239999771118164,0,0.0,0.0,5.7949459937637116
2016-10-27 00:00:00-05:00,14.369999885559082,15.430000305175781,13.600000381469727,15.359999656677246,0,0.0,0.0,7.865167862085842
2016-10-28 00:00:00-05:00,15.670000076293945,17.350000381469727,14.649999618530273,16.190000534057617,0,0.0,0.0,5.403651666226161
2016-10-31 00:00:00-05:00,16.309999465942383,17.6299991607666,16.25,17.059999465942383,0,0.0,0.0,5.373680686758586
2016-11-01 00:00:00-05:00,16.540000915527344,20.43000030517578,16.510000228881836,18.559999465942383,0,0.0,0.0,8.792497344413853
2016-11-02 00:00:00-05:00,19.09000015258789,19.81999969482422,18.559999465942383,19.31999969482422,0,0.0,0.0,4.094828937233741
2016-11-03 00:00:00-05:00,19.850000381469727,22.56999969482422,18.84000015258789,22.079999923706055,0,0.0,0.0,14.285715696057878
2016-11-04 00:00:00-05:00,21.860000610351562,23.010000228881836,19.200000762939453,22.510000228881836,0,0.0,0.0,1.947465156981787
2016-11-07 00:00:00-06:00,19.780000686645508,19.860000610351562,18.389999389648438,18.709999084472656,0,0.0,0.0,-16.88139096299752
2016-11-08 00:00:00-06:00,18.920000076293945,19.90999984741211,17.700000762939453,18.739999771118164,0,0.0,0.0,0.16034574085257436
2016-11-09 00:00:00-06:00,20.700000762939453,21.479999542236328,14.329999923706055,14.380000114440918,0,0.0,0.0,-23.26574018104749
2016-11-10 00:00:00-06:00,14.010000228881836,16.299999237060547,13.260000228881836,14.739999771118164,0,0.0,0.0,2.5034746440350863
2016-11-11 00:00:00-06:00,14.829999923706055,16.0,14.149999618530273,14.170000076293945,0,0.0,0.0,-3.8670264835491186
2016-11-14 00:00:00-06:00,14.6899995803833,15.5600004196167,14.390000343322754,14.479999542236328,0,0.0,0.0,2.1877167556336508
2016-11-15 00:00:00-06:00,14.15999984741211,14.649999618530273,13.300000190734863,13.369999885559082,0,0.0,0.0,-7.665743727681185
2016-11-16 00:00:00-06:00,13.510000228881836,14.489999771118164,13.510000228881836,13.720000267028809,0,0.0,0.0,2.617803922704298
2016-11-17 00:00:00-06:00,13.369999885559082,13.550000190734863,12.970000267028809,13.350000381469727,0,0.0,0.0,-2.6967921163110087
2016-11-18 00:00:00-06:00,13.5600004196167,13.739999771118164,12.850000381469727,12.850000381469727,0,0.0,0.0,-3.7453182450392863
2016-11-21 00:00:00-06:00,13.270000457763672,13.4399995803833,12.15999984741211,12.420000076293945,0,0.0,0.0,-3.346305777514691
2016-11-22 00:00:00-06:00,12.260000228881836,12.829999923706055,12.199999809265137,12.40999984741211,0,0.0,0.0,-0.08051714026091616
2016-11-23 00:00:00-06:00,12.34000015258789,13.010000228881836,12.1899995803833,12.430000305175781,0,0.0,0.0,0.16116404520216676
2016-11-25 00:00:00-06:00,12.520000457763672,12.739999771118164,12.3100004196167,12.34000015258789,0,0.0,0.0,-0.7240559161564519
2016-11-28 00:00:00-06:00,13.399999618530273,13.5,12.739999771118164,13.149999618530273,0,0.0,0.0,6.5640150399229436
2016-11-29 00:00:00-06:00,13.069999694824219,13.550000190734863,12.619999885559082,12.899999618530273,0,0.0,0.0,-1.9011407395610358
2016-11-30 00:00:00-06:00,12.600000381469727,13.420000076293945,12.229999542236328,13.329999923706055,0,0.0,0.0,3.333335797608128
2016-12-01 00:00:00-06:00,13.399999618530273,14.720000267028809,13.050000190734863,14.069999694824219,0,0.0,0.0,5.551386161691929
2016-12-02 00:00:00-06:00,14.15999984741211,14.479999542236328,12.390000343322754,14.119999885559082,0,0.0,0.0,0.3553673903294863
2016-12-05 00:00:00-06:00,13.75,13.770000457763672,12.140000343322754,12.140000343322754,0,0.0,0.0,-14.022659761218048
2016-12-06 00:00:00-06:00,12.1899995803833,12.300000190734863,11.539999961853027,11.789999961853027,0,0.0,0.0,-2.8830343622043952
2016-12-07 00:00:00-06:00,11.59000015258789,12.239999771118164,11.329999923706055,12.220000267028809,0,0.0,0.0,3.6471612092202177
2016-12-08 00:00:00-06:00,12.100000381469727,13.399999618530273,11.300000190734863,12.640000343322754,0,0.0,0.0,3.4369890926038815
2016-12-09 00:00:00-06:00,12.59000015258789,12.720000267028809,11.670000076293945,11.75,0,0.0,0.0,-7.041141765418613
2016-12-12 00:00:00-06:00,12.229999542236328,12.779999732971191,12.069999694824219,12.640000343322754,0,0.0,0.0,7.57447100700217
2016-12-13 00:00:00-06:00,12.460000038146973,13.420000076293945,12.34000015258789,12.720000267028809,0,0.0,0.0,0.632910771622841
2016-12-14 00:00:00-06:00,12.880000114440918,13.390000343322754,12.479999542236328,13.1899995803833,0,0.0,0.0,3.6949630777348696
2016-12-15 00:00:00-06:00,13.069999694824219,13.239999771118164,12.460000038146973,12.789999961853027,0,0.0,0.0,-3.0325976592536774
2016-12-16 00:00:00-06:00,12.880000114440918,12.949999809265137,12.149999618530273,12.199999809265137,0,0.0,0.0,-4.612980096541075
2016-12-19 00:00:00-06:00,12.5,12.520000457763672,11.670000076293945,11.710000038146973,0,0.0,0.0,-4.016391629334615
2016-12-20 00:00:00-06:00,11.649999618530273,11.75,11.380000114440918,11.449999809265137,0,0.0,0.0,-2.220326456318089
2016-12-21 00:00:00-06:00,11.4399995803833,11.489999771118164,10.930000305175781,11.270000457763672,0,0.0,0.0,-1.572046764191315
2016-12-22 00:00:00-06:00,11.319999694824219,11.670000076293945,11.140000343322754,11.430000305175781,0,0.0,0.0,1.4196969025133344
2016-12-23 00:00:00-06:00,11.380000114440918,11.8100004196167,11.350000381469727,11.4399995803833,0,0.0,0.0,0.08748272038969773
2016-12-27 00:00:00-06:00,12.260000228881836,12.329999923706055,11.84000015258789,11.989999771118164,0,0.0,0.0,4.807694151300268
2016-12-28 00:00:00-06:00,11.890000343322754,13.039999961853027,11.850000381469727,12.949999809265137,0,0.0,0.0,8.006672697854821
2016-12-29 00:00:00-06:00,13.149999618530273,13.710000038146973,12.949999809265137,13.369999885559082,0,0.0,0.0,3.243243880154001
2016-12-30 00:00:00-06:00,13.199999809265137,14.680000305175781,13.050000190734863,14.039999961853027,0,0.0,0.0,5.011219760873842
2017-01-03 00:00:00-06:00,14.069999694824219,14.069999694824219,12.850000381469727,12.850000381469727,0,0.0,0.0,-8.475780510089415
2017-01-04 00:00:00-06:00,12.779999732971191,12.800000190734863,11.630000114440918,11.850000381469727,0,0.0,0.0,-7.782100936292924
2017-01-05 00:00:00-06:00,11.960000038146973,12.09000015258789,11.399999618530273,11.670000076293945,0,0.0,0.0,-1.5189898681965852
2017-01-06 00:00:00-06:00,11.699999809265137,11.739999771118164,10.979999542236328,11.319999694824219,0,0.0,0.0,-2.999146351170179
2017-01-09 00:00:00-06:00,11.710000038146973,12.079999923706055,11.460000038146973,11.5600004196167,0,0.0,0.0,2.1201478026736664
2017-01-10 00:00:00-06:00,11.59000015258789,11.789999961853027,11.3100004196167,11.489999771118164,0,0.0,0.0,-0.6055419200482692
2017-01-11 00:00:00-06:00,11.5600004196167,12.229999542236328,11.210000038146973,11.260000228881836,0,0.0,0.0,-2.0017366998950403
2017-01-12 00:00:00-06:00,11.479999542236328,12.600000381469727,11.319999694824219,11.539999961853027,0,0.0,0.0,2.486676085964845
2017-01-13 00:00:00-06:00,11.449999809265137,11.619999885559082,10.9399995803833,11.229999542236328,0,0.0,0.0,-2.686312137274227
2017-01-17 00:00:00-06:00,12.199999809265137,12.75,11.789999961853027,11.869999885559082,0,0.0,0.0,5.699023770354539
2017-01-18 00:00:00-06:00,11.789999961853027,12.8100004196167,11.6899995803833,12.479999542236328,0,0.0,0.0,5.139003054409175
2017-01-19 00:00:00-06:00,12.579999923706055,13.279999732971191,12.170000076293945,12.779999732971191,0,0.0,0.0,2.403847770342993
2017-01-20 00:00:00-06:00,12.579999923706055,12.59000015258789,11.529999732971191,11.539999961853027,0,0.0,0.0,-9.702658818678078
2017-01-23 00:00:00-06:00,12.300000190734863,12.619999885559082,11.59000015258789,11.770000457763672,0,0.0,0.0,1.993071894895504
2017-01-24 00:00:00-06:00,11.819999694824219,11.890000343322754,11.039999961853027,11.069999694824219,0,0.0,0.0,-5.947329955095471
2017-01-25 00:00:00-06:00,10.789999961853027,11.050000190734863,10.510000228881836,10.8100004196167,0,0.0,0.0,-2.348683670958751
2017-01-26 00:00:00-06:00,10.609999656677246,11.010000228881836,10.600000381469727,10.630000114440918,0,0.0,0.0,-1.6651276428180206
2017-01-27 00:00:00-06:00,10.569999694824219,10.819999694824219,10.300000190734863,10.579999923706055,0,0.0,0.0,-0.4703686754145675
2017-01-30 00:00:00-06:00,11.100000381469727,12.899999618530273,11.100000381469727,11.880000114440918,0,0.0,0.0,12.28733648496556
2017-01-31 00:00:00-06:00,12.289999961853027,12.989999771118164,11.789999961853027,11.989999771118164,0,0.0,0.0,0.9259230270842744
2017-02-01 00:00:00-06:00,11.789999961853027,12.050000190734863,9.970000267028809,11.8100004196167,0,0.0,0.0,-1.5012456625316362
2017-02-02 00:00:00-06:00,12.369999885559082,12.470000267028809,11.619999885559082,11.930000305175781,0,0.0,0.0,1.0160870558459933
2017-02-03 00:00:00-06:00,11.84000015258789,11.84000015258789,10.720000267028809,10.970000267028809,0,0.0,0.0,-8.046940600080966
2017-02-06 00:00:00-06:00,11.369999885559082,11.84000015258789,11.09000015258789,11.369999885559082,0,0.0,0.0,3.646304546887791
2017-02-07 00:00:00-06:00,11.390000343322754,11.670000076293945,11.0600004196167,11.289999961853027,0,0.0,0.0,-0.7036053167217893
2017-02-08 00:00:00-06:00,11.1899995803833,11.819999694824219,11.149999618530273,11.449999809265137,0,0.0,0.0,1.4171820013527237
2017-02-09 00:00:00-06:00,11.4399995803833,11.529999732971191,10.739999771118164,10.880000114440918,0,0.0,0.0,-4.978163356500542
2017-02-10 00:00:00-06:00,10.850000381469727,10.949999809265137,10.550000190734863,10.850000381469727,0,0.0,0.0,-0.27573283690845996
2017-02-13 00:00:00-06:00,11.359999656677246,11.399999618530273,11.069999694824219,11.069999694824219,0,0.0,0.0,2.02764336976633
2017-02-14 00:00:00-06:00,11.170000076293945,11.34000015258789,10.729999542236328,10.739999771118164,0,0.0,0.0,-2.9810292032830477
2017-02-15 00:00:00-06:00,10.84000015258789,12.010000228881836,10.800000190734863,11.970000267028809,0,0.0,0.0,11.45251882796443
2017-02-16 00:00:00-06:00,12.020000457763672,12.859999656677246,11.6899995803833,11.760000228881836,0,0.0,0.0,-1.7543862444632907
2017-02-17 00:00:00-06:00,11.84000015258789,12.260000228881836,11.369999885559082,11.489999771118164,0,0.0,0.0,-2.295922215210233
2017-02-21 00:00:00-06:00,12.050000190734863,12.09000015258789,11.5,11.569999694824219,0,0.0,0.0,0.696256965184161
2017-02-22 00:00:00-06:00,11.479999542236328,12.069999694824219,11.4399995803833,11.739999771118164,0,0.0,0.0,1.4693178978214982
2017-02-23 00:00:00-06:00,11.65999984741211,12.460000038146973,11.539999961853027,11.710000038146973,0,0.0,0.0,-0.2555343573770297
2017-02-24 00:00:00-06:00,11.8100004196167,12.59000015258789,11.34000015258789,11.470000267028809,0,0.0,0.0,-2.0495283547082077
2017-02-27 00:00:00-06:00,11.779999732971191,12.140000343322754,11.529999732971191,12.09000015258789,0,0.0,0.0,5.4054042818229675
2017-02-28 00:00:00-06:00,12.1899995803833,12.960000038146973,12.130000114440918,12.920000076293945,0,0.0,0.0,6.8651771152243635
2017-03-01 00:00:00-06:00,12.3100004196167,12.579999923706055,11.779999732971191,12.539999961853027,0,0.0,0.0,-2.941177338985901
2017-03-02 00:00:00-06:00,12.430000305175781,12.710000038146973,11.319999694824219,11.8100004196167,0,0.0,0.0,-5.821367978126024
2017-03-03 00:00:00-06:00,11.960000038146973,11.970000267028809,10.9399995803833,10.960000038146973,0,0.0,0.0,-7.1972934061700355
2017-03-06 00:00:00-06:00,11.59000015258789,11.720000267028809,11.0600004196167,11.239999771118164,0,0.0,0.0,2.554742080261274
2017-03-07 00:00:00-06:00,11.270000457763672,11.579999923706055,11.039999961853027,11.449999809265137,0,0.0,0.0,1.868327779566159
2017-03-08 00:00:00-06:00,11.489999771118164,11.859999656677246,11.09000015258789,11.859999656677246,0,0.0,0.0,3.580784753204491
2017-03-09 00:00:00-06:00,11.75,12.430000305175781,11.619999885559082,12.300000190734863,0,0.0,0.0,3.7099540201916748
2017-03-10 00:00:00-06:00,11.970000267028809,12.09000015258789,11.460000038146973,11.65999984741211,0,0.0,0.0,-5.20325474307588
2017-03-13 00:00:00-05:00,12.15999984741211,12.229999542236328,11.289999961853027,11.350000381469727,0,0.0,0.0,-2.6586575471627127
2017-03-14 00:00:00-05:00,11.390000343322754,12.539999961853027,11.279999732971191,12.300000190734863,0,0.0,0.0,8.370042091065732
2017-03-15 00:00:00-05:00,12.119999885559082,12.25,10.600000381469727,11.630000114440918,0,0.0,0.0,-5.447155007352212
2017-03-16 00:00:00-05:00,11.289999961853027,11.550000190734863,11.15999984741211,11.210000038146973,0,0.0,0.0,-3.611350577481365
2017-03-17 00:00:00-05:00,11.380000114440918,11.380000114440918,10.779999732971191,11.279999732971191,0,0.0,0.0,0.6244397376093946
2017-03-20 00:00:00-05:00,11.710000038146973,11.720000267028809,11.029999732971191,11.34000015258789,0,0.0,0.0,0.5319186262151998
2017-03-21 00:00:00-05:00,11.149999618530273,12.850000381469727,10.920000076293945,12.470000267028809,0,0.0,0.0,9.964727506489869
2017-03-22 00:00:00-05:00,12.949999809265137,13.15999984741211,11.989999771118164,12.8100004196167,0,0.0,0.0,2.726544870146186
2017-03-23 00:00:00-05:00,12.649999618530273,13.170000076293945,12.180000305175781,13.119999885559082,0,0.0,0.0,2.4199801388582465
2017-03-24 00:00:00-05:00,12.859999656677246,14.15999984741211,12.270000457763672,12.960000038146973,0,0.0,0.0,-1.2195110427418387
2017-03-27 00:00:00-05:00,14.779999732971191,15.109999656677246,12.479999542236328,12.5,0,0.0,0.0,-3.549382999945916
2017-03-28 00:00:00-05:00,12.4399995803833,12.670000076293945,11.34000015258789,11.529999732971191,0,0.0,0.0,-7.7600021362304705
2017-03-29 00:00:00-05:00,11.539999961853027,11.699999809265137,11.029999732971191,11.420000076293945,0,0.0,0.0,-0.9540300019495351
2017-03-30 00:00:00-05:00,11.369999885559082,11.640000343322754,11.119999885559082,11.539999961853027,0,0.0,0.0,1.0507870819386644
2017-03-31 00:00:00-05:00,11.609999656677246,12.539999961853027,11.5,12.369999885559082,0,0.0,0.0,7.192373712735933
2017-04-03 00:00:00-05:00,12.59000015258789,13.59000015258789,12.270000457763672,12.380000114440918,0,0.0,0.0,0.08084259478053912
2017-04-04 00:00:00-05:00,12.710000038146973,13.069999694824219,11.699999809265137,11.789999961853027,0,0.0,0.0,-4.765752400112433
2017-04-05 00:00:00-05:00,11.890000343322754,12.890000343322754,10.899999618530273,12.890000343322754,0,0.0,0.0,9.329943893374203
2017-04-06 00:00:00-05:00,13.109999656677246,13.220000267028809,11.699999809265137,12.390000343322754,0,0.0,0.0,-3.878975847033306
2017-04-07 00:00:00-05:00,13.170000076293945,13.430000305175781,12.229999542236328,12.869999885559082,0,0.0,0.0,3.8740882077134886
2017-04-10 00:00:00-05:00,13.239999771118164,14.109999656677246,12.9399995803833,14.050000190734863,0,0.0,0.0,9.168611621355272
2017-04-11 00:00:00-05:00,14.319999694824219,15.880000114440918,14.170000076293945,15.069999694824219,0,0.0,0.0,7.25978284870048
2017-04-12 00:00:00-05:00,15.15999984741211,16.15999984741211,14.84000015258789,15.770000457763672,0,0.0,0.0,4.644995203150981
2017-04-13 00:00:00-05:00,15.890000343322754,16.219999313354492,14.970000267028809,15.960000038146973,0,0.0,0.0,1.2048165812814648
2017-04-17 00:00:00-05:00,16.190000534057617,16.280000686645508,14.600000381469727,14.65999984741211,0,0.0,0.0,-8.145364584133164
2017-04-18 00:00:00-05:00,14.5,15.5,14.289999961853027,14.420000076293945,0,0.0,0.0,-1.6371062320340357
2017-04-19 00:00:00-05:00,14.0,15.149999618530273,13.460000038146973,14.930000305175781,0,0.0,0.0,3.5367560761685457
2017-04-20 00:00:00-05:00,14.59000015258789,14.8100004196167,13.829999923706055,14.149999618530273,0,0.0,0.0,-5.2243849343734166
2017-04-21 00:00:00-05:00,13.850000381469727,15.329999923706055,13.850000381469727,14.630000114440918,0,0.0,0.0,3.392229744529862
2017-04-24 00:00:00-05:00,11.5600004196167,12.010000228881836,10.819999694824219,10.84000015258789,0,0.0,0.0,-25.90567281070634
2017-04-25 00:00:00-05:00,10.8100004196167,11.149999618530273,10.220000267028809,10.760000228881836,0,0.0,0.0,-0.738006665866664
2017-04-26 00:00:00-05:00,10.609999656677246,10.890000343322754,10.390000343322754,10.850000381469727,0,0.0,0.0,0.8364326270766664
2017-04-27 00:00:00-05:00,10.720000267028809,11.079999923706055,10.329999923706055,10.359999656677246,0,0.0,0.0,-4.516135553592537
2017-04-28 00:00:00-05:00,10.390000343322754,11.15999984741211,10.289999961853027,10.819999694824219,0,0.0,0.0,4.44015495551191
2017-05-01 00:00:00-05:00,10.920000076293945,11.039999961853027,9.899999618530273,10.109999656677246,0,0.0,0.0,-6.56192290362636
2017-05-02 00:00:00-05:00,10.149999618530273,10.59000015258789,10.039999961853027,10.59000015258789,0,0.0,0.0,4.747779547090514
2017-05-03 00:00:00-05:00,10.5600004196167,11.149999618530273,10.399999618530273,10.680000305175781,0,0.0,0.0,0.8498597855628676
2017-05-04 00:00:00-05:00,10.710000038146973,11.239999771118164,10.270000457763672,10.460000038146973,0,0.0,0.0,-2.059927535041284
2017-05-05 00:00:00-05:00,10.510000228881836,10.979999542236328,9.989999771118164,10.569999694824219,0,0.0,0.0,1.0516219529262294
2017-05-08 00:00:00-05:00,10.529999732971191,10.550000190734863,9.670000076293945,9.770000457763672,0,0.0,0.0,-7.568583350596314
2017-05-09 00:00:00-05:00,9.869999885559082,10.140000343322754,9.5600004196167,9.960000038146973,0,0.0,0.0,1.9447243754458388
2017-05-10 00:00:00-05:00,9.75,10.239999771118164,9.619999885559082,10.210000038146973,0,0.0,0.0,2.5100401510290693
2017-05-11 00:00:00-05:00,10.34000015258789,11.229999542236328,10.319999694824219,10.600000381469727,0,0.0,0.0,3.8197878733165602
2017-05-12 00:00:00-05:00,10.720000267028809,10.869999885559082,10.279999732971191,10.399999618530273,0,0.0,0.0,-1.8867995824705996
2017-05-15 00:00:00-05:00,10.539999961853027,10.880000114440918,10.25,10.420000076293945,0,0.0,0.0,0.19231210093542117
2017-05-16 00:00:00-05:00,10.460000038146973,10.670000076293945,10.180000305175781,10.649999618530273,0,0.0,0.0,2.2072892567399194
2017-05-17 00:00:00-05:00,11.890000343322754,15.59000015258789,11.529999732971191,15.59000015258789,0,0.0,0.0,46.38498320189939
2017-05-18 00:00:00-05:00,14.0600004196167,16.299999237060547,14.029999732971191,14.65999984741211,0,0.0,0.0,-5.965364310925958
2017-05-19 00:00:00-05:00,14.229999542236328,14.229999542236328,11.720000267028809,12.039999961853027,0,0.0,0.0,-17.871759296242995
2017-05-22 00:00:00-05:00,12.289999961853027,12.520000457763672,10.890000343322754,10.930000305175781,0,0.0,0.0,-9.219266280682037
2017-05-23 00:00:00-05:00,11.0,11.0,10.5600004196167,10.720000267028809,0,0.0,0.0,-1.9213177702065543
2017-05-24 00:00:00-05:00,10.609999656677246,10.899999618530273,9.880000114440918,10.020000457763672,0,0.0,0.0,-6.529848804370886
2017-05-25 00:00:00-05:00,9.819999694824219,10.289999961853027,9.720000267028809,9.989999771118164,0,0.0,0.0,-0.29940803667591886
2017-05-26 00:00:00-05:00,9.930000305175781,10.479999542236328,9.649999618530273,9.8100004196167,0,0.0,0.0,-1.8017953516060725
2017-05-30 00:00:00-05:00,10.609999656677246,10.84000015258789,10.140000343322754,10.380000114440918,0,0.0,0.0,5.810394194116553
2017-05-31 00:00:00-05:00,10.100000381469727,11.300000190734863,9.930000305175781,10.40999984741211,0,0.0,0.0,0.28901476532217085
2017-06-01 00:00:00-05:00,10.420000076293945,10.539999961853027,9.6899995803833,9.890000343322754,0,0.0,0.0,-4.995192235460266
2017-06-02 00:00:00-05:00,10.079999923706055,10.300000190734863,9.579999923706055,9.75,0,0.0,0.0,-1.415574706398015
2017-06-05 00:00:00-05:00,10.079999923706055,10.279999732971191,9.600000381469727,10.069999694824219,0,0.0,0.0,3.282048152043271
2017-06-06 00:00:00-05:00,10.1899995803833,10.770000457763672,9.859999656677246,10.449999809265137,0,0.0,0.0,3.773586156474562
2017-06-07 00:00:00-05:00,10.479999542236328,10.930000305175781,10.119999885559082,10.390000343322754,0,0.0,0.0,-0.5741575793062337
2017-06-08 00:00:00-05:00,10.270000457763672,10.529999732971191,9.729999542236328,10.15999984741211,0,0.0,0.0,-2.2136716873013107
2017-06-09 00:00:00-05:00,9.930000305175781,12.109999656677246,9.369999885559082,10.699999809265137,0,0.0,0.0,5.3149603342816265
2017-06-12 00:00:00-05:00,11.1899995803833,12.369999885559082,11.1899995803833,11.460000038146973,0,0.0,0.0,7.1028060040127405
2017-06-13 00:00:00-05:00,11.119999885559082,11.140000343322754,10.260000228881836,10.420000076293945,0,0.0,0.0,-9.075043266938687
2017-06-14 00:00:00-05:00,10.329999923706055,11.260000228881836,10.010000228881836,10.640000343322754,0,0.0,0.0,2.111326923397261
2017-06-15 00:00:00-05:00,11.0600004196167,12.010000228881836,10.739999771118164,10.899999618530273,0,0.0,0.0,2.4436021317488565
2017-06-16 00:00:00-05:00,10.630000114440918,11.350000381469727,10.260000228881836,10.380000114440918,0,0.0,0.0,-4.770637819154999
2017-06-19 00:00:00-05:00,10.569999694824219,10.600000381469727,10.010000228881836,10.369999885559082,0,0.0,0.0,-0.09634131764529874
2017-06-20 00:00:00-05:00,10.279999732971191,11.149999618530273,10.239999771118164,10.859999656677246,0,0.0,0.0,4.725166601019182
2017-06-21 00:00:00-05:00,11.029999732971191,11.399999618530273,10.399999618530273,10.75,0,0.0,0.0,-1.0128882150526874
2017-06-22 00:00:00-05:00,10.8100004196167,11.010000228881836,10.239999771118164,10.479999542236328,0,0.0,0.0,-2.5116321652434603
2017-06-23 00:00:00-05:00,10.25,10.6899995803833,9.850000381469727,10.020000457763672,0,0.0,0.0,-4.389304432874974
2017-06-26 00:00:00-05:00,10.130000114440918,10.4399995803833,9.680000305175781,9.899999618530273,0,0.0,0.0,-1.197613111289031
2017-06-27 00:00:00-05:00,10.039999961853027,11.3100004196167,9.800000190734863,11.0600004196167,0,0.0,0.0,11.71718026044366
2017-06-28 00:00:00-05:00,11.170000076293945,11.489999771118164,9.760000228881836,10.029999732971191,0,0.0,0.0,-9.312844914712981
2017-06-29 00:00:00-05:00,9.789999961853027,15.15999984741211,9.729999542236328,11.4399995803833,0,0.0,0.0,14.05782537338538
2017-06-30 00:00:00-05:00,11.739999771118164,11.850000381469727,10.399999618530273,11.180000305175781,0,0.0,0.0,-2.272721020491575
2017-07-03 00:00:00-05:00,11.069999694824219,11.449999809265137,10.279999732971191,11.220000267028809,0,0.0,0.0,0.3577814021571202
2017-07-05 00:00:00-05:00,11.199999809265137,12.029999732971191,10.789999961853027,11.069999694824219,0,0.0,0.0,-1.3369034637671362
2017-07-06 00:00:00-05:00,11.199999809265137,13.050000190734863,11.180000305175781,12.539999961853027,0,0.0,0.0,13.279135569589107
2017-07-07 00:00:00-05:00,12.479999542236328,12.569999694824219,10.979999542236328,11.1899995803833,0,0.0,0.0,-10.765553314006848
2017-07-10 00:00:00-05:00,11.260000228881836,11.729999542236328,10.609999656677246,11.109999656677246,0,0.0,0.0,-0.7149233843252278
2017-07-11 00:00:00-05:00,10.789999961853027,12.140000343322754,10.680000305175781,10.890000343322754,0,0.0,0.0,-1.9801919005665303
2017-07-12 00:00:00-05:00,10.850000381469727,10.850000381469727,10.079999923706055,10.300000190734863,0,0.0,0.0,-5.417815739093634
2017-07-13 00:00:00-05:00,10.069999694824219,10.399999618530273,9.899999618530273,9.899999618530273,0,0.0,0.0,-3.8835006291009777
2017-07-14 00:00:00-05:00,10.09000015258789,10.140000343322754,9.5,9.510000228881836,0,0.0,0.0,-3.939387926020299
2017-07-17 00:00:00-05:00,9.770000457763672,10.029999732971191,9.710000038146973,9.819999694824219,0,0.0,0.0,3.2597209093740753
2017-07-18 00:00:00-05:00,9.859999656677246,10.350000381469727,9.65999984741211,9.890000343322754,0,0.0,0.0,0.7128375832377021
2017-07-19 00:00:00-05:00,9.6899995803833,9.9399995803833,9.579999923706055,9.789999961853027,0,0.0,0.0,-1.011126167829124
2017-07-20 00:00:00-05:00,9.65999984741211,10.279999732971191,9.5,9.579999923706055,0,0.0,0.0,-2.1450463632813332
2017-07-21 00:00:00-05:00,9.520000457763672,9.979999542236328,9.300000190734863,9.359999656677246,0,0.0,0.0,-2.2964537451029665
2017-07-24 00:00:00-05:00,9.9399995803833,9.970000267028809,9.260000228881836,9.430000305175781,0,0.0,0.0,0.7478702036981089
2017-07-25 00:00:00-05:00,9.399999618530273,9.520000457763672,9.039999961853027,9.430000305175781,0,0.0,0.0,0.0
2017-07-26 00:00:00-05:00,9.25,9.65999984741211,8.84000015258789,9.600000381469727,0,0.0,0.0,1.8027579087207313
2017-07-27 00:00:00-05:00,9.329999923706055,11.5,9.15999984741211,10.109999656677246,0,0.0,0.0,5.31249223897885
2017-07-28 00:00:00-05:00,10.619999885559082,11.300000190734863,10.260000228881836,10.289999961853027,0,0.0,0.0,1.780418509281545
2017-07-31 00:00:00-05:00,10.529999732971191,10.84000015258789,10.229999542236328,10.260000228881836,0,0.0,0.0,-0.2915425955530182
2017-08-01 00:00:00-05:00,10.1899995803833,10.5600004196167,9.949999809265137,10.09000015258789,0,0.0,0.0,-1.6569207846155454
2017-08-02 00:00:00-05:00,10.079999923706055,10.8100004196167,9.800000190734863,10.279999732971191,0,0.0,0.0,1.8830483400396059
2017-08-03 00:00:00-05:00,10.470000267028809,10.600000381469727,9.899999618530273,10.4399995803833,0,0.0,0.0,1.556418789573888
2017-08-04 00:00:00-05:00,10.479999542236328,10.5,9.680000305175781,10.029999732971191,0,0.0,0.0,-3.927201761410959
2017-08-07 00:00:00-05:00,10.1899995803833,10.319999694824219,9.760000228881836,9.930000305175781,0,0.0,0.0,-0.9970032946928886
2017-08-08 00:00:00-05:00,10.039999961853027,11.520000457763672,9.520000457763672,10.960000038146973,0,0.0,0.0,10.372605249914525
2017-08-09 00:00:00-05:00,11.489999771118164,12.630000114440918,11.109999656677246,11.109999656677246,0,0.0,0.0,1.3686096533594094
2017-08-10 00:00:00-05:00,11.569999694824219,16.170000076293945,11.5600004196167,16.040000915527344,0,0.0,0.0,44.37445014579371
2017-08-11 00:00:00-05:00,16.170000076293945,17.280000686645508,14.5,15.510000228881836,0,0.0,0.0,-3.304243493729775
2017-08-14 00:00:00-05:00,14.050000190734863,14.050000190734863,12.0600004196167,12.329999923706055,0,0.0,0.0,-20.50290301900941
2017-08-15 00:00:00-05:00,11.779999732971191,12.369999885559082,11.449999809265137,12.039999961853027,0,0.0,0.0,-2.351986728689792
2017-08-16 00:00:00-05:00,11.59000015258789,12.539999961853027,11.25,11.739999771118164,0,0.0,0.0,-2.491695944230643
2017-08-17 00:00:00-05:00,11.8100004196167,15.770000457763672,11.539999961853027,15.550000190734863,0,0.0,0.0,32.45315582534989
2017-08-18 00:00:00-05:00,15.380000114440918,16.040000915527344,13.319999694824219,14.260000228881836,0,0.0,0.0,-8.295819588617414
2017-08-21 00:00:00-05:00,14.59000015258789,14.739999771118164,13.069999694824219,13.1899995803833,0,0.0,0.0,-7.503510738600017
2017-08-22 00:00:00-05:00,12.600000381469727,12.9399995803833,11.350000381469727,11.350000381469727,0,0.0,0.0,-13.949956462850043
2017-08-23 00:00:00-05:00,11.510000228881836,12.59000015258789,11.390000343322754,12.25,0,0.0,0.0,7.929511791027188
2017-08-24 00:00:00-05:00,12.0600004196167,12.829999923706055,11.550000190734863,12.229999542236328,0,0.0,0.0,-0.16326904296875
2017-08-25 00:00:00-05:00,12.199999809265137,12.449999809265137,11.100000381469727,11.279999732971191,0,0.0,0.0,-7.767782868546402
2017-08-28 00:00:00-05:00,12.09000015258789,12.109999656677246,11.229999542236328,11.319999694824219,0,0.0,0.0,0.3546095992902121
2017-08-29 00:00:00-05:00,13.329999923706055,14.34000015258789,11.479999542236328,11.699999809265137,0,0.0,0.0,3.3568915608245486
2017-08-30 00:00:00-05:00,11.399999618530273,11.979999542236328,10.960000038146973,11.220000267028809,0,0.0,0.0,-4.10256025693454
2017-08-31 00:00:00-05:00,11.069999694824219,11.220000267028809,10.34000015258789,10.59000015258789,0,0.0,0.0,-5.614974148371832
2017-09-01 00:00:00-05:00,10.329999923706055,10.460000038146973,10.020000457763672,10.130000114440918,0,0.0,0.0,-4.343720788658933
2017-09-05 00:00:00-05:00,11.75,14.0600004196167,11.40999984741211,12.229999542236328,0,0.0,0.0,20.73049757227283
2017-09-06 00:00:00-05:00,12.270000457763672,12.59000015258789,11.350000381469727,11.630000114440918,0,0.0,0.0,-4.90596443379504
2017-09-07 00:00:00-05:00,11.930000305175781,12.069999694824219,11.319999694824219,11.550000190734863,0,0.0,0.0,-0.6878755195085406
2017-09-08 00:00:00-05:00,11.869999885559082,12.600000381469727,11.84000015258789,12.119999885559082,0,0.0,0.0,4.935062211353536
2017-09-11 00:00:00-05:00,11.380000114440918,11.390000343322754,10.510000228881836,10.729999542236328,0,0.0,0.0,-11.468649805673115
2017-09-12 00:00:00-05:00,10.65999984741211,10.949999809265137,10.289999961853027,10.579999923706055,0,0.0,0.0,-1.3979461782811065
2017-09-13 00:00:00-05:00,10.720000267028809,10.859999656677246,10.329999923706055,10.5,0,0.0,0.0,-0.756142951634653
2017-09-14 00:00:00-05:00,10.569999694824219,11.039999961853027,10.279999732971191,10.4399995803833,0,0.0,0.0,-0.5714325677780852
2017-09-15 00:00:00-05:00,10.510000228881836,10.739999771118164,10.0,10.170000076293945,0,0.0,0.0,-2.586202250397429
2017-09-18 00:00:00-05:00,10.180000305175781,10.420000076293945,9.880000114440918,10.149999618530273,0,0.0,0.0,-0.1966613334673628
2017-09-19 00:00:00-05:00,10.15999984741211,10.300000190734863,9.850000381469727,10.180000305175781,0,0.0,0.0,0.2955732785520304
2017-09-20 00:00:00-05:00,10.039999961853027,10.670000076293945,9.670000076293945,9.779999732971191,0,0.0,0.0,-3.929278587557794
2017-09-21 00:00:00-05:00,9.739999771118164,10.210000038146973,9.539999961853027,9.670000076293945,0,0.0,0.0,-1.124740896529941
2017-09-22 00:00:00-05:00,9.899999618530273,10.199999809265137,9.5,9.59000015258789,0,0.0,0.0,-0.8273001352106957
2017-09-25 00:00:00-05:00,10.079999923706055,11.210000038146973,9.789999961853027,10.210000038146973,0,0.0,0.0,6.465066482733817
2017-09-26 00:00:00-05:00,10.420000076293945,10.680000305175781,9.9399995803833,10.170000076293945,0,0.0,0.0,-0.3917723967049813
2017-09-27 00:00:00-05:00,9.899999618530273,10.420000076293945,9.630000114440918,9.869999885559082,0,0.0,0.0,-2.949854360710946
2017-09-28 00:00:00-05:00,9.739999771118164,10.130000114440918,9.550000190734863,9.550000190734863,0,0.0,0.0,-3.242144868637886
2017-09-29 00:00:00-05:00,9.59000015258789,9.829999923706055,9.359999656677246,9.510000228881836,0,0.0,0.0,-0.41884775972920174
2017-10-02 00:00:00-05:00,9.59000015258789,10.039999961853027,9.369999885559082,9.449999809265137,0,0.0,0.0,-0.6309192236870653
2017-10-03 00:00:00-05:00,9.300000190734863,9.75,9.300000190734863,9.510000228881836,0,0.0,0.0,0.6349250881240609
2017-10-04 00:00:00-05:00,9.529999732971191,9.880000114440918,9.529999732971191,9.630000114440918,0,0.0,0.0,1.2618284192532636
2017-10-05 00:00:00-05:00,9.479999542236328,9.619999885559082,9.130000114440918,9.1899995803833,0,0.0,0.0,-4.569060527816637
2017-10-06 00:00:00-05:00,9.229999542236328,10.270000457763672,9.109999656677246,9.649999618530273,0,0.0,0.0,5.005441340050498
2017-10-09 00:00:00-05:00,9.920000076293945,10.529999732971191,9.880000114440918,10.329999923706055,0,0.0,0.0,7.046635565352988
2017-10-10 00:00:00-05:00,10.149999618530273,10.65999984741211,9.9399995803833,10.079999923706055,0,0.0,0.0,-2.420135545463864
2017-10-11 00:00:00-05:00,9.949999809265137,10.380000114440918,9.720000267028809,9.850000381469727,0,0.0,0.0,-2.2817415077099112
2017-10-12 00:00:00-05:00,9.9399995803833,10.329999923706055,9.649999618530273,9.90999984741211,0,0.0,0.0,0.6091316103424393
2017-10-13 00:00:00-05:00,9.949999809265137,9.979999542236328,9.4399995803833,9.609999656677246,0,0.0,0.0,-3.0272471781440546
2017-10-16 00:00:00-05:00,9.949999809265137,10.020000457763672,9.75,9.90999984741211,0,0.0,0.0,3.121750275260582
2017-10-17 00:00:00-05:00,9.850000381469727,10.460000038146973,9.779999732971191,10.3100004196167,0,0.0,0.0,4.036332778643237
2017-10-18 00:00:00-05:00,10.34000015258789,10.40999984741211,9.869999885559082,10.069999694824219,0,0.0,0.0,-2.3278439866581846
2017-10-19 00:00:00-05:00,10.220000267028809,11.770000457763672,9.989999771118164,10.050000190734863,0,0.0,0.0,-0.19860481326166024
2017-10-20 00:00:00-05:00,9.920000076293945,10.039999961853027,9.289999961853027,9.970000267028809,0,0.0,0.0,-0.79601912624645
2017-10-23 00:00:00-05:00,10.25,11.079999923706055,9.9399995803833,11.069999694824219,0,0.0,0.0,11.033093263128112
2017-10-24 00:00:00-05:00,10.890000343322754,11.15999984741211,10.390000343322754,11.15999984741211,0,0.0,0.0,0.8130095308852558
2017-10-25 00:00:00-05:00,11.34000015258789,13.199999809265137,10.989999771118164,11.229999542236328,0,0.0,0.0,0.6272374173952322
2017-10-26 00:00:00-05:00,11.170000076293945,11.8100004196167,10.600000381469727,11.300000190734863,0,0.0,0.0,0.6233361651998282
2017-10-27 00:00:00-05:00,11.119999885559082,11.119999885559082,9.739999771118164,9.800000190734863,0,0.0,0.0,-13.27433605912578
2017-10-30 00:00:00-05:00,10.279999732971191,10.890000343322754,10.100000381469727,10.5,0,0.0,0.0,7.142855057563491
2017-10-31 00:00:00-05:00,10.34000015258789,10.369999885559082,9.899999618530273,10.180000305175781,0,0.0,0.0,-3.0476161411830405
2017-11-01 00:00:00-05:00,9.789999961853027,10.489999771118164,9.739999771118164,10.199999809265137,0,0.0,0.0,0.196458776913655
2017-11-02 00:00:00-05:00,10.4399995803833,10.890000343322754,9.670000076293945,9.930000305175781,0,0.0,0.0,-2.6470540111589225
2017-11-03 00:00:00-05:00,9.829999923706055,9.90999984741211,8.989999771118164,9.140000343322754,0,0.0,0.0,-7.9556892001429125
2017-11-06 00:00:00-06:00,9.630000114440918,9.739999771118164,9.380000114440918,9.399999618530273,0,0.0,0.0,2.8446309129240177
2017-11-07 00:00:00-06:00,9.3100004196167,10.3100004196167,9.289999961853027,9.890000343322754,0,0.0,0.0,5.212773879549304
2017-11-08 00:00:00-06:00,9.789999961853027,10.270000457763672,9.5,9.779999732971191,0,0.0,0.0,-1.1122407131747947
2017-11-09 00:00:00-06:00,9.9399995803833,12.1899995803833,9.789999961853027,10.5,0,0.0,0.0,7.361966121547847
2017-11-10 00:00:00-06:00,10.779999732971191,11.579999923706055,10.5,11.289999961853027,0,0.0,0.0,7.523809160505013
2017-11-13 00:00:00-06:00,11.430000305175781,12.180000305175781,11.0,11.5,0,0.0,0.0,1.8600534885431896
2017-11-14 00:00:00-06:00,11.529999732971191,12.609999656677246,11.449999809265137,11.59000015258789,0,0.0,0.0,0.7826100225033938
2017-11-15 00:00:00-06:00,12.520000457763672,14.510000228881836,12.329999923706055,13.130000114440918,0,0.0,0.0,13.287316148215634
2017-11-16 00:00:00-06:00,12.470000267028809,12.520000457763672,11.380000114440918,11.760000228881836,0,0.0,0.0,-10.434119372568007
2017-11-17 00:00:00-06:00,11.75,12.010000228881836,11.15999984741211,11.430000305175781,0,0.0,0.0,-2.8061217456067378
2017-11-20 00:00:00-06:00,11.960000038146973,12.079999923706055,10.4399995803833,10.649999618530273,0,0.0,0.0,-6.824152806822803
2017-11-21 00:00:00-06:00,10.739999771118164,10.779999732971191,9.670000076293945,9.729999542236328,0,0.0,0.0,-8.638498678377493
2017-11-22 00:00:00-06:00,9.600000381469727,9.880000114440918,9.319999694824219,9.880000114440918,0,0.0,0.0,1.5416297971388548
2017-11-24 00:00:00-06:00,9.819999694824219,9.960000038146973,8.5600004196167,9.670000076293945,0,0.0,0.0,-2.125506434357527
2017-11-27 00:00:00-06:00,10.069999694824219,10.260000228881836,9.789999961853027,9.869999885559082,0,0.0,0.0,2.068250338026756
2017-11-28 00:00:00-06:00,9.720000267028809,10.3100004196167,9.529999732971191,10.029999732971191,0,0.0,0.0,1.6210724343189487
2017-11-29 00:00:00-06:00,9.90999984741211,10.930000305175781,9.8100004196167,10.699999809265137,0,0.0,0.0,6.679961058139239
2017-11-30 00:00:00-06:00,10.489999771118164,12.050000190734863,10.25,11.279999732971191,0,0.0,0.0,5.420560131261243
2017-12-01 00:00:00-06:00,11.1899995803833,14.579999923706055,10.539999961853027,11.430000305175781,0,0.0,0.0,1.32979233825814
2017-12-04 00:00:00-06:00,11.050000190734863,11.859999656677246,10.260000228881836,11.680000305175781,0,0.0,0.0,2.187226538277476
2017-12-05 00:00:00-06:00,11.380000114440918,11.670000076293945,10.649999618530273,11.329999923706055,0,0.0,0.0,-2.996578530178895
2017-12-06 00:00:00-06:00,11.630000114440918,11.680000305175781,10.859999656677246,11.020000457763672,0,0.0,0.0,-2.7360941573685515
2017-12-07 00:00:00-06:00,10.899999618530273,11.319999694824219,10.119999885559082,10.15999984741211,0,0.0,0.0,-7.803997954879261
2017-12-08 00:00:00-06:00,10.0,10.0600004196167,9.430000305175781,9.579999923706055,0,0.0,0.0,-5.708660752133654
2017-12-11 00:00:00-06:00,9.739999771118164,10.079999923706055,9.279999732971191,9.34000015258789,0,0.0,0.0,-2.5052168374686046
2017-12-12 00:00:00-06:00,9.359999656677246,9.920000076293945,9.210000038146973,9.920000076293945,0,0.0,0.0,6.209849188764216
2017-12-13 00:00:00-06:00,9.779999732971191,10.210000038146973,9.649999618530273,10.180000305175781,0,0.0,0.0,2.6209700290543703
2017-12-14 00:00:00-06:00,9.979999542236328,10.539999961853027,9.779999732971191,10.489999771118164,0,0.0,0.0,3.045181303037592
2017-12-15 00:00:00-06:00,10.119999885559082,10.199999809265137,9.220000267028809,9.420000076293945,0,0.0,0.0,-10.200187971121032
2017-12-18 00:00:00-06:00,9.460000038146973,9.890000343322754,9.239999771118164,9.529999732971191,0,0.0,0.0,1.167724583719143
2017-12-19 00:00:00-06:00,9.399999618530273,10.149999618530273,9.180000305175781,10.029999732971191,0,0.0,0.0,5.246589863692619
2017-12-20 00:00:00-06:00,9.6899995803833,9.850000381469727,8.899999618530273,9.720000267028809,0,0.0,0.0,-3.0907225742323297
2017-12-21 00:00:00-06:00,9.59000015258789,9.859999656677246,9.199999809265137,9.619999885559082,0,0.0,0.0,-1.0288104806842169
2017-12-22 00:00:00-06:00,9.369999885559082,10.180000305175781,9.350000381469727,9.899999618530273,0,0.0,0.0,2.9106001694605865
2017-12-26 00:00:00-06:00,10.1899995803833,10.460000038146973,10.130000114440918,10.25,0,0.0,0.0,3.5353575248085356
2017-12-27 00:00:00-06:00,10.039999961853027,10.789999961853027,9.710000038146973,10.470000267028809,0,0.0,0.0,2.1463440685737467
2017-12-28 00:00:00-06:00,10.289999961853027,10.4399995803833,10.069999694824219,10.180000305175781,0,0.0,0.0,-2.769818094143406
2017-12-29 00:00:00-06:00,10.029999732971191,11.0600004196167,9.949999809265137,11.039999961853027,0,0.0,0.0,8.447933505856575
2018-01-02 00:00:00-06:00,10.949999809265137,11.069999694824219,9.520000457763672,9.770000457763672,0,0.0,0.0,-11.503618736210486
2018-01-03 00:00:00-06:00,9.5600004196167,9.649999618530273,8.9399995803833,9.149999618530273,0,0.0,0.0,-6.345965303826762
2018-01-04 00:00:00-06:00,9.010000228881836,9.3100004196167,8.920000076293945,9.220000267028809,0,0.0,0.0,0.7650344417148736
2018-01-05 00:00:00-06:00,9.100000381469727,9.539999961853027,9.0,9.220000267028809,0,0.0,0.0,0.0
2018-01-08 00:00:00-06:00,9.609999656677246,9.890000343322754,9.319999694824219,9.520000457763672,0,0.0,0.0,3.253798069916325
2018-01-09 00:00:00-06:00,9.40999984741211,10.09000015258789,9.369999885559082,10.079999923706055,0,0.0,0.0,5.882347048478298
2018-01-10 00:00:00-06:00,10.109999656677246,10.850000381469727,9.819999694824219,9.819999694824219,0,0.0,0.0,-2.5793673695410413
2018-01-11 00:00:00-06:00,9.6899995803833,10.020000457763672,9.619999885559082,9.880000114440918,0,0.0,0.0,0.6110022554106864
2018-01-12 00:00:00-06:00,9.739999771118164,10.3100004196167,9.539999961853027,10.15999984741211,0,0.0,0.0,2.83400536161873
2018-01-16 00:00:00-06:00,10.420000076293945,12.40999984741211,10.399999618530273,11.65999984741211,0,0.0,0.0,14.763779749288775
2018-01-17 00:00:00-06:00,11.350000381469727,12.8100004196167,11.180000305175781,11.90999984741211,0,0.0,0.0,2.1440823608199766
2018-01-18 00:00:00-06:00,12.010000228881836,12.399999618530273,11.619999885559082,12.220000267028809,0,0.0,0.0,2.6028583004898964
2018-01-19 00:00:00-06:00,12.300000190734863,12.329999923706055,11.180000305175781,11.270000457763672,0,0.0,0.0,-7.774139022143589
2018-01-22 00:00:00-06:00,11.59000015258789,11.619999885559082,10.84000015258789,11.029999732971191,0,0.0,0.0,-2.129553815831031
2018-01-23 00:00:00-06:00,10.770000457763672,11.569999694824219,10.760000228881836,11.100000381469727,0,0.0,0.0,0.6346387143536081
2018-01-24 00:00:00-06:00,11.0,12.1899995803833,10.890000343322754,11.470000267028809,0,0.0,0.0,3.333332187778648
2018-01-25 00:00:00-06:00,11.270000457763672,12.010000228881836,11.199999809265137,11.579999923706055,0,0.0,0.0,0.959020524118448
2018-01-26 00:00:00-06:00,11.399999618530273,11.600000381469727,11.079999923706055,11.079999923706055,0,0.0,0.0,-4.317789320329979
2018-01-29 00:00:00-06:00,11.710000038146973,13.84000015258789,11.680000305175781,13.84000015258789,0,0.0,0.0,24.90974952966125
2018-01-30 00:00:00-06:00,13.930000305175781,15.420000076293945,13.880000114440918,14.789999961853027,0,0.0,0.0,6.864160395890595
2018-01-31 00:00:00-06:00,14.229999542236328,14.4399995803833,13.40999984741211,13.539999961853027,0,0.0,0.0,-8.451656546477693
2018-02-01 00:00:00-06:00,13.050000190734863,14.300000190734863,12.5,13.470000267028809,0,0.0,0.0,-0.5169844536294876
2018-02-02 00:00:00-06:00,13.640000343322754,17.860000610351562,13.640000343322754,17.309999465942383,0,0.0,0.0,28.50778858789582
2018-02-05 00:00:00-06:00,18.440000534057617,38.79999923706055,16.799999237060547,37.31999969482422,0,0.0,0.0,115.59792516603906
2018-02-06 00:00:00-06:00,37.31999969482422,50.29999923706055,22.420000076293945,29.979999542236328,0,0.0,0.0,-19.667739047719902
2018-02-07 00:00:00-06:00,31.3799991607666,31.639999389648438,21.170000076293945,27.729999542236328,0,0.0,0.0,-7.505003450150694
2018-02-08 00:00:00-06:00,27.290000915527344,36.16999816894531,24.40999984741211,33.459999084472656,0,0.0,0.0,20.663539981343337
2018-02-09 00:00:00-06:00,32.18000030517578,41.060001373291016,27.729999542236328,29.059999465942383,0,0.0,0.0,-13.15002910616373
2018-02-12 00:00:00-06:00,27.25,29.700000762939453,24.420000076293945,25.610000610351562,0,0.0,0.0,-11.87198526838975
2018-02-13 00:00:00-06:00,26.940000534057617,27.81999969482422,24.469999313354492,24.969999313354492,0,0.0,0.0,-2.4990288236790614
2018-02-14 00:00:00-06:00,23.479999542236328,25.719999313354492,18.989999771118164,19.260000228881836,0,0.0,0.0,-22.867437891433283
2018-02-15 00:00:00-06:00,18.389999389648438,20.65999984741211,17.600000381469727,19.1299991607666,0,0.0,0.0,-0.6749795772083567
2018-02-16 00:00:00-06:00,18.739999771118164,20.989999771118164,17.440000534057617,19.459999084472656,0,0.0,0.0,1.7250388822956486
2018-02-20 00:00:00-06:00,20.530000686645508,21.610000610351562,19.75,20.600000381469727,0,0.0,0.0,5.85817754691822
2018-02-21 00:00:00-06:00,20.760000228881836,21.040000915527344,16.969999313354492,20.020000457763672,0,0.0,0.0,-2.815533558085659
2018-02-22 00:00:00-06:00,20.56999969482422,20.610000610351562,18.06999969482422,18.719999313354492,0,0.0,0.0,-6.493512061359841
2018-02-23 00:00:00-06:00,17.959999084472656,18.799999237060547,16.469999313354492,16.489999771118164,0,0.0,0.0,-11.912391154018309
2018-02-26 00:00:00-06:00,16.530000686645508,16.940000534057617,15.800000190734863,15.800000190734863,0,0.0,0.0,-4.184351667437969
2018-02-27 00:00:00-06:00,15.829999923706055,18.979999542236328,15.289999961853027,18.59000015258789,0,0.0,0.0,17.658227393497672
2018-02-28 00:00:00-06:00,18.079999923706055,20.440000534057617,15.649999618530273,19.850000381469727,0,0.0,0.0,6.777838722644836
2018-03-01 00:00:00-06:00,19.959999084472656,25.299999237060547,19.56999969482422,22.469999313354492,0,0.0,0.0,13.198986808738677
2018-03-02 00:00:00-06:00,22.469999313354492,26.219999313354492,19.360000610351562,19.59000015258789,0,0.0,0.0,-12.817086109366038
2018-03-05 00:00:00-06:00,21.549999237060547,21.56999969482422,17.940000534057617,18.729999542236328,0,0.0,0.0,-4.389997976788962
2018-03-06 00:00:00-06:00,18.25,19.639999389648438,17.68000030517578,18.360000610351562,0,0.0,0.0,-1.975434815416921
2018-03-07 00:00:00-06:00,20.110000610351562,20.489999771118164,17.520000457763672,17.760000228881836,0,0.0,0.0,-3.267975825291858
2018-03-08 00:00:00-06:00,17.559999465942383,17.68000030517578,14.90999984741211,16.540000915527344,0,0.0,0.0,-6.869365414593254
2018-03-09 00:00:00-06:00,16.40999984741211,16.75,13.3100004196167,14.640000343322754,0,0.0,0.0,-11.4873063303214
2018-03-12 00:00:00-05:00,15.279999732971191,16.350000381469727,15.180000305175781,15.779999732971191,0,0.0,0.0,7.786880894223391
2018-03-13 00:00:00-05:00,15.699999809265137,16.979999542236328,15.029999732971191,16.350000381469727,0,0.0,0.0,3.612171471128467
2018-03-14 00:00:00-05:00,16.59000015258789,17.59000015258789,14.9399995803833,17.229999542236328,0,0.0,0.0,5.382257738439855
2018-03-15 00:00:00-05:00,16.989999771118164,17.40999984741211,15.960000038146973,16.59000015258789,0,0.0,0.0,-3.7144480943228753
2018-03-16 00:00:00-05:00,16.600000381469727,16.719999313354492,15.229999542236328,15.800000190734863,0,0.0,0.0,-4.76190448816719
2018-03-19 00:00:00-05:00,16.6299991607666,21.8700008392334,16.559999465942383,19.020000457763672,0,0.0,0.0,20.379748279477994
2018-03-20 00:00:00-05:00,18.3799991607666,19.309999465942383,18.09000015258789,18.200000762939453,0,0.0,0.0,-4.311249606145551
2018-03-21 00:00:00-05:00,17.760000228881836,18.3700008392334,16.260000228881836,17.860000610351562,0,0.0,0.0,-1.8681326282152133
2018-03-22 00:00:00-05:00,18.1299991607666,23.809999465942383,18.1200008392334,23.34000015258789,0,0.0,0.0,30.683087093850105
2018-03-23 00:00:00-05:00,24.020000457763672,26.010000228881836,21.6299991607666,24.8700008392334,0,0.0,0.0,6.555272821949254
2018-03-26 00:00:00-05:00,23.40999984741211,24.540000915527344,20.709999084472656,21.030000686645508,0,0.0,0.0,-15.440289597940582
2018-03-27 00:00:00-05:00,20.329999923706055,24.059999465942383,19.84000015258789,22.5,0,0.0,0.0,6.990010772029942
2018-03-28 00:00:00-05:00,22.520000457763672,24.940000534057617,21.709999084472656,22.8700008392334,0,0.0,0.0,1.6444481743706607
2018-03-29 00:00:00-05:00,22.8700008392334,23.049999237060547,19.600000381469727,19.969999313354492,0,0.0,0.0,-12.680373500047992
2018-04-02 00:00:00-05:00,21.06999969482422,25.719999313354492,20.440000534057617,23.6200008392334,0,0.0,0.0,18.27742439349034
2018-04-03 00:00:00-05:00,23.030000686645508,23.3799991607666,20.920000076293945,21.100000381469727,0,0.0,0.0,-10.668926199096019
2018-04-04 00:00:00-05:00,21.68000030517578,24.510000228881836,19.860000610351562,20.059999465942383,0,0.0,0.0,-4.928914202488288
2018-04-05 00:00:00-05:00,19.760000228881836,20.209999084472656,18.56999969482422,18.940000534057617,0,0.0,0.0,-5.583245073292675
2018-04-06 00:00:00-05:00,20.329999923706055,23.1200008392334,18.600000381469727,21.489999771118164,0,0.0,0.0,13.46356475795858
2018-04-09 00:00:00-05:00,21.270000457763672,22.020000457763672,20.34000015258789,21.770000457763672,0,0.0,0.0,1.3029348051544432
2018-04-10 00:00:00-05:00,20.510000228881836,21.68000030517578,20.239999771118164,20.469999313354492,0,0.0,0.0,-5.9715255722264775
2018-04-11 00:00:00-05:00,20.950000762939453,21.65999984741211,19.639999389648438,20.239999771118164,0,0.0,0.0,-1.1235933070416815
2018-04-12 00:00:00-05:00,19.829999923706055,19.920000076293945,18.15999984741211,18.489999771118164,0,0.0,0.0,-8.646245157063658
2018-04-13 00:00:00-05:00,18.270000457763672,18.450000762939453,17.260000228881836,17.40999984741211,0,0.0,0.0,-5.840994792185128
2018-04-16 00:00:00-05:00,17.59000015258789,17.65999984741211,16.3799991607666,16.559999465942383,0,0.0,0.0,-4.882253813437421
2018-04-17 00:00:00-05:00,16.15999984741211,16.270000457763672,14.569999694824219,15.25,0,0.0,0.0,-7.910625049454579
2018-04-18 00:00:00-05:00,15.300000190734863,16.899999618530273,14.949999809265137,15.600000381469727,0,0.0,0.0,2.2950844686539407
2018-04-19 00:00:00-05:00,15.550000190734863,16.920000076293945,15.15999984741211,15.960000038146973,0,0.0,0.0,2.307690050475042
2018-04-20 00:00:00-05:00,16.15999984741211,17.5,15.1899995803833,16.8799991607666,0,0.0,0.0,5.764405516420323
2018-04-23 00:00:00-05:00,17.290000915527344,17.559999465942383,15.789999961853027,16.34000015258789,0,0.0,0.0,-3.199046416031859
2018-04-24 00:00:00-05:00,16.15999984741211,19.65999984741211,15.369999885559082,18.020000457763672,0,0.0,0.0,10.28151951950691
2018-04-25 00:00:00-05:00,18.139999389648438,19.84000015258789,17.75,17.84000015258789,0,0.0,0.0,-0.9988917902509331
2018-04-26 00:00:00-05:00,18.06999969482422,18.1200008392334,16.239999771118164,16.239999771118164,0,0.0,0.0,-8.968611927044346
2018-04-27 00:00:00-05:00,16.219999313354492,16.770000457763672,15.25,15.40999984741211,0,0.0,0.0,-5.110837040663996
2018-04-30 00:00:00-05:00,15.3100004196167,16.350000381469727,15.130000114440918,15.930000305175781,0,0.0,0.0,3.3744351908673087
2018-05-01 00:00:00-05:00,16.0,16.81999969482422,15.420000076293945,15.489999771118164,0,0.0,0.0,-2.7620874176295995
2018-05-02 00:00:00-05:00,15.479999542236328,15.970000267028809,14.75,15.970000267028809,0,0.0,0.0,3.0987766494718016
2018-05-03 00:00:00-05:00,15.779999732971191,18.65999984741211,15.430000305175781,15.899999618530273,0,0.0,0.0,-0.43832590687588047
2018-05-04 00:00:00-05:00,15.9399995803833,16.920000076293945,10.90999984741211,14.770000457763672,0,0.0,0.0,-7.106913131303926
2018-05-07 00:00:00-05:00,15.050000190734863,15.270000457763672,14.510000228881836,14.75,0,0.0,0.0,-0.135412709165883
2018-05-08 00:00:00-05:00,14.529999732971191,15.5600004196167,14.520000457763672,14.710000038146973,0,0.0,0.0,-0.2711861820544281
2018-05-09 00:00:00-05:00,14.539999961853027,14.630000114440918,13.380000114440918,13.420000076293945,0,0.0,0.0,-8.769544245463711
2018-05-10 00:00:00-05:00,13.359999656677246,13.630000114440918,12.920000076293945,13.229999542236328,0,0.0,0.0,-1.4158012889526561
2018-05-11 00:00:00-05:00,13.220000267028809,13.4399995803833,12.649999618530273,12.649999618530273,0,0.0,0.0,-4.383975387560857
2018-05-14 00:00:00-05:00,13.09000015258789,13.279999732971191,12.8100004196167,12.930000305175781,0,0.0,0.0,2.213444229953576
2018-05-15 00:00:00-05:00,13.130000114440918,15.010000228881836,12.5,14.630000114440918,0,0.0,0.0,13.147716698696744
2018-05-16 00:00:00-05:00,14.380000114440918,14.90999984741211,13.210000038146973,13.420000076293945,0,0.0,0.0,-8.270676887778084
2018-05-17 00:00:00-05:00,13.539999961853027,13.859999656677246,12.649999618530273,13.430000305175781,0,0.0,0.0,0.07451735339034649
2018-05-18 00:00:00-05:00,13.180000305175781,13.869999885559082,13.0600004196167,13.420000076293945,0,0.0,0.0,-0.07446186637822816
2018-05-21 00:00:00-05:00,12.989999771118164,13.59000015258789,12.779999732971191,13.079999923706055,0,0.0,0.0,-2.5335331643439485
2018-05-22 00:00:00-05:00,13.029999732971191,13.420000076293945,12.770000457763672,13.220000267028809,0,0.0,0.0,1.0703390224721554
2018-05-23 00:00:00-05:00,13.5,14.600000381469727,12.489999771118164,12.579999923706055,0,0.0,0.0,-4.841152272280502
2018-05-24 00:00:00-05:00,12.729999542236328,14.239999771118164,12.529999732971191,12.529999732971191,0,0.0,0.0,-0.39745779839506223
2018-05-25 00:00:00-05:00,12.4399995803833,13.520000457763672,12.289999961853027,13.220000267028809,0,0.0,0.0,5.50678809866183
2018-05-29 00:00:00-05:00,14.390000343322754,18.780000686645508,14.390000343322754,17.020000457763672,0,0.0,0.0,28.744327639782362
2018-05-30 00:00:00-05:00,16.600000381469727,16.639999389648438,14.649999618530273,14.9399995803833,0,0.0,0.0,-12.220921395049544
2018-05-31 00:00:00-05:00,14.930000305175781,16.290000915527344,14.199999809265137,15.430000305175781,0,0.0,0.0,3.279790753380385
2018-06-01 00:00:00-05:00,14.920000076293945,14.930000305175781,13.369999885559082,13.460000038146973,0,0.0,0.0,-12.767337835813253
2018-06-04 00:00:00-05:00,13.90999984741211,13.90999984741211,12.6899995803833,12.739999771118164,0,0.0,0.0,-5.349184732453615
2018-06-05 00:00:00-05:00,12.90999984741211,13.34000015258789,12.300000190734863,12.399999618530273,0,0.0,0.0,-2.6687610572700193
2018-06-06 00:00:00-05:00,12.100000381469727,12.5600004196167,11.619999885559082,11.640000343322754,0,0.0,0.0,-6.1290266015153305
2018-06-07 00:00:00-05:00,11.65999984741211,13.279999732971191,11.220000267028809,12.130000114440918,0,0.0,0.0,4.209619902625272
2018-06-08 00:00:00-05:00,12.539999961853027,13.3100004196167,12.09000015258789,12.180000305175781,0,0.0,0.0,0.4122027226969083
2018-06-11 00:00:00-05:00,12.520000457763672,12.6899995803833,12.140000343322754,12.350000381469727,0,0.0,0.0,1.3957312974918867
2018-06-12 00:00:00-05:00,12.289999961853027,12.600000381469727,11.880000114440918,12.34000015258789,0,0.0,0.0,-0.08097351071211234
2018-06-13 00:00:00-05:00,12.130000114440918,12.949999809265137,11.979999542236328,12.9399995803833,0,0.0,0.0,4.862231931736094
2018-06-14 00:00:00-05:00,12.979999542236328,13.069999694824219,11.880000114440918,12.119999885559082,0,0.0,0.0,-6.336937568895418
2018-06-15 00:00:00-05:00,12.1899995803833,13.15999984741211,11.930000305175781,11.979999542236328,0,0.0,0.0,-1.1551183551541389
2018-06-18 00:00:00-05:00,12.789999961853027,13.739999771118164,12.279999732971191,12.3100004196167,0,0.0,0.0,2.7545984139392576
2018-06-19 00:00:00-05:00,14.609999656677246,14.680000305175781,13.210000038146973,13.350000381469727,0,0.0,0.0,8.448415324143511
2018-06-20 00:00:00-05:00,12.899999618530273,13.020000457763672,12.25,12.789999961853027,0,0.0,0.0,-4.194759577640161
2018-06-21 00:00:00-05:00,12.539999961853027,15.180000305175781,12.180000305175781,14.640000343322754,0,0.0,0.0,14.464428357994287
2018-06-22 00:00:00-05:00,14.600000381469727,14.600000381469727,13.109999656677246,13.770000457763672,0,0.0,0.0,-5.942622029758937
2018-06-25 00:00:00-05:00,15.069999694824219,19.610000610351562,14.5600004196167,17.329999923706055,0,0.0,0.0,25.853299546807328
2018-06-26 00:00:00-05:00,16.709999084472656,17.540000915527344,15.100000381469727,15.920000076293945,0,0.0,0.0,-8.136179189956849
2018-06-27 00:00:00-05:00,16.520000457763672,18.190000534057617,14.760000228881836,17.90999984741211,0,0.0,0.0,12.49999850239587
2018-06-28 00:00:00-05:00,17.540000915527344,18.989999771118164,16.399999618530273,16.850000381469727,0,0.0,0.0,-5.918478363893154
2018-06-29 00:00:00-05:00,15.729999542236328,16.510000228881836,14.65999984741211,16.09000015258789,0,0.0,0.0,-4.510387012914396
2018-07-02 00:00:00-05:00,17.700000762939453,18.079999923706055,15.539999961853027,15.600000381469727,0,0.0,0.0,-3.045368343513366
2018-07-03 00:00:00-05:00,15.369999885559082,16.450000762939453,14.680000305175781,16.139999389648438,0,0.0,0.0,3.461532019064184
2018-07-05 00:00:00-05:00,15.619999885559082,16.219999313354492,14.470000267028809,14.970000267028809,0,0.0,0.0,-7.2490654700397394
2018-07-06 00:00:00-05:00,14.989999771118164,15.449999809265137,13.34000015258789,13.369999885559082,0,0.0,0.0,-10.688045109749943
2018-07-09 00:00:00-05:00,13.020000457763672,13.220000267028809,12.600000381469727,12.6899995803833,0,0.0,0.0,-5.086015789052089
2018-07-10 00:00:00-05:00,12.520000457763672,13.210000038146973,11.930000305175781,12.640000343322754,0,0.0,0.0,-0.394005033206124
2018-07-11 00:00:00-05:00,14.050000190734863,14.149999618530273,13.09000015258789,13.630000114440918,0,0.0,0.0,7.832276457501397
2018-07-12 00:00:00-05:00,13.069999694824219,13.329999923706055,12.420000076293945,12.579999923706055,0,0.0,0.0,-7.703596345699171
2018-07-13 00:00:00-05:00,12.390000343322754,12.970000267028809,11.619999885559082,12.180000305175781,0,0.0,0.0,-3.179647225406612
2018-07-16 00:00:00-05:00,12.770000457763672,12.970000267028809,12.460000038146973,12.829999923706055,0,0.0,0.0,5.336614139936113
2018-07-17 00:00:00-05:00,12.90999984741211,13.180000305175781,11.850000381469727,12.0600004196167,0,0.0,0.0,-6.001555016899285
2018-07-18 00:00:00-05:00,11.869999885559082,12.470000267028809,11.4399995803833,12.100000381469727,0,0.0,0.0,0.33167463069041503
2018-07-19 00:00:00-05:00,12.199999809265137,13.09000015258789,11.789999961853027,12.869999885559082,0,0.0,0.0,6.363632064578728
2018-07-20 00:00:00-05:00,13.0,13.579999923706055,12.489999771118164,12.859999656677246,0,0.0,0.0,-0.07770185680464614
2018-07-23 00:00:00-05:00,13.470000267028809,13.550000190734863,12.579999923706055,12.619999885559082,0,0.0,0.0,-1.866250214039078
2018-07-24 00:00:00-05:00,12.609999656677246,13.210000038146973,11.65999984741211,12.40999984741211,0,0.0,0.0,-1.6640256739405612
2018-07-25 00:00:00-05:00,12.369999885559082,12.819999694824219,11.800000190734863,12.289999961853027,0,0.0,0.0,-0.966961217039064
2018-07-26 00:00:00-05:00,12.449999809265137,12.529999732971191,11.779999732971191,12.140000343322754,0,0.0,0.0,-1.220501375068006
2018-07-27 00:00:00-05:00,12.170000076293945,14.260000228881836,11.600000381469727,13.029999732971191,0,0.0,0.0,7.331131503121879
2018-07-30 00:00:00-05:00,13.630000114440918,14.460000038146973,12.979999542236328,14.260000228881836,0,0.0,0.0,9.439758412260325
2018-07-31 00:00:00-05:00,13.979999542236328,14.119999885559082,12.8100004196167,12.829999923706055,0,0.0,0.0,-10.02805247000975
2018-08-01 00:00:00-05:00,13.09000015258789,13.630000114440918,12.449999809265137,13.149999618530273,0,0.0,0.0,2.4941519620195196
2018-08-02 00:00:00-05:00,13.569999694824219,14.529999732971191,12.170000076293945,12.1899995803833,0,0.0,0.0,-7.30038073000544
2018-08-03 00:00:00-05:00,12.430000305175781,12.460000038146973,11.069999694824219,11.640000343322754,0,0.0,0.0,-4.511888892478966
2018-08-06 00:00:00-05:00,11.90999984741211,12.149999618530273,11.170000076293945,11.270000457763672,0,0.0,0.0,-3.1786930811503855
2018-08-07 00:00:00-05:00,11.119999885559082,11.239999771118164,10.520000457763672,10.930000305175781,0,0.0,0.0,-3.0168601488713476
2018-08-08 00:00:00-05:00,10.930000305175781,11.180000305175781,10.520000457763672,10.850000381469727,0,0.0,0.0,-0.7319297481462206
2018-08-09 00:00:00-05:00,10.9399995803833,11.3100004196167,10.170000076293945,11.270000457763672,0,0.0,0.0,3.8709683090080382
2018-08-10 00:00:00-05:00,12.34000015258789,13.819999694824219,12.300000190734863,13.15999984741211,0,0.0,0.0,16.770180238515042
2018-08-13 00:00:00-05:00,14.5,15.020000457763672,12.949999809265137,14.779999732971191,0,0.0,0.0,12.310029668257583
2018-08-14 00:00:00-05:00,13.930000305175781,14.220000267028809,13.109999656677246,13.3100004196167,0,0.0,0.0,-9.94586833499882
2018-08-15 00:00:00-05:00,13.520000457763672,16.860000610351562,13.4399995803833,14.640000343322754,0,0.0,0.0,9.992485963755925
2018-08-16 00:00:00-05:00,14.180000305175781,14.359999656677246,12.819999694824219,13.449999809265137,0,0.0,0.0,-8.128418757861377
2018-08-17 00:00:00-05:00,13.180000305175781,13.960000038146973,12.399999618530273,12.640000343322754,0,0.0,0.0,-6.022300947427583
2018-08-20 00:00:00-05:00,12.569999694824219,12.789999961853027,12.260000228881836,12.489999771118164,0,0.0,0.0,-1.1867133554614995
2018-08-21 00:00:00-05:00,12.470000267028809,12.890000343322754,12.09000015258789,12.859999656677246,0,0.0,0.0,2.9623690339424025
2018-08-22 00:00:00-05:00,13.09000015258789,13.289999961853027,11.970000267028809,12.25,0,0.0,0.0,-4.743387814637446
2018-08-23 00:00:00-05:00,12.029999732971191,12.680000305175781,11.649999618530273,12.40999984741211,0,0.0,0.0,1.3061212033641523
2018-08-24 00:00:00-05:00,12.130000114440918,12.170000076293945,11.829999923706055,11.989999771118164,0,0.0,0.0,-3.384368101999047
2018-08-27 00:00:00-05:00,12.369999885559082,12.479999542236328,12.020000457763672,12.15999984741211,0,0.0,0.0,1.4178488702180525
2018-08-28 00:00:00-05:00,12.010000228881836,12.5,11.869999885559082,12.5,0,0.0,0.0,2.7960539214994196
2018-08-29 00:00:00-05:00,12.34000015258789,12.550000190734863,12.09000015258789,12.25,0,0.0,0.0,-2.0000000000000018
2018-08-30 00:00:00-05:00,12.25,13.949999809265137,12.239999771118164,13.529999732971191,0,0.0,0.0,10.448977412009718
2018-08-31 00:00:00-05:00,13.539999961853027,14.029999732971191,12.819999694824219,12.859999656677246,0,0.0,0.0,-4.951959272114581
2018-09-04 00:00:00-05:00,13.130000114440918,14.350000381469727,13.119999885559082,13.15999984741211,0,0.0,0.0,2.3328164754584213
2018-09-05 00:00:00-05:00,13.6899995803833,14.300000190734863,13.229999542236328,13.90999984741211,0,0.0,0.0,5.699088211976577
2018-09-06 00:00:00-05:00,14.210000038146973,15.40999984741211,13.720000267028809,14.649999618530273,0,0.0,0.0,5.3199121440381525
2018-09-07 00:00:00-05:00,14.720000267028809,15.630000114440918,14.3100004196167,14.880000114440918,0,0.0,0.0,1.5699692962430234
2018-09-10 00:00:00-05:00,15.09000015258789,15.199999809265137,13.930000305175781,14.15999984741211,0,0.0,0.0,-4.838711434753651
2018-09-11 00:00:00-05:00,13.960000038146973,14.920000076293945,13.210000038146973,13.220000267028809,0,0.0,0.0,-6.6384151872367125
2018-09-12 00:00:00-05:00,13.069999694824219,13.859999656677246,12.90999984741211,13.140000343322754,0,0.0,0.0,-0.6051431323006673
2018-09-13 00:00:00-05:00,12.90999984741211,12.90999984741211,12.300000190734863,12.369999885559082,0,0.0,0.0,-5.859972889231746
2018-09-14 00:00:00-05:00,12.130000114440918,13.149999618530273,11.930000305175781,12.069999694824219,0,0.0,0.0,-2.42522387639702
2018-09-17 00:00:00-05:00,12.720000267028809,13.75,12.319999694824219,13.680000305175781,0,0.0,0.0,13.338862063451028
2018-09-18 00:00:00-05:00,13.479999542236328,13.479999542236328,12.5600004196167,12.789999961853027,0,0.0,0.0,-6.505850317752005
2018-09-19 00:00:00-05:00,12.609999656677246,12.770000457763672,11.65999984741211,11.75,0,0.0,0.0,-8.131352345229804
2018-09-20 00:00:00-05:00,11.819999694824219,11.960000038146973,11.3100004196167,11.800000190734863,0,0.0,0.0,0.4255335381690539
2018-09-21 00:00:00-05:00,11.760000228881836,12.029999732971191,11.100000381469727,11.680000305175781,0,0.0,0.0,-1.0169481662661628
2018-09-24 00:00:00-05:00,12.460000038146973,12.920000076293945,12.180000305175781,12.199999809265137,0,0.0,0.0,4.452050432386789
2018-09-25 00:00:00-05:00,12.279999732971191,12.600000381469727,11.800000190734863,12.420000076293945,0,0.0,0.0,1.803280905477811
2018-09-26 00:00:00-05:00,12.210000038146973,13.130000114440918,11.550000190734863,12.890000343322754,0,0.0,0.0,3.784221128354881
2018-09-27 00:00:00-05:00,12.770000457763672,13.0,11.9399995803833,12.40999984741211,0,0.0,0.0,-3.723820660402799
2018-09-28 00:00:00-05:00,12.59000015258789,13.220000267028809,12.09000015258789,12.119999885559082,0,0.0,0.0,-2.3368248623588994
2018-10-01 00:00:00-05:00,11.989999771118164,12.399999618530273,11.569999694824219,12.0,0,0.0,0.0,-0.9900980750178201
2018-10-02 00:00:00-05:00,12.470000267028809,12.6899995803833,11.609999656677246,12.050000190734863,0,0.0,0.0,0.4166682561238533
2018-10-03 00:00:00-05:00,11.65999984741211,12.140000343322754,11.34000015258789,11.609999656677246,0,0.0,0.0,-3.651456656373575
2018-10-04 00:00:00-05:00,12.84000015258789,15.84000015258789,12.420000076293945,14.220000267028809,0,0.0,0.0,22.480626076939416
2018-10-05 00:00:00-05:00,14.289999961853027,17.360000610351562,11.720000267028809,14.819999694824219,0,0.0,0.0,4.2194051795244825
2018-10-08 00:00:00-05:00,16.049999237060547,18.3799991607666,15.6899995803833,15.6899995803833,0,0.0,0.0,5.870444692808752
2018-10-09 00:00:00-05:00,16.1200008392334,17.489999771118164,15.270000457763672,15.949999809265137,0,0.0,0.0,1.6571079403144617
2018-10-10 00:00:00-05:00,16.030000686645508,22.959999084472656,15.829999923706055,22.959999084472656,0,0.0,0.0,43.949839241599896
2018-10-11 00:00:00-05:00,23.06999969482422,28.84000015258789,20.649999618530273,24.979999542236328,0,0.0,0.0,8.79791175222544
2018-10-12 00:00:00-05:00,21.6299991607666,26.799999237060547,20.8799991607666,21.309999465942383,0,0.0,0.0,-14.691753977371725
2018-10-15 00:00:00-05:00,21.969999313354492,22.889999389648438,19.469999313354492,21.299999237060547,0,0.0,0.0,-0.04692740090311842
2018-10-16 00:00:00-05:00,20.280000686645508,20.559999465942383,17.549999237060547,17.6200008392334,0,0.0,0.0,-17.27698840206624
2018-10-17 00:00:00-05:00,17.059999465942383,19.549999237060547,17.059999465942383,17.399999618530273,0,0.0,0.0,-1.248588026246067
2018-10-18 00:00:00-05:00,18.020000457763672,21.56999969482422,17.510000228881836,20.059999465942383,0,0.0,0.0,15.287355780050248
2018-10-19 00:00:00-05:00,19.239999771118164,21.079999923706055,18.389999389648438,19.889999389648438,0,0.0,0.0,-0.8474580300092738
2018-10-22 00:00:00-05:00,19.3799991607666,20.889999389648438,18.81999969482422,19.639999389648438,0,0.0,0.0,-1.25691306018898
2018-10-23 00:00:00-05:00,22.18000030517578,24.65999984741211,20.18000030517578,20.709999084472656,0,0.0,0.0,5.4480637885772065
2018-10-24 00:00:00-05:00,21.600000381469727,26.3799991607666,20.399999618530273,25.229999542236328,0,0.0,0.0,21.82520839005033
2018-10-25 00:00:00-05:00,24.780000686645508,24.780000686645508,22.059999465942383,24.219999313354492,0,0.0,0.0,-4.00317180819224
2018-10-26 00:00:00-05:00,24.510000228881836,27.520000457763672,23.329999923706055,24.15999984741211,0,0.0,0.0,-0.24772695145908186
2018-10-29 00:00:00-05:00,24.479999542236328,27.860000610351562,22.010000228881836,24.700000762939453,0,0.0,0.0,2.2351031412989997
2018-10-30 00:00:00-05:00,23.940000534057617,25.549999237060547,23.110000610351562,23.350000381469727,0,0.0,0.0,-5.4655884201238685
2018-10-31 00:00:00-05:00,22.719999313354492,22.799999237060547,20.389999389648438,21.229999542236328,0,0.0,0.0,-9.079232567875263
2018-11-01 00:00:00-05:00,20.959999084472656,21.209999084472656,19.030000686645508,19.34000015258789,0,0.0,0.0,-8.902493784271403
2018-11-02 00:00:00-05:00,18.520000457763672,21.610000610351562,18.049999237060547,19.510000228881836,0,0.0,0.0,0.8790076264358015
2018-11-05 00:00:00-06:00,20.579999923706055,20.8700008392334,19.639999389648438,19.959999084472656,0,0.0,0.0,2.306503589501041
2018-11-06 00:00:00-06:00,19.84000015258789,20.600000381469727,19.690000534057617,19.90999984741211,0,0.0,0.0,-0.2504971911518883
2018-11-07 00:00:00-06:00,18.030000686645508,18.049999237060547,16.329999923706055,16.360000610351562,0,0.0,0.0,-17.830232366988053
2018-11-08 00:00:00-06:00,16.18000030517578,17.200000762939453,16.09000015258789,16.719999313354492,0,0.0,0.0,2.200480987605502
2018-11-09 00:00:00-06:00,16.8700008392334,18.40999984741211,16.84000015258789,17.360000610351562,0,0.0,0.0,3.827759110527551
2018-11-12 00:00:00-06:00,17.260000228881836,20.709999084472656,17.25,20.450000762939453,0,0.0,0.0,17.7995394236643
2018-11-13 00:00:00-06:00,19.450000762939453,21.25,19.110000610351562,20.020000457763672,0,0.0,0.0,-2.1026909004084215
2018-11-14 00:00:00-06:00,20.520000457763672,22.360000610351562,19.299999237060547,21.25,0,0.0,0.0,6.1438537168431395
2018-11-15 00:00:00-06:00,20.40999984741211,22.969999313354492,19.940000534057617,19.979999542236328,0,0.0,0.0,-5.9764727424172825
2018-11-16 00:00:00-06:00,20.040000915527344,21.360000610351562,18.100000381469727,18.139999389648438,0,0.0,0.0,-9.209210183905448
2018-11-19 00:00:00-06:00,18.780000686645508,20.989999771118164,18.520000457763672,20.100000381469727,0,0.0,0.0,10.804856988803202
2018-11-20 00:00:00-06:00,20.760000228881836,23.809999465942383,20.3700008392334,22.479999542236328,0,0.0,0.0,11.84079161988838
2018-11-21 00:00:00-06:00,21.65999984741211,22.309999465942383,20.110000610351562,20.799999237060547,0,0.0,0.0,-7.473311118264614
2018-11-23 00:00:00-06:00,21.229999542236328,22.649999618530273,20.649999618530273,21.520000457763672,0,0.0,0.0,3.461544457272181
2018-11-26 00:00:00-06:00,20.780000686645508,20.799999237060547,18.670000076293945,18.899999618530273,0,0.0,0.0,-12.174724830399308
2018-11-27 00:00:00-06:00,19.40999984741211,19.93000030517578,18.700000762939453,19.020000457763672,0,0.0,0.0,0.6349250881240609
2018-11-28 00:00:00-06:00,18.8700008392334,19.3799991607666,18.18000030517578,18.489999771118164,0,0.0,0.0,-2.7865440267598407
2018-11-29 00:00:00-06:00,18.649999618530273,20.479999542236328,18.59000015258789,18.790000915527344,0,0.0,0.0,1.622504857343432
2018-11-30 00:00:00-06:00,19.18000030517578,19.90999984741211,18.030000686645508,18.06999969482422,0,0.0,0.0,-3.8318317489178133
2018-12-03 00:00:00-06:00,16.040000915527344,17.280000686645508,15.9399995803833,16.440000534057617,0,0.0,0.0,-9.020471434946852
2018-12-04 00:00:00-06:00,16.84000015258789,21.940000534057617,16.260000228881836,20.739999771118164,0,0.0,0.0,26.155712271131225
2018-12-06 00:00:00-06:00,23.530000686645508,25.940000534057617,20.940000534057617,21.190000534057617,0,0.0,0.0,2.1697240496892922
2018-12-07 00:00:00-06:00,22.420000076293945,24.709999084472656,19.899999618530273,23.229999542236328,0,0.0,0.0,9.627177710070956
2018-12-10 00:00:00-06:00,23.950000762939453,25.940000534057617,22.5,22.639999389648438,0,0.0,0.0,-2.5398199062172333
2018-12-11 00:00:00-06:00,22.959999084472656,23.600000381469727,21.389999389648438,21.760000228881836,0,0.0,0.0,-3.886922192979203
2018-12-12 00:00:00-06:00,21.90999984741211,21.90999984741211,20.5,21.459999084472656,0,0.0,0.0,-1.3786817153199848
2018-12-13 00:00:00-06:00,21.0,21.56999969482422,20.34000015258789,20.649999618530273,0,0.0,0.0,-3.7744617916990353
2018-12-14 00:00:00-06:00,21.56999969482422,22.469999313354492,20.950000762939453,21.6299991607666,0,0.0,0.0,4.745760582760128
2018-12-17 00:00:00-06:00,22.360000610351562,25.8799991607666,21.969999313354492,24.520000457763672,0,0.0,0.0,13.361079099064765
2018-12-18 00:00:00-06:00,24.68000030517578,26.139999389648438,23.639999389648438,25.579999923706055,0,0.0,0.0,4.322999372566327
2018-12-19 00:00:00-06:00,25.149999618530273,26.639999389648438,22.5,25.579999923706055,0,0.0,0.0,0.0
2018-12-20 00:00:00-06:00,26.09000015258789,30.299999237060547,24.68000030517578,28.3799991607666,0,0.0,0.0,10.94604865289961
2018-12-21 00:00:00-06:00,28.239999771118164,31.350000381469727,25.709999084472656,30.110000610351562,0,0.0,0.0,6.095847430385293
2018-12-24 00:00:00-06:00,29.290000915527344,36.099998474121094,29.15999984741211,36.06999969482422,0,0.0,0.0,19.794084900893893
2018-12-26 00:00:00-06:00,35.5,36.20000076293945,29.59000015258789,30.40999984741211,0,0.0,0.0,-15.691710272524006
2018-12-27 00:00:00-06:00,31.200000762939453,33.79999923706055,29.65999984741211,29.959999084472656,0,0.0,0.0,-1.4797789056146593
2018-12-28 00:00:00-06:00,29.969999313354492,31.049999237060547,27.43000030517578,28.34000015258789,0,0.0,0.0,-5.4072062129146055
2018-12-31 00:00:00-06:00,27.59000015258789,27.639999389648438,25.329999923706055,25.420000076293945,0,0.0,0.0,-10.30345822361367
2019-01-02 00:00:00-06:00,27.540000915527344,28.530000686645508,23.049999237060547,23.219999313354492,0,0.0,0.0,-8.654605650419011
2019-01-03 00:00:00-06:00,25.68000030517578,26.600000381469727,24.049999237060547,25.450000762939453,0,0.0,0.0,9.603796363173966
2019-01-04 00:00:00-06:00,24.360000610351562,24.479999542236328,21.190000534057617,21.3799991607666,0,0.0,0.0,-15.992147269793522
2019-01-07 00:00:00-06:00,22.059999465942383,22.709999084472656,20.90999984741211,21.399999618530273,0,0.0,0.0,0.09354751425985075
2019-01-08 00:00:00-06:00,20.959999084472656,22.030000686645508,20.09000015258789,20.469999313354492,0,0.0,0.0,-4.345795896045224
2019-01-09 00:00:00-06:00,20.440000534057617,22.799999237060547,19.479999542236328,19.979999542236328,0,0.0,0.0,-2.39374590891408
2019-01-10 00:00:00-06:00,20.979999542236328,21.31999969482422,19.290000915527344,19.5,0,0.0,0.0,-2.4024001663345507
2019-01-11 00:00:00-06:00,19.68000030517578,20.15999984741211,18.1200008392334,18.190000534057617,0,0.0,0.0,-6.717945979191708
2019-01-14 00:00:00-06:00,19.84000015258789,20.270000457763672,18.700000762939453,19.06999969482422,0,0.0,0.0,4.837818223913493
2019-01-15 00:00:00-06:00,18.530000686645508,19.200000762939453,17.979999542236328,18.600000381469727,0,0.0,0.0,-2.4646005289767015
2019-01-16 00:00:00-06:00,18.079999923706055,19.040000915527344,17.760000228881836,19.040000915527344,0,0.0,0.0,2.3655942206107117
2019-01-17 00:00:00-06:00,19.510000228881836,19.719999313354492,17.850000381469727,18.059999465942383,0,0.0,0.0,-5.147066189402116
2019-01-18 00:00:00-06:00,17.799999237060547,18.18000030517578,17.170000076293945,17.799999237060547,0,0.0,0.0,-1.439646935605643
2019-01-22 00:00:00-06:00,18.530000686645508,21.149999618530273,18.200000762939453,20.799999237060547,0,0.0,0.0,16.85393330665903
2019-01-23 00:00:00-06:00,20.850000381469727,22.020000457763672,19.469999313354492,19.520000457763672,0,0.0,0.0,-6.153840510802655
2019-01-24 00:00:00-06:00,19.690000534057617,20.25,18.6299991607666,18.889999389648438,0,0.0,0.0,-3.227464412607961
2019-01-25 00:00:00-06:00,18.43000030517578,18.459999084472656,17.309999465942383,17.420000076293945,0,0.0,0.0,-7.7818917991074095
2019-01-28 00:00:00-06:00,18.559999465942383,20.420000076293945,18.420000076293945,18.8700008392334,0,0.0,0.0,8.323770129672337
2019-01-29 00:00:00-06:00,19.450000762939453,19.93000030517578,18.420000076293945,19.1299991607666,0,0.0,0.0,1.3778394804977
2019-01-30 00:00:00-06:00,19.149999618530273,19.309999465942383,17.540000915527344,17.65999984741211,0,0.0,0.0,-7.684262299233602
2019-01-31 00:00:00-06:00,17.389999389648438,17.719999313354492,16.540000915527344,16.56999969482422,0,0.0,0.0,-6.17214134771139
2019-02-01 00:00:00-06:00,16.6299991607666,16.829999923706055,16.079999923706055,16.139999389648438,0,0.0,0.0,-2.595053187056462
2019-02-04 00:00:00-06:00,16.719999313354492,16.729999542236328,15.600000381469727,15.729999542236328,0,0.0,0.0,-2.540271765283131
2019-02-05 00:00:00-06:00,15.789999961853027,15.9399995803833,15.039999961853027,15.569999694824219,0,0.0,0.0,-1.0171637130852895
2019-02-06 00:00:00-06:00,15.4399995803833,15.869999885559082,15.09000015258789,15.380000114440918,0,0.0,0.0,-1.2202927688332643
2019-02-07 00:00:00-06:00,15.65999984741211,17.889999389648438,15.510000228881836,16.3700008392334,0,0.0,0.0,6.436935743992156
2019-02-08 00:00:00-06:00,16.809999465942383,17.6299991607666,15.619999885559082,15.720000267028809,0,0.0,0.0,-3.970681361522943
2019-02-11 00:00:00-06:00,16.170000076293945,16.5,15.34000015258789,15.970000267028809,0,0.0,0.0,1.5903307617898044
2019-02-12 00:00:00-06:00,15.229999542236328,15.649999618530273,14.949999809265137,15.430000305175781,0,0.0,0.0,-3.3813397171188253
2019-02-13 00:00:00-06:00,15.460000038146973,15.90999984741211,15.0,15.649999618530273,0,0.0,0.0,1.4257894297040163
2019-02-14 00:00:00-06:00,15.609999656677246,17.270000457763672,15.300000190734863,16.219999313354492,0,0.0,0.0,3.6421706627348005
2019-02-15 00:00:00-06:00,16.81999969482422,16.81999969482422,14.789999961853027,14.90999984741211,0,0.0,0.0,-8.076445877921923
2019-02-19 00:00:00-06:00,15.649999618530273,16.15999984741211,14.640000343322754,14.880000114440918,0,0.0,0.0,-0.2012054545821984
2019-02-20 00:00:00-06:00,14.920000076293945,15.1899995803833,13.989999771118164,14.020000457763672,0,0.0,0.0,-5.779567540746344
2019-02-21 00:00:00-06:00,14.0,15.170000076293945,13.850000381469727,14.460000038146973,0,0.0,0.0,3.138370656326539
2019-02-22 00:00:00-06:00,14.460000038146973,14.470000267028809,13.510000228881836,13.510000228881836,0,0.0,0.0,-6.56984651977136
2019-02-25 00:00:00-06:00,13.90999984741211,14.899999618530273,13.4399995803833,14.850000381469727,0,0.0,0.0,9.91857979190276
2019-02-26 00:00:00-06:00,15.15999984741211,15.279999732971191,14.520000457763672,15.170000076293945,0,0.0,0.0,2.1548800444713967
2019-02-27 00:00:00-06:00,15.529999732971191,16.170000076293945,14.699999809265137,14.699999809265137,0,0.0,0.0,-3.0982219160517688
2019-02-28 00:00:00-06:00,15.170000076293945,15.239999771118164,14.390000343322754,14.779999732971191,0,0.0,0.0,0.5442171751297131
2019-03-01 00:00:00-06:00,14.569999694824219,14.84000015258789,13.40999984741211,13.569999694824219,0,0.0,0.0,-8.186739242272834
2019-03-04 00:00:00-06:00,13.770000457763672,16.979999542236328,13.380000114440918,14.630000114440918,0,0.0,0.0,7.8113518309141705
2019-03-05 00:00:00-06:00,14.520000457763672,15.390000343322754,14.260000228881836,14.739999771118164,0,0.0,0.0,0.7518773466629547
2019-03-06 00:00:00-06:00,14.90999984741211,16.110000610351562,14.739999771118164,15.739999771118164,0,0.0,0.0,6.784260620949389
2019-03-07 00:00:00-06:00,16.329999923706055,17.809999465942383,15.539999961853027,16.59000015258789,0,0.0,0.0,5.400256631702249
2019-03-08 00:00:00-06:00,17.3799991607666,18.329999923706055,16.020000457763672,16.049999237060547,0,0.0,0.0,-3.254978363837502
2019-03-11 00:00:00-05:00,16.280000686645508,16.43000030517578,14.329999923706055,14.329999923706055,0,0.0,0.0,-10.716507134672604
2019-03-12 00:00:00-05:00,13.970000267028809,14.699999809265137,13.609999656677246,13.770000457763672,0,0.0,0.0,-3.907881848735939
2019-03-13 00:00:00-05:00,14.0,14.050000190734863,13.25,13.40999984741211,0,0.0,0.0,-2.6143834305291547
2019-03-14 00:00:00-05:00,13.350000381469727,13.84000015258789,13.15999984741211,13.5,0,0.0,0.0,0.6711420851004624
2019-03-15 00:00:00-05:00,13.210000038146973,13.279999732971191,12.5,12.880000114440918,0,0.0,0.0,-4.592591744882091
2019-03-18 00:00:00-05:00,13.130000114440918,13.800000190734863,13.0,13.100000381469727,0,0.0,0.0,1.7080765921899888
2019-03-19 00:00:00-05:00,12.890000343322754,13.770000457763672,12.369999885559082,13.5600004196167,0,0.0,0.0,3.51145057062483
2019-03-20 00:00:00-05:00,13.539999961853027,14.300000190734863,13.050000190734863,13.90999984741211,0,0.0,0.0,2.5811166442818223
2019-03-21 00:00:00-05:00,14.109999656677246,14.5600004196167,13.260000228881836,13.630000114440918,0,0.0,0.0,-2.0129384330890843
2019-03-22 00:00:00-05:00,13.770000457763672,17.520000457763672,13.619999885559082,16.479999542236328,0,0.0,0.0,20.909753513324247
2019-03-25 00:00:00-05:00,17.760000228881836,17.850000381469727,16.260000228881836,16.329999923706055,0,0.0,0.0,-0.9101918852961188
2019-03-26 00:00:00-05:00,16.219999313354492,16.299999237060547,14.670000076293945,14.680000305175781,0,0.0,0.0,-10.104100589339193
2019-03-27 00:00:00-05:00,14.520000457763672,16.709999084472656,14.510000228881836,15.149999618530273,0,0.0,0.0,3.2016301334052644
2019-03-28 00:00:00-05:00,15.380000114440918,15.619999885559082,14.40999984741211,14.430000305175781,0,0.0,0.0,-4.7524708348761
2019-03-29 00:00:00-05:00,14.1899995803833,14.430000305175781,13.640000343322754,13.710000038146973,0,0.0,0.0,-4.989606734592778
2019-04-01 00:00:00-05:00,13.899999618530273,14.010000228881836,13.319999694824219,13.399999618530273,0,0.0,0.0,-2.2611263220579714
2019-04-02 00:00:00-05:00,13.619999885559082,13.680000305175781,13.130000114440918,13.359999656677246,0,0.0,0.0,-0.29850718650553665
2019-04-03 00:00:00-05:00,13.0600004196167,14.270000457763672,12.850000381469727,13.739999771118164,0,0.0,0.0,2.8443123069318066
2019-04-04 00:00:00-05:00,13.84000015258789,14.029999732971191,13.399999618530273,13.579999923706055,0,0.0,0.0,-1.1644821694133722
2019-04-05 00:00:00-05:00,13.460000038146973,13.470000267028809,12.170000076293945,12.819999694824219,0,0.0,0.0,-5.596467107154646
2019-04-08 00:00:00-05:00,13.550000190734863,13.770000457763672,13.100000381469727,13.180000305175781,0,0.0,0.0,2.808117152271894
2019-04-09 00:00:00-05:00,13.460000038146973,14.390000343322754,13.3100004196167,14.279999732971191,0,0.0,0.0,8.345974220982688
2019-04-10 00:00:00-05:00,14.09000015258789,14.289999961853027,13.270000457763672,13.300000190734863,0,0.0,0.0,-6.862742020741086
2019-04-11 00:00:00-05:00,13.369999885559082,13.579999923706055,12.90999984741211,13.020000457763672,0,0.0,0.0,-2.1052611199678495
2019-04-12 00:00:00-05:00,12.960000038146973,12.960000038146973,11.949999809265137,12.010000228881836,0,0.0,0.0,-7.757297952163933
2019-04-15 00:00:00-05:00,12.460000038146973,13.140000343322754,12.239999771118164,12.319999694824219,0,0.0,0.0,2.5811778520777207
2019-04-16 00:00:00-05:00,12.260000228881836,12.470000267028809,11.850000381469727,12.180000305175781,0,0.0,0.0,-1.1363587103598194
2019-04-17 00:00:00-05:00,12.119999885559082,13.020000457763672,11.029999732971191,12.600000381469727,0,0.0,0.0,3.448276402057804
2019-04-18 00:00:00-05:00,12.800000190734863,13.119999885559082,12.020000457763672,12.09000015258789,0,0.0,0.0,-4.047620741598323
2019-04-22 00:00:00-05:00,13.210000038146973,13.359999656677246,12.380000114440918,12.420000076293945,0,0.0,0.0,2.7295278704807746
2019-04-23 00:00:00-05:00,12.65999984741211,12.6899995803833,12.079999923706055,12.279999732971191,0,0.0,0.0,-1.1272169280415079
2019-04-24 00:00:00-05:00,12.529999732971191,13.229999542236328,12.260000228881836,13.140000343322754,0,0.0,0.0,7.003262451565884
2019-04-25 00:00:00-05:00,13.289999961853027,14.300000190734863,12.8100004196167,13.25,0,0.0,0.0,0.8371358736922963
2019-04-26 00:00:00-05:00,13.4399995803833,13.619999885559082,12.489999771118164,12.729999542236328,0,0.0,0.0,-3.9245317567069615
2019-04-29 00:00:00-05:00,13.039999961853027,13.270000457763672,12.649999618530273,13.109999656677246,0,0.0,0.0,2.9850756331933237
2019-04-30 00:00:00-05:00,13.109999656677246,14.050000190734863,12.880000114440918,13.119999885559082,0,0.0,0.0,0.07627939850283205
2019-05-01 00:00:00-05:00,12.859999656677246,14.829999923706055,12.739999771118164,14.800000190734863,0,0.0,0.0,12.804880486507653
2019-05-02 00:00:00-05:00,14.350000381469727,15.920000076293945,13.800000190734863,14.420000076293945,0,0.0,0.0,-2.567568307727497
2019-05-03 00:00:00-05:00,14.109999656677246,14.149999618530273,12.800000190734863,12.869999885559082,0,0.0,0.0,-10.748961043925497
2019-05-06 00:00:00-05:00,12.890000343322754,18.799999237060547,12.890000343322754,15.4399995803833,0,0.0,0.0,19.968917775266746
2019-05-07 00:00:00-05:00,15.899999618530273,21.84000015258789,15.800000190734863,19.31999969482422,0,0.0,0.0,25.12953510290572
2019-05-08 00:00:00-05:00,18.950000762939453,21.739999771118164,18.290000915527344,19.399999618530273,0,0.0,0.0,0.41407828659276724
2019-05-09 00:00:00-05:00,21.399999618530273,23.3799991607666,18.8700008392334,19.100000381469727,0,0.0,0.0,-1.5463878503069517
2019-05-10 00:00:00-05:00,18.790000915527344,20.190000534057617,15.569999694824219,16.040000915527344,0,0.0,0.0,-16.020939292289793
2019-05-13 00:00:00-05:00,18.6200008392334,21.31999969482422,18.350000381469727,20.549999237060547,0,0.0,0.0,28.117194913420175
2019-05-14 00:00:00-05:00,19.399999618530273,19.649999618530273,17.450000762939453,18.059999465942383,0,0.0,0.0,-12.116787657235605
2019-05-15 00:00:00-05:00,17.56999969482422,19.149999618530273,16.40999984741211,16.440000534057617,0,0.0,0.0,-8.970094018772068
2019-05-16 00:00:00-05:00,16.690000534057617,17.1299991607666,15.15999984741211,15.289999961853027,0,0.0,0.0,-6.995137073275714
2019-05-17 00:00:00-05:00,15.890000343322754,16.809999465942383,14.859999656677246,15.960000038146973,0,0.0,0.0,4.381949496177406
2019-05-20 00:00:00-05:00,15.880000114440918,17.6299991607666,15.460000038146973,16.309999465942383,0,0.0,0.0,2.1929788656569915
2019-05-21 00:00:00-05:00,15.859999656677246,16.219999313354492,14.789999961853027,14.949999809265137,0,0.0,0.0,-8.338440841258887
2019-05-22 00:00:00-05:00,15.0600004196167,15.4399995803833,14.420000076293945,14.75,0,0.0,0.0,-1.3377913833897748
2019-05-23 00:00:00-05:00,15.930000305175781,18.049999237060547,15.279999732971191,16.920000076293945,0,0.0,0.0,14.711864924026742
2019-05-24 00:00:00-05:00,16.34000015258789,16.520000457763672,15.520000457763672,15.850000381469727,0,0.0,0.0,-6.323875236403575
2019-05-28 00:00:00-05:00,16.549999237060547,17.700000762939453,15.899999618530273,17.5,0,0.0,0.0,10.410091979930126
2019-05-29 00:00:00-05:00,18.549999237060547,19.040000915527344,17.6200008392334,17.899999618530273,0,0.0,0.0,2.285712105887283
2019-05-30 00:00:00-05:00,17.469999313354492,18.110000610351562,16.719999313354492,17.299999237060547,0,0.0,0.0,-3.351957509812453
2019-05-31 00:00:00-05:00,19.049999237060547,19.719999313354492,18.010000228881836,18.709999084472656,0,0.0,0.0,8.150288494762293
2019-06-03 00:00:00-05:00,19.40999984741211,19.75,18.15999984741211,18.860000610351562,0,0.0,0.0,0.8017185099885582
2019-06-04 00:00:00-05:00,18.739999771118164,18.739999771118164,16.969999313354492,16.969999313354492,0,0.0,0.0,-10.02121546040522
2019-06-05 00:00:00-05:00,17.059999465942383,17.489999771118164,16.040000915527344,16.09000015258789,0,0.0,0.0,-5.185616949754901
2019-06-06 00:00:00-05:00,16.25,16.540000915527344,15.359999656677246,15.930000305175781,0,0.0,0.0,-0.9944055058717649
2019-06-07 00:00:00-05:00,15.649999618530273,16.440000534057617,15.329999923706055,16.299999237060547,0,0.0,0.0,2.3226548951449155
2019-06-10 00:00:00-05:00,16.299999237060547,16.469999313354492,15.84000015258789,15.9399995803833,0,0.0,0.0,-2.208586954156
2019-06-11 00:00:00-05:00,15.84000015258789,16.700000762939453,15.5,15.989999771118164,0,0.0,0.0,0.3136774909103357
2019-06-12 00:00:00-05:00,16.260000228881836,16.43000030517578,15.779999732971191,15.90999984741211,0,0.0,0.0,-0.500312225460775
2019-06-13 00:00:00-05:00,16.15999984741211,16.209999084472656,15.609999656677246,15.819999694824219,0,0.0,0.0,-0.5656829255251683
2019-06-14 00:00:00-05:00,16.0,16.399999618530273,15.210000038146973,15.279999732971191,0,0.0,0.0,-3.413400583248416
2019-06-17 00:00:00-05:00,15.649999618530273,15.760000228881836,15.239999771118164,15.350000381469727,0,0.0,0.0,0.45811943535238875
2019-06-18 00:00:00-05:00,14.890000343322754,15.539999961853027,14.619999885559082,15.149999618530273,0,0.0,0.0,-1.3029365340009424
2019-06-19 00:00:00-05:00,15.050000190734863,15.710000038146973,14.149999618530273,14.329999923706055,0,0.0,0.0,-5.412539376048963
2019-06-20 00:00:00-05:00,14.039999961853027,16.030000686645508,13.1899995803833,14.75,0,0.0,0.0,2.9309147140966996
2019-06-21 00:00:00-05:00,14.739999771118164,15.479999542236328,14.420000076293945,15.399999618530273,0,0.0,0.0,4.4067770747815205
2019-06-24 00:00:00-05:00,15.460000038146973,15.5600004196167,15.229999542236328,15.260000228881836,0,0.0,0.0,-0.9090869682878533
2019-06-25 00:00:00-05:00,15.430000305175781,16.68000030517578,15.100000381469727,16.280000686645508,0,0.0,0.0,6.684144446034601
2019-06-26 00:00:00-05:00,16.100000381469727,16.600000381469727,15.470000267028809,16.209999084472656,0,0.0,0.0,-0.4299852531964188
2019-06-27 00:00:00-05:00,15.65999984741211,16.399999618530273,15.65999984741211,15.819999694824219,0,0.0,0.0,-2.4059186408098787
2019-06-28 00:00:00-05:00,15.699999809265137,16.1299991607666,15.079999923706055,15.079999923706055,0,0.0,0.0,-4.677621905139906
2019-07-01 00:00:00-05:00,13.850000381469727,14.640000343322754,13.800000190734863,14.0600004196167,0,0.0,0.0,-6.763922475131423
2019-07-02 00:00:00-05:00,14.15999984741211,14.300000190734863,12.899999618530273,12.930000305175781,0,0.0,0.0,-8.03698492685908
2019-07-03 00:00:00-05:00,13.180000305175781,13.1899995803833,12.5600004196167,12.569999694824219,0,0.0,0.0,-2.784227392534999
2019-07-05 00:00:00-05:00,13.0,14.470000267028809,12.039999961853027,13.279999732971191,0,0.0,0.0,5.6483695734640404
2019-07-08 00:00:00-05:00,13.729999542236328,14.4399995803833,13.640000343322754,13.960000038146973,0,0.0,0.0,5.12048432868184
2019-07-09 00:00:00-05:00,14.470000267028809,14.710000038146973,13.989999771118164,14.09000015258789,0,0.0,0.0,0.9312329089232074
2019-07-10 00:00:00-05:00,14.380000114440918,14.6899995803833,12.979999542236328,13.029999732971191,0,0.0,0.0,-7.5230689009042395
2019-07-11 00:00:00-05:00,13.010000228881836,13.329999923706055,12.390000343322754,12.930000305175781,0,0.0,0.0,-0.7674553326533884
2019-07-12 00:00:00-05:00,12.760000228881836,12.819999694824219,12.279999732971191,12.390000343322754,0,0.0,0.0,-4.17633371313123
2019-07-15 00:00:00-05:00,12.579999923706055,13.020000457763672,12.489999771118164,12.680000305175781,0,0.0,0.0,2.3405968831091695
2019-07-16 00:00:00-05:00,12.609999656677246,13.140000343322754,12.279999732971191,12.859999656677246,0,0.0,0.0,1.4195532111145992
2019-07-17 00:00:00-05:00,12.619999885559082,13.970000267028809,12.239999771118164,13.970000267028809,0,0.0,0.0,8.631420217614249
2019-07-18 00:00:00-05:00,14.449999809265137,14.5,13.1899995803833,13.529999732971191,0,0.0,0.0,-3.149610061898722
2019-07-19 00:00:00-05:00,13.3100004196167,14.449999809265137,13.09000015258789,14.449999809265137,0,0.0,0.0,6.79970505876657
2019-07-22 00:00:00-05:00,14.550000190734863,14.699999809265137,13.420000076293945,13.529999732971191,0,0.0,0.0,-6.366782618945466
2019-07-23 00:00:00-05:00,13.420000076293945,13.520000457763672,12.550000190734863,12.609999656677246,0,0.0,0.0,-6.79970505876657
2019-07-24 00:00:00-05:00,12.800000190734863,13.100000381469727,11.979999542236328,12.069999694824219,0,0.0,0.0,-4.282315436599449
2019-07-25 00:00:00-05:00,12.239999771118164,13.539999961853027,11.6899995803833,12.739999771118164,0,0.0,0.0,5.550953547921389
2019-07-26 00:00:00-05:00,12.579999923706055,12.720000267028809,12.010000228881836,12.15999984741211,0,0.0,0.0,-4.552589749812441
2019-07-29 00:00:00-05:00,12.149999618530273,13.170000076293945,12.149999618530273,12.829999923706055,0,0.0,0.0,5.509869117609689
2019-07-30 00:00:00-05:00,12.869999885559082,14.180000305175781,12.869999885559082,13.9399995803833,0,0.0,0.0,8.651595193124617
2019-07-31 00:00:00-05:00,13.829999923706055,16.549999237060547,13.460000038146973,16.1200008392334,0,0.0,0.0,15.638460003383692
2019-08-01 00:00:00-05:00,15.40999984741211,19.459999084472656,13.729999542236328,17.8700008392334,0,0.0,0.0,10.856078839281391
2019-08-02 00:00:00-05:00,17.690000534057617,20.110000610351562,17.040000915527344,17.610000610351562,0,0.0,0.0,-1.4549536467340696
2019-08-05 00:00:00-05:00,19.959999084472656,24.809999465942383,19.90999984741211,24.59000015258789,0,0.0,0.0,39.63656615737607
2019-08-06 00:00:00-05:00,22.290000915527344,22.8700008392334,19.770000457763672,20.170000076293945,0,0.0,0.0,-17.974786697302147
2019-08-07 00:00:00-05:00,20.700000762939453,23.670000076293945,18.940000534057617,19.489999771118164,0,0.0,0.0,-3.371345079839605
2019-08-08 00:00:00-05:00,19.360000610351562,19.889999389648438,16.81999969482422,16.90999984741211,0,0.0,0.0,-13.237557485912877
2019-08-09 00:00:00-05:00,18.139999389648438,19.440000534057617,17.309999465942383,17.969999313354492,0,0.0,0.0,6.2684770875654605
2019-08-12 00:00:00-05:00,17.8700008392334,21.260000228881836,17.770000457763672,21.09000015258789,0,0.0,0.0,17.362275784366645
2019-08-13 00:00:00-05:00,21.280000686645508,21.639999389648438,17.520000457763672,17.520000457763672,0,0.0,0.0,-16.927452200071013
2019-08-14 00:00:00-05:00,17.809999465942383,22.709999084472656,17.75,22.100000381469727,0,0.0,0.0,26.141551392919695
2019-08-15 00:00:00-05:00,21.579999923706055,24.100000381469727,20.780000686645508,21.18000030517578,0,0.0,0.0,-4.162896200967225
2019-08-16 00:00:00-05:00,20.479999542236328,20.5,18.40999984741211,18.469999313354492,0,0.0,0.0,-12.795094205730695
2019-08-19 00:00:00-05:00,17.93000030517578,18.219999313354492,16.520000457763672,16.8799991607666,0,0.0,0.0,-8.608555558733899
2019-08-20 00:00:00-05:00,16.780000686645508,17.700000762939453,16.450000762939453,17.5,0,0.0,0.0,3.6729909363647284
2019-08-21 00:00:00-05:00,17.010000228881836,17.040000915527344,15.510000228881836,15.800000190734863,0,0.0,0.0,-9.714284624372205
2019-08-22 00:00:00-05:00,16.1200008392334,17.68000030517578,15.630000114440918,16.68000030517578,0,0.0,0.0,5.569620910238671
2019-08-23 00:00:00-05:00,16.149999618530273,21.06999969482422,16.040000915527344,19.8700008392334,0,0.0,0.0,19.124703091688588
2019-08-26 00:00:00-05:00,20.34000015258789,21.329999923706055,19.059999465942383,19.31999969482422,0,0.0,0.0,-2.767997590232607
2019-08-27 00:00:00-05:00,20.18000030517578,21.040000915527344,18.489999771118164,20.309999465942383,0,0.0,0.0,5.124222498737319
2019-08-28 00:00:00-05:00,20.549999237060547,21.639999389648438,19.100000381469727,19.350000381469727,0,0.0,0.0,-4.7267312147519664
2019-08-29 00:00:00-05:00,19.020000457763672,19.200000762939453,17.600000381469727,17.8799991607666,0,0.0,0.0,-7.596905383582586
2019-08-30 00:00:00-05:00,17.940000534057617,19.18000030517578,17.09000015258789,18.979999542236328,0,0.0,0.0,6.152127701904009
2019-09-03 00:00:00-05:00,20.959999084472656,21.149999618530273,19.40999984741211,19.65999984741211,0,0.0,0.0,3.5827203455014445
2019-09-04 00:00:00-05:00,18.229999542236328,18.829999923706055,17.260000228881836,17.329999923706055,0,0.0,0.0,-11.851474780213477
2019-09-05 00:00:00-05:00,16.920000076293945,17.049999237060547,15.449999809265137,16.270000457763672,0,0.0,0.0,-6.116557822325142
2019-09-06 00:00:00-05:00,15.920000076293945,16.059999465942383,14.90999984741211,15.0,0,0.0,0.0,-7.805780098535009
2019-09-09 00:00:00-05:00,15.260000228881836,16.1299991607666,14.949999809265137,15.270000457763672,0,0.0,0.0,1.8000030517578036
2019-09-10 00:00:00-05:00,15.529999732971191,16.520000457763672,15.109999656677246,15.199999809265137,0,0.0,0.0,-0.45841942632650623
2019-09-11 00:00:00-05:00,15.329999923706055,15.520000457763672,14.550000190734863,14.609999656677246,0,0.0,0.0,-3.8815799999435296
2019-09-12 00:00:00-05:00,14.6899995803833,14.9399995803833,13.850000381469727,14.220000267028809,0,0.0,0.0,-2.669400402553701
2019-09-13 00:00:00-05:00,14.15999984741211,14.3100004196167,13.510000228881836,13.739999771118164,0,0.0,0.0,-3.3755308501899117
2019-09-16 00:00:00-05:00,14.890000343322754,15.289999961853027,14.5,14.670000076293945,0,0.0,0.0,6.768561285791774
2019-09-17 00:00:00-05:00,14.920000076293945,15.029999732971191,14.399999618530273,14.4399995803833,0,0.0,0.0,-1.5678288664927487
2019-09-18 00:00:00-05:00,14.609999656677246,15.800000190734863,13.800000190734863,13.949999809265137,0,0.0,0.0,-3.3933503141082344
2019-09-19 00:00:00-05:00,14.65999984741211,14.65999984741211,13.3100004196167,14.050000190734863,0,0.0,0.0,0.7168486224875092
2019-09-20 00:00:00-05:00,13.9399995803833,15.84000015258789,13.350000381469727,15.319999694824219,0,0.0,0.0,9.039142255149901
2019-09-23 00:00:00-05:00,15.350000381469727,16.0,14.710000038146973,14.90999984741211,0,0.0,0.0,-2.6762392661837
2019-09-24 00:00:00-05:00,14.770000457763672,17.6200008392334,14.329999923706055,17.049999237060547,0,0.0,0.0,14.35277942018136
2019-09-25 00:00:00-05:00,17.049999237060547,18.450000762939453,15.6899995803833,15.960000038146973,0,0.0,0.0,-6.39295746444557
2019-09-26 00:00:00-05:00,16.229999542236328,17.09000015258789,15.350000381469727,16.06999969482422,0,0.0,0.0,0.689220904851684
2019-09-27 00:00:00-05:00,15.770000457763672,18.690000534057617,15.149999618530273,17.219999313354492,0,0.0,0.0,7.15618942357954
2019-09-30 00:00:00-05:00,17.229999542236328,17.350000381469727,16.200000762939453,16.239999771118164,0,0.0,0.0,-5.69105447917363
2019-10-01 00:00:00-05:00,16.020000457763672,18.6200008392334,15.789999961853027,18.559999465942383,0,0.0,0.0,14.285712607891753
2019-10-02 00:00:00-05:00,18.75,21.459999084472656,18.75,20.559999465942383,0,0.0,0.0,10.77586237903725
2019-10-03 00:00:00-05:00,20.110000610351562,21.440000534057617,19.030000686645508,19.1200008392334,0,0.0,0.0,-7.003884553082507
2019-10-04 00:00:00-05:00,19.420000076293945,19.969999313354492,16.969999313354492,17.040000915527344,0,0.0,0.0,-10.878660211342595
2019-10-07 00:00:00-05:00,18.270000457763672,18.520000457763672,16.440000534057617,17.860000610351562,0,0.0,0.0,4.812204523281527
2019-10-08 00:00:00-05:00,17.610000610351562,20.3799991607666,17.420000076293945,20.280000686645508,0,0.0,0.0,13.549831990998506
2019-10-09 00:00:00-05:00,19.940000534057617,20.0,17.770000457763672,18.639999389648438,0,0.0,0.0,-8.08679113150632
2019-10-10 00:00:00-05:00,19.280000686645508,19.799999237060547,17.559999465942383,17.56999969482422,0,0.0,0.0,-5.740341898393164
2019-10-11 00:00:00-05:00,17.350000381469727,17.440000534057617,15.109999656677246,15.579999923706055,0,0.0,0.0,-11.326122969167606
2019-10-14 00:00:00-05:00,15.65999984741211,16.5,14.510000228881836,14.569999694824219,0,0.0,0.0,-6.48267159067858
2019-10-15 00:00:00-05:00,13.9399995803833,14.430000305175781,13.390000343322754,13.539999961853027,0,0.0,0.0,-7.0693188369597815
2019-10-16 00:00:00-05:00,13.9399995803833,14.260000228881836,13.600000381469727,13.680000305175781,0,0.0,0.0,1.033975950643895
2019-10-17 00:00:00-05:00,13.789999961853027,14.180000305175781,13.3100004196167,13.789999961853027,0,0.0,0.0,0.8040910396444056
2019-10-18 00:00:00-05:00,14.199999809265137,15.15999984741211,13.779999732971191,14.25,0,0.0,0.0,3.3357508297277683
2019-10-21 00:00:00-05:00,14.239999771118164,14.630000114440918,14.0,14.0,0,0.0,0.0,-1.7543859649122862
2019-10-22 00:00:00-05:00,13.989999771118164,14.609999656677246,13.699999809265137,14.460000038146973,0,0.0,0.0,3.285714558192665
2019-10-23 00:00:00-05:00,14.829999923706055,15.119999885559082,14.010000228881836,14.010000228881836,0,0.0,0.0,-3.1120318677592684
2019-10-24 00:00:00-05:00,13.979999542236328,14.34000015258789,13.399999618530273,13.710000038146973,0,0.0,0.0,-2.141328949562815
2019-10-25 00:00:00-05:00,13.529999732971191,13.789999961853027,12.619999885559082,12.649999618530273,0,0.0,0.0,-7.731585825436415
2019-10-28 00:00:00-05:00,13.010000228881836,13.140000343322754,12.65999984741211,13.109999656677246,0,0.0,0.0,3.636364047577878
2019-10-29 00:00:00-05:00,13.15999984741211,13.520000457763672,13.069999694824219,13.199999809265137,0,0.0,0.0,0.6865000377177743
2019-10-30 00:00:00-05:00,13.079999923706055,13.369999885559082,12.270000457763672,12.329999923706055,0,0.0,0.0,-6.5909083191684985
2019-10-31 00:00:00-05:00,13.510000228881836,13.949999809265137,13.180000305175781,13.220000267028809,0,0.0,0.0,7.218169901295868
2019-11-01 00:00:00-05:00,12.5,12.600000381469727,12.260000228881836,12.300000190734863,0,0.0,0.0,-6.959153235332838
2019-11-04 00:00:00-06:00,12.680000305175781,13.130000114440918,12.4399995803833,12.829999923706055,0,0.0,0.0,4.308940851646659
2019-11-05 00:00:00-06:00,12.850000381469727,13.279999732971191,12.25,13.100000381469727,0,0.0,0.0,2.1044462928233587
2019-11-06 00:00:00-06:00,13.180000305175781,13.390000343322754,12.600000381469727,12.619999885559082,0,0.0,0.0,-3.6641258162833146
2019-11-07 00:00:00-06:00,12.59000015258789,12.890000343322754,12.260000228881836,12.729999542236328,0,0.0,0.0,0.8716296170740545
2019-11-08 00:00:00-06:00,12.979999542236328,13.050000190734863,12.0,12.069999694824219,0,0.0,0.0,-5.184602287080398
2019-11-11 00:00:00-06:00,13.149999618530273,13.489999771118164,12.65999984741211,12.6899995803833,0,0.0,0.0,5.136701750083272
2019-11-12 00:00:00-06:00,12.640000343322754,13.100000381469727,12.359999656677246,12.680000305175781,0,0.0,0.0,-0.07879649754265472
2019-11-13 00:00:00-06:00,12.90999984741211,13.899999618530273,12.880000114440918,13.0,0,0.0,0.0,2.5236568385065494
2019-11-14 00:00:00-06:00,13.15999984741211,13.8100004196167,12.930000305175781,13.050000190734863,0,0.0,0.0,0.3846168518066406
2019-11-15 00:00:00-06:00,12.949999809265137,12.970000267028809,11.920000076293945,12.050000190734863,0,0.0,0.0,-7.662835137044455
2019-11-18 00:00:00-06:00,12.390000343322754,13.100000381469727,12.319999694824219,12.460000038146973,0,0.0,0.0,3.4024883064097677
2019-11-19 00:00:00-06:00,12.329999923706055,13.010000228881836,12.15999984741211,12.859999656677246,0,0.0,0.0,3.2102698018110276
2019-11-20 00:00:00-06:00,13.420000076293945,14.170000076293945,12.609999656677246,12.779999732971191,0,0.0,0.0,-0.6220834046796964
2019-11-21 00:00:00-06:00,13.350000381469727,13.859999656677246,12.489999771118164,13.130000114440918,0,0.0,0.0,2.738657189223237
2019-11-22 00:00:00-06:00,12.819999694824219,13.25,12.329999923706055,12.34000015258789,0,0.0,0.0,-6.016755178731126
2019-11-25 00:00:00-06:00,12.510000228881836,12.59000015258789,11.729999542236328,11.869999885559082,0,0.0,0.0,-3.80875414276427
2019-11-26 00:00:00-06:00,11.880000114440918,12.039999961853027,11.420000076293945,11.539999961853027,0,0.0,0.0,-2.7801173284553227
2019-11-27 00:00:00-06:00,11.550000190734863,11.789999961853027,11.4399995803833,11.75,0,0.0,0.0,1.8197577022630362
2019-11-29 00:00:00-06:00,12.5,12.829999923706055,12.119999885559082,12.619999885559082,0,0.0,0.0,7.404254345183681
2019-12-02 00:00:00-06:00,12.6899995803833,15.270000457763672,12.550000190734863,14.90999984741211,0,0.0,0.0,18.14580017923335
2019-12-03 00:00:00-06:00,14.680000305175781,17.989999771118164,14.609999656677246,15.960000038146973,0,0.0,0.0,7.042254872437903
2019-12-04 00:00:00-06:00,16.3799991607666,16.399999618530273,14.119999885559082,14.800000190734863,0,0.0,0.0,-7.268169452628593
2019-12-05 00:00:00-06:00,14.460000038146973,15.369999885559082,14.170000076293945,14.520000457763672,0,0.0,0.0,-1.89189006326147
2019-12-06 00:00:00-06:00,14.369999885559082,14.470000267028809,13.1899995803833,13.619999885559082,0,0.0,0.0,-6.198350852829138
2019-12-09 00:00:00-06:00,14.25,16.06999969482422,12.25,15.859999656677246,0,0.0,0.0,16.446400807192198
2019-12-10 00:00:00-06:00,15.800000190734863,16.899999618530273,14.930000305175781,15.680000305175781,0,0.0,0.0,-1.134926578801554
2019-12-11 00:00:00-06:00,15.569999694824219,15.970000267028809,14.979999542236328,14.989999771118164,0,0.0,0.0,-4.400513524415284
2019-12-12 00:00:00-06:00,14.9399995803833,15.550000190734863,13.600000381469727,13.9399995803833,0,0.0,0.0,-7.004671159221365
2019-12-13 00:00:00-06:00,13.180000305175781,14.350000381469727,12.539999961853027,12.630000114440918,0,0.0,0.0,-9.397413955347922
2019-12-16 00:00:00-06:00,12.470000267028809,12.529999732971191,11.710000038146973,12.140000343322754,0,0.0,0.0,-3.879649775758176
2019-12-17 00:00:00-06:00,12.229999542236328,12.470000267028809,11.899999618530273,12.289999961853027,0,0.0,0.0,1.2355816662952268
2019-12-18 00:00:00-06:00,12.239999771118164,12.699999809265137,11.930000305175781,12.579999923706055,0,0.0,0.0,2.3596416822877053
2019-12-19 00:00:00-06:00,12.550000190734863,12.779999732971191,12.430000305175781,12.5,0,0.0,0.0,-0.635929445081318
2019-12-20 00:00:00-06:00,12.550000190734863,12.609999656677246,12.039999961853027,12.510000228881836,0,0.0,0.0,0.08000183105467684
2019-12-23 00:00:00-06:00,12.8100004196167,12.899999618530273,12.40999984741211,12.609999656677246,0,0.0,0.0,0.7993559229882541
2019-12-24 00:00:00-06:00,12.649999618530273,12.84000015258789,12.5600004196167,12.670000076293945,0,0.0,0.0,0.4758161875518141
2019-12-26 00:00:00-06:00,12.739999771118164,12.75,11.720000267028809,12.649999618530273,0,0.0,0.0,-0.1578568085496168
2019-12-27 00:00:00-06:00,12.609999656677246,13.720000267028809,11.890000343322754,13.430000305175781,0,0.0,0.0,6.166013519106572
2019-12-30 00:00:00-06:00,13.739999771118164,15.140000343322754,13.4399995803833,14.819999694824219,0,0.0,0.0,10.349957990043723
2019-12-31 00:00:00-06:00,14.84000015258789,15.390000343322754,13.75,13.779999732971191,0,0.0,0.0,-7.017543746753518
2020-01-02 00:00:00-06:00,13.460000038146973,13.720000267028809,12.420000076293945,12.470000267028809,0,0.0,0.0,-9.506527513262341
2020-01-03 00:00:00-06:00,15.010000228881836,16.200000762939453,13.130000114440918,14.020000457763672,0,0.0,0.0,12.429832859211132
2020-01-06 00:00:00-06:00,15.449999809265137,16.389999389648438,13.539999961853027,13.850000381469727,0,0.0,0.0,-1.212553999595678
2020-01-07 00:00:00-06:00,13.84000015258789,14.460000038146973,13.390000343322754,13.789999961853027,0,0.0,0.0,-0.4332160141813035
2020-01-08 00:00:00-06:00,15.15999984741211,15.239999771118164,12.829999923706055,13.449999809265137,0,0.0,0.0,-2.4655558631502927
2020-01-09 00:00:00-06:00,12.949999809265137,13.239999771118164,12.529999732971191,12.539999961853027,0,0.0,0.0,-6.76579821796911
2020-01-10 00:00:00-06:00,12.420000076293945,12.869999885559082,12.09000015258789,12.5600004196167,0,0.0,0.0,0.15949328408704222
2020-01-13 00:00:00-06:00,12.84000015258789,13.09000015258789,12.319999694824219,12.319999694824219,0,0.0,0.0,-1.9108337322794822
2020-01-14 00:00:00-06:00,12.720000267028809,13.819999694824219,12.050000190734863,12.390000343322754,0,0.0,0.0,0.5681870960430491
2020-01-15 00:00:00-06:00,12.789999961853027,12.829999923706055,11.949999809265137,12.420000076293945,0,0.0,0.0,0.24212858869983034
2020-01-16 00:00:00-06:00,12.199999809265137,12.420000076293945,11.779999732971191,12.319999694824219,0,0.0,0.0,-0.8051560455349493
2020-01-17 00:00:00-06:00,12.210000038146973,12.479999542236328,11.75,12.100000381469727,0,0.0,0.0,-1.7857087565263163
2020-01-21 00:00:00-06:00,13.229999542236328,13.329999923706055,12.319999694824219,12.850000381469727,0,0.0,0.0,6.198346912026298
2020-01-22 00:00:00-06:00,12.449999809265137,13.010000228881836,12.3100004196167,12.90999984741211,0,0.0,0.0,0.4669219000873026
2020-01-23 00:00:00-06:00,13.260000228881836,14.149999618530273,12.9399995803833,12.979999542236328,0,0.0,0.0,0.5422129794854458
2020-01-24 00:00:00-06:00,12.75,15.979999542236328,12.619999885559082,14.5600004196167,0,0.0,0.0,12.172580378289855
2020-01-27 00:00:00-06:00,17.420000076293945,19.020000457763672,16.81999969482422,18.229999542236328,0,0.0,0.0,25.206037203646204
2020-01-28 00:00:00-06:00,16.940000534057617,18.030000686645508,15.6899995803833,16.280000686645508,0,0.0,0.0,-10.696647858234709
2020-01-29 00:00:00-06:00,15.680000305175781,16.649999618530273,14.9399995803833,16.389999389648438,0,0.0,0.0,0.6756676803653994
2020-01-30 00:00:00-06:00,17.81999969482422,18.389999389648438,15.300000190734863,15.489999771118164,0,0.0,0.0,-5.491151019192186
2020-01-31 00:00:00-06:00,16.25,19.989999771118164,16.18000030517578,18.84000015258789,0,0.0,0.0,21.626858818396897
2020-02-03 00:00:00-06:00,18.639999389648438,18.8799991607666,17.100000381469727,17.969999313354492,0,0.0,0.0,-4.617838812033625
2020-02-04 00:00:00-06:00,16.450000762939453,16.459999084472656,15.630000114440918,16.049999237060547,0,0.0,0.0,-10.6844749563629
2020-02-05 00:00:00-06:00,16.290000915527344,16.31999969482422,15.020000457763672,15.149999618530273,0,0.0,0.0,-5.607474525307843
2020-02-06 00:00:00-06:00,15.130000114440918,15.65999984741211,14.699999809265137,14.960000038146973,0,0.0,0.0,-1.254122674372271
2020-02-07 00:00:00-06:00,15.069999694824219,16.15999984741211,14.8100004196167,15.470000267028809,0,0.0,0.0,3.409092430356764
2020-02-10 00:00:00-06:00,15.880000114440918,16.43000030517578,15.010000228881836,15.039999961853027,0,0.0,0.0,-2.779575292524339
2020-02-11 00:00:00-06:00,14.90999984741211,15.270000457763672,14.380000114440918,15.180000305175781,0,0.0,0.0,0.9308533489218451
2020-02-12 00:00:00-06:00,14.859999656677246,14.880000114440918,13.729999542236328,13.739999771118164,0,0.0,0.0,-9.486169335363147
2020-02-13 00:00:00-06:00,14.430000305175781,15.4399995803833,14.0,14.149999618530273,0,0.0,0.0,2.983987294337087
2020-02-14 00:00:00-06:00,14.119999885559082,14.539999961853027,13.380000114440918,13.680000305175781,0,0.0,0.0,-3.321550007245233
2020-02-18 00:00:00-06:00,14.979999542236328,15.489999771118164,14.529999732971191,14.829999923706055,0,0.0,0.0,8.406429772484536
2020-02-19 00:00:00-06:00,14.65999984741211,14.739999771118164,14.210000038146973,14.380000114440918,0,0.0,0.0,-3.034388479974315
2020-02-20 00:00:00-06:00,14.539999961853027,17.209999084472656,14.489999771118164,15.5600004196167,0,0.0,0.0,8.205843503372323
2020-02-21 00:00:00-06:00,17.329999923706055,18.209999084472656,16.190000534057617,17.079999923706055,0,0.0,0.0,9.768634081610127
2020-02-24 00:00:00-06:00,22.25,26.350000381469727,22.0,25.030000686645508,0,0.0,0.0,46.545672122078365
2020-02-25 00:00:00-06:00,22.190000534057617,30.25,22.190000534057617,27.850000381469727,0,0.0,0.0,11.266478695419302
2020-02-26 00:00:00-06:00,26.6299991607666,29.56999969482422,24.760000228881836,27.559999465942383,0,0.0,0.0,-1.0412959122266252
2020-02-27 00:00:00-06:00,28.950000762939453,39.310001373291016,27.790000915527344,39.15999984741211,0,0.0,0.0,42.08998768597427
2020-02-28 00:00:00-06:00,42.02000045776367,49.47999954223633,39.369998931884766,40.11000061035156,0,0.0,0.0,2.4259467993900774
2020-03-02 00:00:00-06:00,38.540000915527344,40.40999984741211,31.5,33.41999816894531,0,0.0,0.0,-16.679138218910172
2020-03-03 00:00:00-06:00,33.650001525878906,41.060001373291016,24.93000030517578,36.81999969482422,0,0.0,0.0,10.173553896356191
2020-03-04 00:00:00-06:00,34.439998626708984,35.58000183105469,30.299999237060547,31.989999771118164,0,0.0,0.0,-13.117870623950623
2020-03-05 00:00:00-06:00,33.61000061035156,42.84000015258789,33.540000915527344,39.619998931884766,0,0.0,0.0,23.851201048320302
2020-03-06 00:00:00-06:00,48.93000030517578,54.38999938964844,40.84000015258789,41.939998626708984,0,0.0,0.0,5.855627858074386
2020-03-09 00:00:00-05:00,41.939998626708984,62.119998931884766,41.939998626708984,54.459999084472656,0,0.0,0.0,29.852171835290562
2020-03-10 00:00:00-05:00,49.68000030517578,55.65999984741211,43.560001373291016,47.29999923706055,0,0.0,0.0,-13.147263987842283
2020-03-11 00:00:00-05:00,52.2400016784668,55.81999969482422,49.97999954223633,53.900001525878906,0,0.0,0.0,13.953493436099507
2020-03-12 00:00:00-05:00,61.459999084472656,76.83000183105469,59.90999984741211,75.47000122070312,0,0.0,0.0,40.01855117660406
2020-03-13 00:00:00-05:00,71.30999755859375,77.56999969482422,55.16999816894531,57.83000183105469,0,0.0,0.0,-23.37352471753954
2020-03-16 00:00:00-05:00,57.83000183105469,83.55999755859375,57.83000183105469,82.69000244140625,0,0.0,0.0,42.98806817087415
2020-03-17 00:00:00-05:00,82.69000244140625,84.83000183105469,70.37000274658203,75.91000366210938,0,0.0,0.0,-8.199296866753814
2020-03-18 00:00:00-05:00,69.37000274658203,85.47000122070312,69.37000274658203,76.44999694824219,0,0.0,0.0,0.711359847295534
2020-03-19 00:00:00-05:00,80.62000274658203,84.26000213623047,68.56999969482422,72.0,0,0.0,0.0,-5.820794147650399
2020-03-20 00:00:00-05:00,67.86000061035156,69.51000213623047,57.41999816894531,66.04000091552734,0,0.0,0.0,-8.277776506212021
2020-03-23 00:00:00-05:00,74.08000183105469,76.73999786376953,60.459999084472656,61.59000015258789,0,0.0,0.0,-6.738341461611286
2020-03-24 00:00:00-05:00,58.7599983215332,61.880001068115234,36.2400016784668,61.66999816894531,0,0.0,0.0,0.12988799506288284
2020-03-25 00:00:00-05:00,61.439998626708984,68.86000061035156,58.029998779296875,63.95000076293945,0,0.0,0.0,3.6971017702125852
2020-03-26 00:00:00-05:00,65.66999816894531,67.05999755859375,57.65999984741211,61.0,0,0.0,0.0,-4.61298002774857
2020-03-27 00:00:00-05:00,64.94999694824219,69.0999984741211,61.79999923706055,65.54000091552734,0,0.0,0.0,7.442624451684177
2020-03-30 00:00:00-05:00,66.30000305175781,67.69000244140625,56.599998474121094,57.08000183105469,0,0.0,0.0,-12.90814611885116
2020-03-31 00:00:00-05:00,56.689998626708984,58.75,50.880001068115234,53.540000915527344,0,0.0,0.0,-6.201823409195106
2020-04-01 00:00:00-05:00,57.380001068115234,60.59000015258789,52.7599983215332,57.060001373291016,0,0.0,0.0,6.574524463152964
2020-04-02 00:00:00-05:00,54.459999084472656,57.2400016784668,50.45000076293945,50.90999984741211,0,0.0,0.0,-10.778130700777789
2020-04-03 00:00:00-05:00,51.11000061035156,52.290000915527344,46.7400016784668,46.79999923706055,0,0.0,0.0,-8.07307134682792
2020-04-06 00:00:00-05:00,44.16999816894531,45.72999954223633,43.45000076293945,45.2400016784668,0,0.0,0.0,-3.3333281709936435
2020-04-07 00:00:00-05:00,44.83000183105469,47.5099983215332,43.5099983215332,46.70000076293945,0,0.0,0.0,3.2272303941305536
2020-04-08 00:00:00-05:00,45.900001525878906,47.279998779296875,42.529998779296875,43.349998474121094,0,0.0,0.0,-7.173452321390283
2020-04-09 00:00:00-05:00,43.0,45.72999954223633,41.38999938964844,41.66999816894531,0,0.0,0.0,-3.875433366344183
2020-04-13 00:00:00-05:00,44.599998474121094,45.040000915527344,41.16999816894531,41.16999816894531,0,0.0,0.0,-1.1999040604053213
2020-04-14 00:00:00-05:00,40.2400016784668,40.56999969482422,37.310001373291016,37.7599983215332,0,0.0,0.0,-8.282730141057637
2020-04-15 00:00:00-05:00,42.56999969482422,43.22999954223633,40.04999923706055,40.84000015258789,0,0.0,0.0,8.156784872784995
2020-04-16 00:00:00-05:00,41.91999816894531,43.02000045776367,39.869998931884766,40.11000061035156,0,0.0,0.0,-1.787462143753371
2020-04-17 00:00:00-05:00,39.5,40.2599983215332,37.630001068115234,38.150001525878906,0,0.0,0.0,-4.886559597724915
2020-04-20 00:00:00-05:00,40.68000030517578,43.83000183105469,39.880001068115234,43.83000183105469,0,0.0,0.0,14.888597845331075
2020-04-21 00:00:00-05:00,44.279998779296875,47.77000045776367,43.77000045776367,45.40999984741211,0,0.0,0.0,3.604832193362939
2020-04-22 00:00:00-05:00,44.90999984741211,45.06999969482422,41.40999984741211,41.97999954223633,0,0.0,0.0,-7.553403031714067
2020-04-23 00:00:00-05:00,41.29999923706055,42.470001220703125,39.060001373291016,41.380001068115234,0,0.0,0.0,-1.4292484055828392
2020-04-24 00:00:00-05:00,38.79999923706055,40.16999816894531,35.599998474121094,35.93000030517578,0,0.0,0.0,-13.170615326877966
2020-04-27 00:00:00-05:00,36.290000915527344,36.439998626708984,32.5099983215332,33.290000915527344,0,0.0,0.0,-7.347618611815432
2020-04-28 00:00:00-05:00,33.209999084472656,35.38999938964844,30.540000915527344,33.56999969482422,0,0.0,0.0,0.841089731440281
2020-04-29 00:00:00-05:00,32.47999954223633,33.189998626708984,30.709999084472656,31.229999542236328,0,0.0,0.0,-6.970509901281496
2020-04-30 00:00:00-05:00,30.989999771118164,35.939998626708984,30.93000030517578,34.150001525878906,0,0.0,0.0,9.34999047852525
2020-05-01 00:00:00-05:00,38.16999816894531,39.56999969482422,36.59000015258789,37.189998626708984,0,0.0,0.0,8.901894480228245
2020-05-04 00:00:00-05:00,39.130001068115234,40.31999969482422,35.529998779296875,35.970001220703125,0,0.0,0.0,-3.2804448804945263
2020-05-05 00:00:00-05:00,34.81999969482422,36.220001220703125,31.950000762939453,33.61000061035156,0,0.0,0.0,-6.561024548960049
2020-05-06 00:00:00-05:00,32.689998626708984,35.689998626708984,31.68000030517578,34.119998931884766,0,0.0,0.0,1.5174005125609291
2020-05-07 00:00:00-05:00,32.119998931884766,32.279998779296875,30.3700008392334,31.440000534057617,0,0.0,0.0,-7.854626265309516
2020-05-08 00:00:00-05:00,30.139999389648438,30.389999389648438,27.889999389648438,27.979999542236328,0,0.0,0.0,-11.00509202623332
2020-05-11 00:00:00-05:00,28.459999084472656,31.459999084472656,26.969999313354492,27.56999969482422,0,0.0,0.0,-1.465331858898733
2020-05-12 00:00:00-05:00,28.469999313354492,33.040000915527344,26.0,33.040000915527344,0,0.0,0.0,19.84041088593127
2020-05-13 00:00:00-05:00,32.7400016784668,37.41999816894531,30.770000457763672,35.279998779296875,0,0.0,0.0,6.779654363498611
2020-05-14 00:00:00-05:00,35.15999984741211,39.279998779296875,32.33000183105469,32.61000061035156,0,0.0,0.0,-7.568022282676868
2020-05-15 00:00:00-05:00,32.5,35.130001068115234,31.040000915527344,31.889999389648438,0,0.0,0.0,-2.207915385547621
2020-05-18 00:00:00-05:00,30.709999084472656,31.079999923706055,28.350000381469727,29.299999237060547,0,0.0,0.0,-8.121668868481102
2020-05-19 00:00:00-05:00,28.729999542236328,30.739999771118164,28.3700008392334,30.530000686645508,0,0.0,0.0,4.197957275129127
2020-05-20 00:00:00-05:00,29.520000457763672,29.829999923706055,27.829999923706055,27.989999771118164,0,0.0,0.0,-8.319688366854173
2020-05-21 00:00:00-05:00,28.969999313354492,30.200000762939453,27.670000076293945,29.530000686645508,0,0.0,0.0,5.50196830339531
2020-05-22 00:00:00-05:00,31.360000610351562,31.549999237060547,28.030000686645508,28.15999984741211,0,0.0,0.0,-4.639352547841158
2020-05-26 00:00:00-05:00,27.719999313354492,28.579999923706055,27.18000030517578,28.010000228881836,0,0.0,0.0,-0.5326691027807584
2020-05-27 00:00:00-05:00,27.6200008392334,30.530000686645508,25.920000076293945,27.6200008392334,0,0.0,0.0,-1.3923576810481397
2020-05-28 00:00:00-05:00,27.81999969482422,29.889999389648438,27.43000030517578,28.59000015258789,0,0.0,0.0,3.5119452711117827
2020-05-29 00:00:00-05:00,29.299999237060547,30.15999984741211,27.290000915527344,27.510000228881836,0,0.0,0.0,-3.7775443089960836
2020-06-01 00:00:00-05:00,28.940000534057617,30.600000381469727,28.110000610351562,28.229999542236328,0,0.0,0.0,2.617227580385806
2020-06-02 00:00:00-05:00,28.399999618530273,28.520000457763672,26.65999984741211,26.84000015258789,0,0.0,0.0,-4.923837804420749
2020-06-03 00:00:00-05:00,26.75,26.979999542236328,25.040000915527344,25.65999984741211,0,0.0,0.0,-4.396424360906748
2020-06-04 00:00:00-05:00,26.229999542236328,26.43000030517578,24.3799991607666,25.809999465942383,0,0.0,0.0,0.5845659369534406
2020-06-05 00:00:00-05:00,24.790000915527344,25.09000015258789,23.540000915527344,24.520000457763672,0,0.0,0.0,-4.998059027009782
2020-06-08 00:00:00-05:00,25.559999465942383,25.979999542236328,24.649999618530273,25.809999465942383,0,0.0,0.0,5.26100727608374
2020-06-09 00:00:00-05:00,25.93000030517578,27.700000762939453,25.709999084472656,27.56999969482422,0,0.0,0.0,6.819063406817372
2020-06-10 00:00:00-05:00,26.729999542236328,29.010000228881836,26.059999465942383,27.56999969482422,0,0.0,0.0,0.0
2020-06-11 00:00:00-05:00,30.450000762939453,42.58000183105469,29.489999771118164,40.790000915527344,0,0.0,0.0,47.95067597764591
2020-06-12 00:00:00-05:00,37.68000030517578,44.15999984741211,34.970001220703125,36.09000015258789,0,0.0,0.0,-11.522433580407998
2020-06-15 00:00:00-05:00,44.09000015258789,44.439998626708984,34.279998779296875,34.400001525878906,0,0.0,0.0,-4.6827337754605125
2020-06-16 00:00:00-05:00,34.279998779296875,37.45000076293945,31.729999542236328,33.66999816894531,0,0.0,0.0,-2.1221026876537152
2020-06-17 00:00:00-05:00,33.279998779296875,35.16999816894531,32.25,33.470001220703125,0,0.0,0.0,-0.5939915625735037
2020-06-18 00:00:00-05:00,33.83000183105469,36.25,32.2400016784668,32.939998626708984,0,0.0,0.0,-1.583515311216377
2020-06-19 00:00:00-05:00,32.06999969482422,35.119998931884766,30.399999618530273,35.119998931884766,0,0.0,0.0,6.618094705711841
2020-06-22 00:00:00-05:00,35.220001220703125,35.38999938964844,31.639999389648438,31.770000457763672,0,0.0,0.0,-9.5387203189226
2020-06-23 00:00:00-05:00,31.709999084472656,31.709999084472656,29.260000228881836,31.3700008392334,0,0.0,0.0,-1.25904819882533
2020-06-24 00:00:00-05:00,31.049999237060547,37.119998931884766,30.950000762939453,33.84000015258789,0,0.0,0.0,7.873762343880286
2020-06-25 00:00:00-05:00,36.59000015258789,36.93000030517578,31.59000015258789,32.220001220703125,0,0.0,0.0,-4.787230864598202
2020-06-26 00:00:00-05:00,33.0099983215332,36.25,31.040000915527344,34.72999954223633,0,0.0,0.0,7.790186922526843
2020-06-29 00:00:00-05:00,35.04999923706055,36.310001373291016,31.780000686645508,31.780000686645508,0,0.0,0.0,-8.49409413899711
2020-06-30 00:00:00-05:00,32.540000915527344,32.939998626708984,29.559999465942383,30.43000030517578,0,0.0,0.0,-4.247955797046343
2020-07-01 00:00:00-05:00,30.959999084472656,31.760000228881836,28.200000762939453,28.6200008392334,0,0.0,0.0,-5.948075740355884
2020-07-02 00:00:00-05:00,28.329999923706055,28.440000534057617,25.899999618530273,27.68000030517578,0,0.0,0.0,-3.284418261683031
2020-07-06 00:00:00-05:00,27.760000228881836,28.329999923706055,24.920000076293945,27.940000534057617,0,0.0,0.0,0.9393071749107529
2020-07-07 00:00:00-05:00,28.770000457763672,29.6299991607666,27.25,29.43000030517578,0,0.0,0.0,5.33285519913258
2020-07-08 00:00:00-05:00,28.950000762939453,30.200000762939453,27.239999771118164,28.079999923706055,0,0.0,0.0,-4.587157211929438
2020-07-09 00:00:00-05:00,28.18000030517578,31.479999542236328,26.110000610351562,29.260000228881836,0,0.0,0.0,4.202280300505223
2020-07-10 00:00:00-05:00,30.860000610351562,30.90999984741211,27.1299991607666,27.290000915527344,0,0.0,0.0,-6.732738543897732
2020-07-13 00:00:00-05:00,27.850000381469727,32.45000076293945,26.8700008392334,32.189998626708984,0,0.0,0.0,17.95528599045837
2020-07-14 00:00:00-05:00,31.139999389648438,33.66999816894531,29.209999084472656,29.520000457763672,0,0.0,0.0,-8.294496063538004
2020-07-15 00:00:00-05:00,29.149999618530273,30.09000015258789,27.170000076293945,27.760000228881836,0,0.0,0.0,-5.962060303488103
2020-07-16 00:00:00-05:00,28.40999984741211,29.290000915527344,26.979999542236328,28.0,0,0.0,0.0,0.8645524824904882
2020-07-17 00:00:00-05:00,27.149999618530273,27.540000915527344,25.40999984741211,25.68000030517578,0,0.0,0.0,-8.285713195800781
2020-07-20 00:00:00-05:00,26.940000534057617,27.079999923706055,24.350000381469727,24.459999084472656,0,0.0,0.0,-4.750783513258893
2020-07-21 00:00:00-05:00,24.079999923706055,25.649999618530273,23.610000610351562,24.84000015258789,0,0.0,0.0,1.5535612524060216
2020-07-22 00:00:00-05:00,24.559999465942383,26.260000228881836,24.1299991607666,24.31999969482422,0,0.0,0.0,-2.0933995755611834
2020-07-23 00:00:00-05:00,23.969999313354492,26.950000762939453,23.600000381469727,26.079999923706055,0,0.0,0.0,7.2368431371995445
2020-07-24 00:00:00-05:00,27.959999084472656,28.579999923706055,25.530000686645508,25.84000015258789,0,0.0,0.0,-0.9202445238506662
2020-07-27 00:00:00-05:00,26.600000381469727,26.940000534057617,24.549999237060547,24.739999771118164,0,0.0,0.0,-4.256967395410638
2020-07-28 00:00:00-05:00,24.860000610351562,25.850000381469727,24.049999237060547,25.440000534057617,0,0.0,0.0,2.829429140725548
2020-07-29 00:00:00-05:00,25.15999984741211,25.420000076293945,23.729999542236328,24.100000381469727,0,0.0,0.0,-5.267296086703988
2020-07-30 00:00:00-05:00,25.040000915527344,28.290000915527344,24.639999389648438,24.760000228881836,0,0.0,0.0,2.738588535125408
2020-07-31 00:00:00-05:00,24.790000915527344,26.40999984741211,23.549999237060547,24.459999084472656,0,0.0,0.0,-1.2116362747817577
2020-08-03 00:00:00-05:00,25.75,26.010000228881836,22.170000076293945,24.280000686645508,0,0.0,0.0,-0.7358888166983268
2020-08-04 00:00:00-05:00,24.010000228881836,24.760000228881836,22.920000076293945,23.760000228881836,0,0.0,0.0,-2.1416822201726027
2020-08-05 00:00:00-05:00,23.440000534057617,23.610000610351562,22.860000610351562,22.989999771118164,0,0.0,0.0,-3.240742636137206
2020-08-06 00:00:00-05:00,23.030000686645508,24.110000610351562,20.969999313354492,22.649999618530273,0,0.0,0.0,-1.4789045496860997
2020-08-07 00:00:00-05:00,23.450000762939453,24.020000457763672,22.020000457763672,22.209999084472656,0,0.0,0.0,-1.9426072470996703
2020-08-10 00:00:00-05:00,22.8799991607666,23.520000457763672,21.459999084472656,22.1299991607666,0,0.0,0.0,-0.36019778029610094
2020-08-11 00:00:00-05:00,21.850000381469727,24.93000030517578,20.280000686645508,24.030000686645508,0,0.0,0.0,8.585637586680717
2020-08-12 00:00:00-05:00,22.81999969482422,22.8799991607666,21.540000915527344,22.280000686645508,0,0.0,0.0,-7.282563254243057
2020-08-13 00:00:00-05:00,22.200000762939453,22.920000076293945,21.450000762939453,22.1299991607666,0,0.0,0.0,-0.6732563790665225
2020-08-14 00:00:00-05:00,22.270000457763672,23.549999237060547,21.790000915527344,22.049999237060547,0,0.0,0.0,-0.36149989489328016
2020-08-17 00:00:00-05:00,22.520000457763672,22.81999969482422,21.34000015258789,21.350000381469727,0,0.0,0.0,-3.17459809438132
2020-08-18 00:00:00-05:00,21.690000534057617,22.549999237060547,21.18000030517578,21.510000228881836,0,0.0,0.0,0.7494137918188315
2020-08-19 00:00:00-05:00,21.600000381469727,22.979999542236328,20.989999771118164,22.540000915527344,0,0.0,0.0,4.788473620109546
2020-08-20 00:00:00-05:00,24.100000381469727,24.600000381469727,22.3700008392334,22.719999313354492,0,0.0,0.0,0.7985731611179769
2020-08-21 00:00:00-05:00,22.579999923706055,24.469999313354492,22.059999465942383,22.540000915527344,0,0.0,0.0,-0.7922464932529683
2020-08-24 00:00:00-05:00,22.8700008392334,23.18000030517578,21.25,22.3700008392334,0,0.0,0.0,-0.7542150372178313
2020-08-25 00:00:00-05:00,22.15999984741211,23.43000030517578,21.530000686645508,22.030000686645508,0,0.0,0.0,-1.5198933385446534
2020-08-26 00:00:00-05:00,22.139999389648438,23.270000457763672,20.920000076293945,23.270000457763672,0,0.0,0.0,5.62868693812546
2020-08-27 00:00:00-05:00,23.420000076293945,27.09000015258789,21.440000534057617,24.469999313354492,0,0.0,0.0,5.156849299461275
2020-08-28 00:00:00-05:00,24.59000015258789,26.299999237060547,22.639999389648438,22.959999084472656,0,0.0,0.0,-6.170822522490848
2020-08-31 00:00:00-05:00,23.90999984741211,26.5,21.770000457763672,26.40999984741211,0,0.0,0.0,15.026136326253647
2020-09-01 00:00:00-05:00,25.860000610351562,26.59000015258789,25.020000457763672,26.1200008392334,0,0.0,0.0,-1.0980651641583683
2020-09-02 00:00:00-05:00,26.010000228881836,27.06999969482422,25.530000686645508,26.56999969482422,0,0.0,0.0,1.7228133274594049
2020-09-03 00:00:00-05:00,26.280000686645508,35.939998626708984,25.65999984741211,33.599998474121094,0,0.0,0.0,26.45840745216983
2020-09-04 00:00:00-05:00,34.619998931884766,38.279998779296875,29.5,30.75,0,0.0,0.0,-8.48213870103649
2020-09-08 00:00:00-05:00,30.610000610351562,35.93000030517578,30.520000457763672,31.459999084472656,0,0.0,0.0,2.308940112106206
2020-09-09 00:00:00-05:00,31.68000030517578,31.780000686645508,28.1200008392334,28.809999465942383,0,0.0,0.0,-8.423393819608227
2020-09-10 00:00:00-05:00,28.670000076293945,30.559999465942383,27.59000015258789,29.709999084472656,0,0.0,0.0,3.123914041005804
2020-09-11 00:00:00-05:00,28.6299991607666,29.729999542236328,26.510000228881836,26.8700008392334,0,0.0,0.0,-9.559065408128964
2020-09-14 00:00:00-05:00,25.860000610351562,26.790000915527344,25.3799991607666,25.850000381469727,0,0.0,0.0,-3.7960566650759087
2020-09-15 00:00:00-05:00,25.920000076293945,26.0,24.920000076293945,25.59000015258789,0,0.0,0.0,-1.0058035785106334
2020-09-16 00:00:00-05:00,25.309999465942383,26.59000015258789,24.84000015258789,26.040000915527344,0,0.0,0.0,1.7585023847447978
2020-09-17 00:00:00-05:00,28.219999313354492,28.920000076293945,26.260000228881836,26.459999084472656,0,0.0,0.0,1.612896137399411
2020-09-18 00:00:00-05:00,26.649999618530273,28.100000381469727,25.280000686645508,25.829999923706055,0,0.0,0.0,-2.380949291628287
2020-09-21 00:00:00-05:00,28.040000915527344,31.18000030517578,27.389999389648438,27.780000686645508,0,0.0,0.0,7.549364183891449
2020-09-22 00:00:00-05:00,28.610000610351562,28.780000686645508,26.479999542236328,26.860000610351562,0,0.0,0.0,-3.311735253974313
2020-09-23 00:00:00-05:00,27.020000457763672,29.729999542236328,25.190000534057617,28.579999923706055,0,0.0,0.0,6.40357138596499
2020-09-24 00:00:00-05:00,29.540000915527344,30.489999771118164,27.940000534057617,28.510000228881836,0,0.0,0.0,-0.24492545490231166
2020-09-25 00:00:00-05:00,28.170000076293945,30.43000030517578,26.020000457763672,26.3799991607666,0,0.0,0.0,-7.47106647146728
2020-09-28 00:00:00-05:00,27.149999618530273,27.190000534057617,24.899999618530273,26.190000534057617,0,0.0,0.0,-0.7202374251457866
2020-09-29 00:00:00-05:00,26.809999465942383,27.43000030517578,25.979999542236328,26.270000457763672,0,0.0,0.0,0.3054598017362409
2020-09-30 00:00:00-05:00,26.690000534057617,27.1200008392334,25.059999465942383,26.3700008392334,0,0.0,0.0,0.38066379797176975
2020-10-01 00:00:00-05:00,25.780000686645508,27.110000610351562,25.329999923706055,26.700000762939453,0,0.0,0.0,1.2514217413868156
2020-10-02 00:00:00-05:00,28.8700008392334,29.899999618530273,26.93000030517578,27.6299991607666,0,0.0,0.0,3.4831399672393237
2020-10-05 00:00:00-05:00,29.520000457763672,29.690000534057617,27.270000457763672,27.959999084472656,0,0.0,0.0,1.1943537232336876
2020-10-06 00:00:00-05:00,28.049999237060547,30.0,26.010000228881836,29.479999542236328,0,0.0,0.0,5.436339440396454
2020-10-07 00:00:00-05:00,29.260000228881836,29.760000228881836,27.940000534057617,28.059999465942383,0,0.0,0.0,-4.816825299673077
2020-10-08 00:00:00-05:00,27.649999618530273,27.989999771118164,24.8799991607666,26.360000610351562,0,0.0,0.0,-6.05844222361508
2020-10-09 00:00:00-05:00,26.200000762939453,26.219999313354492,24.030000686645508,25.0,0,0.0,0.0,-5.159334517683933
2020-10-12 00:00:00-05:00,25.649999618530273,25.649999618530273,24.139999389648438,25.06999969482422,0,0.0,0.0,0.279998779296875
2020-10-13 00:00:00-05:00,25.670000076293945,26.93000030517578,25.15999984741211,26.06999969482422,0,0.0,0.0,3.9888313209930137
2020-10-14 00:00:00-05:00,25.719999313354492,27.229999542236328,25.530000686645508,26.399999618530273,0,0.0,0.0,1.2658225069775098
2020-10-15 00:00:00-05:00,27.100000381469727,29.059999465942383,26.81999969482422,26.969999313354492,0,0.0,0.0,2.159089784320045
2020-10-16 00:00:00-05:00,27.15999984741211,27.459999084472656,26.190000534057617,27.40999984741211,0,0.0,0.0,1.6314443650717658
2020-10-19 00:00:00-05:00,27.360000610351562,29.690000534057617,27.040000915527344,29.18000030517578,0,0.0,0.0,6.457498969781228
2020-10-20 00:00:00-05:00,28.809999465942383,29.600000381469727,28.290000915527344,29.350000381469727,0,0.0,0.0,0.5825910709938986
2020-10-21 00:00:00-05:00,29.1200008392334,30.549999237060547,28.3700008392334,28.649999618530273,0,0.0,0.0,-2.385011086341937
2020-10-22 00:00:00-05:00,30.100000381469727,30.1200008392334,27.68000030517578,28.110000610351562,0,0.0,0.0,-1.8848133171682435
2020-10-23 00:00:00-05:00,28.469999313354492,28.670000076293945,27.260000228881836,27.549999237060547,0,0.0,0.0,-1.9921784458617031
2020-10-26 00:00:00-05:00,29.3799991607666,33.68000030517578,29.219999313354492,32.459999084472656,0,0.0,0.0,17.822141500487334
2020-10-27 00:00:00-05:00,32.040000915527344,33.77000045776367,31.850000381469727,33.349998474121094,0,0.0,0.0,2.741834302990398
2020-10-28 00:00:00-05:00,34.689998626708984,40.77000045776367,34.68000030517578,40.279998779296875,0,0.0,0.0,20.77961206071215
2020-10-29 00:00:00-05:00,38.79999923706055,41.15999984741211,35.630001068115234,37.59000015258789,0,0.0,0.0,-6.678249027384753
2020-10-30 00:00:00-05:00,40.810001373291016,41.09000015258789,36.5,38.02000045776367,0,0.0,0.0,1.1439220628632452
2020-11-02 00:00:00-06:00,38.56999969482422,38.779998779296875,36.130001068115234,37.130001068115234,0,0.0,0.0,-2.340871591090943
2020-11-03 00:00:00-06:00,36.439998626708984,36.439998626708984,34.189998626708984,35.54999923706055,0,0.0,0.0,-4.255323957993329
2020-11-04 00:00:00-06:00,36.790000915527344,36.849998474121094,28.030000686645508,29.56999969482422,0,0.0,0.0,-16.82137741370816
2020-11-05 00:00:00-06:00,27.559999465942383,28.139999389648438,26.040000915527344,27.579999923706055,0,0.0,0.0,-6.7297930052616195
2020-11-06 00:00:00-06:00,27.8700008392334,29.440000534057617,24.559999465942383,24.860000610351562,0,0.0,0.0,-9.862216536906331
2020-11-09 00:00:00-06:00,24.799999237060547,25.81999969482422,22.40999984741211,25.75,0,0.0,0.0,3.5800457272629593
2020-11-10 00:00:00-06:00,25.360000610351562,26.770000457763672,24.350000381469727,24.799999237060547,0,0.0,0.0,-3.6893233512211743
2020-11-11 00:00:00-06:00,25.010000228881836,25.1200008392334,22.56999969482422,23.450000762939453,0,0.0,0.0,-5.443542401822688
2020-11-12 00:00:00-06:00,24.389999389648438,27.270000457763672,23.530000686645508,25.350000381469727,0,0.0,0.0,8.102343525434108
2020-11-13 00:00:00-06:00,24.940000534057617,25.030000686645508,22.739999771118164,23.100000381469727,0,0.0,0.0,-8.875739511407266
2020-11-16 00:00:00-06:00,23.65999984741211,24.079999923706055,22.43000030517578,22.450000762939453,0,0.0,0.0,-2.8138511160012314
2020-11-17 00:00:00-06:00,22.84000015258789,24.09000015258789,22.34000015258789,22.709999084472656,0,0.0,0.0,1.1581216601222133
2020-11-18 00:00:00-06:00,22.860000610351562,23.920000076293945,21.65999984741211,23.84000015258789,0,0.0,0.0,4.975786497886037
2020-11-19 00:00:00-06:00,23.6200008392334,24.520000457763672,22.559999465942383,23.110000610351562,0,0.0,0.0,-3.062078597164286
2020-11-20 00:00:00-06:00,23.43000030517578,23.729999542236328,22.1299991607666,23.700000762939453,0,0.0,0.0,2.553007948963937
2020-11-23 00:00:00-06:00,23.65999984741211,23.959999084472656,22.450000762939453,22.65999984741211,0,0.0,0.0,-4.388189375730445
2020-11-24 00:00:00-06:00,22.040000915527344,22.479999542236328,20.799999237060547,21.639999389648438,0,0.0,0.0,-4.501325969250447
2020-11-25 00:00:00-06:00,21.649999618530273,22.5,21.1299991607666,21.25,0,0.0,0.0,-1.802215344955116
2020-11-27 00:00:00-06:00,21.520000457763672,21.600000381469727,19.510000228881836,20.84000015258789,0,0.0,0.0,-1.9294110466452241
2020-11-30 00:00:00-06:00,22.639999389648438,22.889999389648438,20.479999542236328,20.56999969482422,0,0.0,0.0,-1.295587599744541
2020-12-01 00:00:00-06:00,20.209999084472656,20.920000076293945,20.0,20.770000457763672,0,0.0,0.0,0.9722934657591553
2020-12-02 00:00:00-06:00,21.0,21.25,20.040000915527344,21.170000076293945,0,0.0,0.0,1.9258527188946495
2020-12-03 00:00:00-06:00,21.239999771118164,21.8799991607666,20.719999313354492,21.280000686645508,0,0.0,0.0,0.5196060933166491
2020-12-04 00:00:00-06:00,21.049999237060547,21.149999618530273,19.969999313354492,20.790000915527344,0,0.0,0.0,-2.3026304290754473
2020-12-07 00:00:00-06:00,22.040000915527344,22.6200008392334,21.170000076293945,21.299999237060547,0,0.0,0.0,2.4530942716423976
2020-12-08 00:00:00-06:00,21.649999618530273,22.25,20.520000457763672,20.68000030517578,0,0.0,0.0,-2.9107932117012014
2020-12-09 00:00:00-06:00,20.65999984741211,22.93000030517578,20.100000381469727,22.270000457763672,0,0.0,0.0,7.688588632128535
2020-12-10 00:00:00-06:00,22.1200008392334,23.459999084472656,21.530000686645508,22.520000457763672,0,0.0,0.0,1.1225864160808507
2020-12-11 00:00:00-06:00,22.489999771118164,25.139999389648438,22.479999542236328,23.309999465942383,0,0.0,0.0,3.5079884197176447
2020-12-14 00:00:00-06:00,22.670000076293945,24.81999969482422,21.950000762939453,24.719999313354492,0,0.0,0.0,6.048905532890392
2020-12-15 00:00:00-06:00,24.0,24.06999969482422,22.729999542236328,22.889999389648438,0,0.0,0.0,-7.402912518356885
2020-12-16 00:00:00-06:00,22.510000228881836,23.670000076293945,22.290000915527344,22.5,0,0.0,0.0,-1.7037981653455492
2020-12-17 00:00:00-06:00,21.979999542236328,22.270000457763672,21.520000457763672,21.93000030517578,0,0.0,0.0,-2.5333319769965224
2020-12-18 00:00:00-06:00,22.149999618530273,23.770000457763672,21.56999969482422,21.56999969482422,0,0.0,0.0,-1.6415896276417152
2020-12-21 00:00:00-06:00,24.25,31.459999084472656,24.229999542236328,25.15999984741211,0,0.0,0.0,16.643487266480218
2020-12-22 00:00:00-06:00,25.239999771118164,25.559999465942383,23.530000686645508,24.229999542236328,0,0.0,0.0,-3.696344637583293
2020-12-23 00:00:00-06:00,23.489999771118164,23.68000030517578,22.1299991607666,23.309999465942383,0,0.0,0.0,-3.7969463213990307
2020-12-24 00:00:00-06:00,22.469999313354492,22.829999923706055,21.389999389648438,21.530000686645508,0,0.0,0.0,-7.636202574339757
2020-12-28 00:00:00-06:00,22.110000610351562,22.1200008392334,21.149999618530273,21.700000762939453,0,0.0,0.0,0.7895962418588809
2020-12-29 00:00:00-06:00,21.610000610351562,23.719999313354492,20.989999771118164,23.079999923706055,0,0.0,0.0,6.359442913584812
2020-12-30 00:00:00-06:00,22.579999923706055,23.149999618530273,22.40999984741211,22.770000457763672,0,0.0,0.0,-1.3431519365993294
2020-12-31 00:00:00-06:00,22.989999771118164,23.25,21.239999771118164,22.75,0,0.0,0.0,-0.08783687905835613
2021-01-04 00:00:00-06:00,23.040000915527344,29.190000534057617,22.559999465942383,26.969999313354492,0,0.0,0.0,18.549447531228537
2021-01-05 00:00:00-06:00,26.940000534057617,28.600000381469727,24.799999237060547,25.34000015258789,0,0.0,0.0,-6.0437493595318355
2021-01-06 00:00:00-06:00,25.479999542236328,26.770000457763672,22.139999389648438,25.06999969482422,0,0.0,0.0,-1.065510876629172
2021-01-07 00:00:00-06:00,23.670000076293945,23.90999984741211,22.25,22.3700008392334,0,0.0,0.0,-10.769840001825937
2021-01-08 00:00:00-06:00,22.43000030517578,23.34000015258789,21.420000076293945,21.559999465942383,0,0.0,0.0,-3.6209268793159888
2021-01-11 00:00:00-06:00,23.309999465942383,24.809999465942383,23.229999542236328,24.079999923706055,0,0.0,0.0,11.688314101048247
2021-01-12 00:00:00-06:00,23.489999771118164,25.149999618530273,22.829999923706055,23.329999923706055,0,0.0,0.0,-3.114617950067544
2021-01-13 00:00:00-06:00,23.06999969482422,24.18000030517578,21.920000076293945,22.209999084472656,0,0.0,0.0,-4.800689425186599
2021-01-14 00:00:00-06:00,22.219999313354492,23.469999313354492,21.65999984741211,23.25,0,0.0,0.0,4.682579731641789
2021-01-15 00:00:00-06:00,23.520000457763672,25.799999237060547,23.079999923706055,24.34000015258789,0,0.0,0.0,4.688172699302751
2021-01-19 00:00:00-06:00,23.030000686645508,23.559999465942383,22.530000686645508,23.239999771118164,0,0.0,0.0,-4.519311317065755
2021-01-20 00:00:00-06:00,22.81999969482422,22.860000610351562,21.3700008392334,21.579999923706055,0,0.0,0.0,-7.1428565566299955
2021-01-21 00:00:00-06:00,21.34000015258789,22.219999313354492,21.09000015258789,21.31999969482422,0,0.0,0.0,-1.2048203419881442
2021-01-22 00:00:00-06:00,22.239999771118164,23.729999542236328,21.270000457763672,21.90999984741211,0,0.0,0.0,2.767355351938039
2021-01-25 00:00:00-06:00,22.309999465942383,26.6299991607666,22.200000762939453,23.190000534057617,0,0.0,0.0,5.842084416064908
2021-01-26 00:00:00-06:00,23.90999984741211,23.940000534057617,22.549999237060547,23.020000457763672,0,0.0,0.0,-0.7330749132337333
2021-01-27 00:00:00-06:00,23.81999969482422,37.209999084472656,23.709999084472656,37.209999084472656,0,0.0,0.0,61.642043199539984
2021-01-28 00:00:00-06:00,33.25,36.290000915527344,27.389999389648438,30.209999084472656,0,0.0,0.0,-18.81214773509905
2021-01-29 00:00:00-06:00,35.15999984741211,37.5099983215332,29.239999771118164,33.09000015258789,0,0.0,0.0,9.533270954634009
2021-02-01 00:00:00-06:00,31.450000762939453,33.959999084472656,29.030000686645508,30.239999771118164,0,0.0,0.0,-8.612875093162653
2021-02-02 00:00:00-06:00,28.010000228881836,28.079999923706055,25.309999465942383,25.559999465942383,0,0.0,0.0,-15.476191602506528
2021-02-03 00:00:00-06:00,24.59000015258789,25.43000030517578,22.90999984741211,22.90999984741211,0,0.0,0.0,-10.36776085250426
2021-02-04 00:00:00-06:00,23.440000534057617,23.440000534057617,21.68000030517578,21.770000457763672,0,0.0,0.0,-4.9759903851645415
2021-02-05 00:00:00-06:00,21.989999771118164,22.15999984741211,20.860000610351562,20.8700008392334,0,0.0,0.0,-4.13412769685686
2021-02-08 00:00:00-06:00,21.889999389648438,22.06999969482422,21.229999542236328,21.239999771118164,0,0.0,0.0,1.7728745424351322
2021-02-09 00:00:00-06:00,21.56999969482422,22.260000228881836,20.649999618530273,21.6299991607666,0,0.0,0.0,1.836155338281853
2021-02-10 00:00:00-06:00,21.639999389648438,23.850000381469727,19.690000534057617,21.989999771118164,0,0.0,0.0,1.6643579487721327
2021-02-11 00:00:00-06:00,22.09000015258789,23.25,21.110000610351562,21.25,0,0.0,0.0,-3.3651649787194926
2021-02-12 00:00:00-06:00,21.600000381469727,22.450000762939453,19.950000762939453,19.969999313354492,0,0.0,0.0,-6.023532643037688
2021-02-16 00:00:00-06:00,21.1299991607666,22.459999084472656,20.8799991607666,21.459999084472656,0,0.0,0.0,7.461190898097625
2021-02-17 00:00:00-06:00,22.020000457763672,23.440000534057617,21.09000015258789,21.5,0,0.0,0.0,0.18639756399749796
2021-02-18 00:00:00-06:00,21.979999542236328,24.229999542236328,21.799999237060547,22.489999771118164,0,0.0,0.0,4.604650098224017
2021-02-19 00:00:00-06:00,23.100000381469727,23.190000534057617,20.84000015258789,22.049999237060547,0,0.0,0.0,-1.9564274723678277
2021-02-22 00:00:00-06:00,24.459999084472656,25.09000015258789,21.959999084472656,23.450000762939453,0,0.0,0.0,6.34921348897759
2021-02-23 00:00:00-06:00,22.81999969482422,27.010000228881836,22.5,23.110000610351562,0,0.0,0.0,-1.4498939937146127
2021-02-24 00:00:00-06:00,23.760000228881836,25.040000915527344,21.309999465942383,21.34000015258789,0,0.0,0.0,-7.659023846891822
2021-02-25 00:00:00-06:00,21.729999542236328,31.15999984741211,21.520000457763672,28.889999389648438,0,0.0,0.0,35.37956505658677
2021-02-26 00:00:00-06:00,28.729999542236328,30.81999969482422,25.229999542236328,27.950000762939453,0,0.0,0.0,-3.253716325953937
2021-03-01 00:00:00-06:00,25.200000762939453,25.389999389648438,23.170000076293945,23.350000381469727,0,0.0,0.0,-16.45796155959014
2021-03-02 00:00:00-06:00,23.579999923706055,24.600000381469727,22.799999237060547,24.100000381469727,0,0.0,0.0,3.211991382215107
2021-03-03 00:00:00-06:00,22.799999237060547,26.790000915527344,22.450000762939453,26.670000076293945,0,0.0,0.0,10.663898979853403
2021-03-04 00:00:00-06:00,26.520000457763672,31.899999618530273,24.93000030517578,28.56999969482422,0,0.0,0.0,7.124108035601839
2021-03-05 00:00:00-06:00,29.479999542236328,30.030000686645508,24.329999923706055,24.65999984741211,0,0.0,0.0,-13.68568389631607
2021-03-08 00:00:00-06:00,27.610000610351562,28.389999389648438,24.06999969482422,25.469999313354492,0,0.0,0.0,3.2846693874873933
2021-03-09 00:00:00-06:00,25.110000610351562,25.25,22.899999618530273,24.030000686645508,0,0.0,0.0,-5.653705007969756
2021-03-10 00:00:00-06:00,23.760000228881836,23.8700008392334,22.3799991607666,22.559999465942383,0,0.0,0.0,-6.117358213477154
2021-03-11 00:00:00-06:00,22.5,22.5,21.450000762939453,21.90999984741211,0,0.0,0.0,-2.8812040510530323
2021-03-12 00:00:00-06:00,22.56999969482422,22.989999771118164,20.6299991607666,20.690000534057617,0,0.0,0.0,-5.568230588091916
2021-03-15 00:00:00-05:00,21.84000015258789,21.860000610351562,19.8700008392334,20.030000686645508,0,0.0,0.0,-3.18994601438356
2021-03-16 00:00:00-05:00,20.139999389648438,20.309999465942383,19.329999923706055,19.790000915527344,0,0.0,0.0,-1.1982015121855594
2021-03-17 00:00:00-05:00,20.100000381469727,20.950000762939453,19.18000030517578,19.229999542236328,0,0.0,0.0,-2.8297187841544558
2021-03-18 00:00:00-05:00,18.950000762939453,22.600000381469727,18.950000762939453,21.579999923706055,0,0.0,0.0,12.220491094179376
2021-03-19 00:00:00-05:00,21.43000030517578,23.170000076293945,19.899999618530273,20.950000762939453,0,0.0,0.0,-2.9193659082201173
2021-03-22 00:00:00-05:00,21.90999984741211,22.290000915527344,18.8700008392334,18.8799991607666,0,0.0,0.0,-9.880675545533556
2021-03-23 00:00:00-05:00,19.459999084472656,21.579999923706055,18.799999237060547,20.299999237060547,0,0.0,0.0,7.521187179100952
2021-03-24 00:00:00-05:00,20.639999389648438,21.489999771118164,19.299999237060547,21.200000762939453,0,0.0,0.0,4.433505220216083
2021-03-25 00:00:00-05:00,20.799999237060547,23.549999237060547,19.809999465942383,19.809999465942383,0,0.0,0.0,-6.556609655538248
2021-03-26 00:00:00-05:00,19.31999969482422,21.489999771118164,18.68000030517578,18.860000610351562,0,0.0,0.0,-4.795552151447913
2021-03-29 00:00:00-05:00,20.399999618530273,21.600000381469727,19.420000076293945,20.739999771118164,0,0.0,0.0,9.968181865989646
2021-03-30 00:00:00-05:00,20.760000228881836,21.75,19.469999313354492,19.610000610351562,0,0.0,0.0,-5.448404885424352
2021-03-31 00:00:00-05:00,19.799999237060547,20.110000610351562,18.850000381469727,19.399999618530273,0,0.0,0.0,-1.070887227359063
2021-04-01 00:00:00-05:00,18.600000381469727,18.639999389648438,17.290000915527344,17.329999923706055,0,0.0,0.0,-10.670101729522818
2021-04-05 00:00:00-05:00,18.15999984741211,18.399999618530273,17.350000381469727,17.90999984741211,0,0.0,0.0,3.3467970355421706
2021-04-06 00:00:00-05:00,18.06999969482422,18.299999237060547,17.3700008392334,18.1200008392334,0,0.0,0.0,1.1725348610297948
2021-04-07 00:00:00-05:00,17.989999771118164,18.170000076293945,16.8700008392334,17.15999984741211,0,0.0,0.0,-5.298018473281174
2021-04-08 00:00:00-05:00,16.920000076293945,17.360000610351562,16.549999237060547,16.950000762939453,0,0.0,0.0,-1.2237708994171426
2021-04-09 00:00:00-05:00,17.049999237060547,17.34000015258789,16.200000762939453,16.690000534057617,0,0.0,0.0,-1.5339245851263672
2021-04-12 00:00:00-05:00,17.43000030517578,17.90999984741211,16.809999465942383,16.90999984741211,0,0.0,0.0,1.318150427290643
2021-04-13 00:00:00-05:00,16.989999771118164,17.860000610351562,16.43000030517578,16.649999618530273,0,0.0,0.0,-1.5375531119335095
2021-04-14 00:00:00-05:00,16.709999084472656,17.690000534057617,15.380000114440918,16.989999771118164,0,0.0,0.0,2.0420430052712657
2021-04-15 00:00:00-05:00,16.780000686645508,16.920000076293945,15.9399995803833,16.56999969482422,0,0.0,0.0,-2.4720428602236777
2021-04-16 00:00:00-05:00,16.649999618530273,16.8799991607666,16.049999237060547,16.25,0,0.0,0.0,-1.9311991594313294
2021-04-19 00:00:00-05:00,17.040000915527344,18.610000610351562,16.780000686645508,17.290000915527344,0,0.0,0.0,6.400005634014416
2021-04-20 00:00:00-05:00,17.360000610351562,19.700000762939453,17.239999771118164,18.68000030517578,0,0.0,0.0,8.039325136184017
2021-04-21 00:00:00-05:00,18.479999542236328,19.290000915527344,16.90999984741211,17.5,0,0.0,0.0,-6.316918018726325
2021-04-22 00:00:00-05:00,17.280000686645508,19.899999618530273,16.989999771118164,18.709999084472656,0,0.0,0.0,6.914280482700885
2021-04-23 00:00:00-05:00,18.559999465942383,18.780000686645508,16.799999237060547,17.329999923706055,0,0.0,0.0,-7.375730776554967
2021-04-26 00:00:00-05:00,17.940000534057617,18.170000076293945,16.8700008392334,17.639999389648438,0,0.0,0.0,1.7888024657076285
2021-04-27 00:00:00-05:00,17.6200008392334,18.15999984741211,16.969999313354492,17.559999465942383,0,0.0,0.0,-0.4535143224154603
2021-04-28 00:00:00-05:00,17.469999313354492,17.84000015258789,16.670000076293945,17.280000686645508,0,0.0,0.0,-1.5945261264952326
2021-04-29 00:00:00-05:00,16.8799991607666,18.8700008392334,16.770000457763672,17.610000610351562,0,0.0,0.0,1.9097217048208215
2021-04-30 00:00:00-05:00,17.670000076293945,19.25,17.639999389648438,18.610000610351562,0,0.0,0.0,5.678591512439679
2021-05-03 00:00:00-05:00,18.649999618530273,19.1200008392334,17.799999237060547,18.309999465942383,0,0.0,0.0,-1.6120426360561657
2021-05-04 00:00:00-05:00,18.15999984741211,21.850000381469727,18.110000610351562,19.479999542236328,0,0.0,0.0,6.389951449590203
2021-05-05 00:00:00-05:00,18.84000015258789,19.579999923706055,17.889999389648438,19.149999618530273,0,0.0,0.0,-1.6940448226939298
2021-05-06 00:00:00-05:00,18.40999984741211,20.600000381469727,18.209999084472656,18.389999389648438,0,0.0,0.0,-3.9686696815723677
2021-05-07 00:00:00-05:00,18.450000762939453,18.56999969482422,16.68000030517578,16.690000534057617,0,0.0,0.0,-9.24414851556621
2021-05-10 00:00:00-05:00,17.34000015258789,19.75,17.06999969482422,19.65999984741211,0,0.0,0.0,17.79508219483823
2021-05-11 00:00:00-05:00,21.170000076293945,23.729999542236328,20.709999084472656,21.84000015258789,0,0.0,0.0,11.088506216152073
2021-05-12 00:00:00-05:00,22.420000076293945,28.3799991607666,21.65999984741211,27.59000015258789,0,0.0,0.0,26.327838643896094
2021-05-13 00:00:00-05:00,26.030000686645508,28.93000030517578,22.229999542236328,23.1299991607666,0,0.0,0.0,-16.16528077982975
2021-05-14 00:00:00-05:00,21.770000457763672,22.100000381469727,18.65999984741211,18.809999465942383,0,0.0,0.0,-18.677042159827906
2021-05-17 00:00:00-05:00,19.889999389648438,21.579999923706055,19.670000076293945,19.719999313354492,0,0.0,0.0,4.837851532424375
2021-05-18 00:00:00-05:00,18.889999389648438,21.450000762939453,18.809999465942383,21.34000015258789,0,0.0,0.0,8.215014683780053
2021-05-19 00:00:00-05:00,22.459999084472656,25.959999084472656,21.8799991607666,22.18000030517578,0,0.0,0.0,3.93627060253805
2021-05-20 00:00:00-05:00,22.329999923706055,23.5,20.190000534057617,20.670000076293945,0,0.0,0.0,-6.807936014903804
2021-05-21 00:00:00-05:00,20.420000076293945,20.889999389648438,19.530000686645508,20.149999618530273,0,0.0,0.0,-2.515725475782904
2021-05-24 00:00:00-05:00,20.5,20.510000228881836,18.3799991607666,18.399999618530273,0,0.0,0.0,-8.684863687990696
2021-05-25 00:00:00-05:00,18.350000381469727,19.290000915527344,16.8700008392334,18.84000015258789,0,0.0,0.0,2.3913072998898333
2021-05-26 00:00:00-05:00,18.3700008392334,18.920000076293945,17.350000381469727,17.360000610351562,0,0.0,0.0,-7.855623833596592
2021-05-27 00:00:00-05:00,18.030000686645508,18.170000076293945,16.520000457763672,16.739999771118164,0,0.0,0.0,-3.5714332801561
2021-05-28 00:00:00-05:00,16.799999237060547,16.860000610351562,15.899999618530273,16.760000228881836,0,0.0,0.0,0.11947704920629576
2021-06-01 00:00:00-05:00,17.239999771118164,18.530000686645508,15.680000305175781,17.899999618530273,0,0.0,0.0,6.8019055732703615
2021-06-02 00:00:00-05:00,17.860000610351562,18.309999465942383,16.739999771118164,17.479999542236328,0,0.0,0.0,-2.3463691913108042
2021-06-03 00:00:00-05:00,17.729999542236328,19.270000457763672,17.450000762939453,18.040000915527344,0,0.0,0.0,3.203669267484277
2021-06-04 00:00:00-05:00,18.09000015258789,18.420000076293945,16.18000030517578,16.420000076293945,0,0.0,0.0,-8.9800485422317
2021-06-07 00:00:00-05:00,17.34000015258789,17.350000381469727,15.779999732971191,16.420000076293945,0,0.0,0.0,0.0
2021-06-08 00:00:00-05:00,16.579999923706055,17.75,15.149999618530273,17.06999969482422,0,0.0,0.0,3.9585847473210256
2021-06-09 00:00:00-05:00,17.18000030517578,17.959999084472656,15.550000190734863,17.889999389648438,0,0.0,0.0,4.8037475658119
2021-06-10 00:00:00-05:00,18.18000030517578,18.290000915527344,16.010000228881836,16.100000381469727,0,0.0,0.0,-10.005584512285925
2021-06-11 00:00:00-05:00,16.18000030517578,16.200000762939453,15.149999618530273,15.649999618530273,0,0.0,0.0,-2.795035728430051
2021-06-14 00:00:00-05:00,16.040000915527344,17.040000915527344,15.039999961853027,16.389999389648438,0,0.0,0.0,4.728433157544432
2021-06-15 00:00:00-05:00,16.270000457763672,17.350000381469727,16.139999389648438,17.020000457763672,0,0.0,0.0,3.84381385952417
2021-06-16 00:00:00-05:00,16.989999771118164,19.110000610351562,16.420000076293945,18.149999618530273,0,0.0,0.0,6.639242834163106
2021-06-17 00:00:00-05:00,18.489999771118164,19.219999313354492,16.709999084472656,17.75,0,0.0,0.0,-2.203854693869489
2021-06-18 00:00:00-05:00,16.959999084472656,21.040000915527344,16.920000076293945,20.700000762939453,0,0.0,0.0,16.619722608109598
2021-06-21 00:00:00-05:00,21.739999771118164,21.81999969482422,17.809999465942383,17.889999389648438,0,0.0,0.0,-13.574885360979994
2021-06-22 00:00:00-05:00,17.90999984741211,18.31999969482422,15.760000228881836,16.65999984741211,0,0.0,0.0,-6.875347032979972
2021-06-23 00:00:00-05:00,16.25,16.84000015258789,14.859999656677246,16.31999969482422,0,0.0,0.0,-2.0408172611160347
2021-06-24 00:00:00-05:00,15.989999771118164,16.049999237060547,14.1899995803833,15.970000267028809,0,0.0,0.0,-2.1446043770847023
2021-06-25 00:00:00-05:00,16.040000915527344,16.170000076293945,15.210000038146973,15.619999885559082,0,0.0,0.0,-2.1916116193956947
2021-06-28 00:00:00-05:00,16.06999969482422,16.459999084472656,15.390000343322754,15.760000228881836,0,0.0,0.0,0.8962890163154658
2021-06-29 00:00:00-05:00,15.6899995803833,16.309999465942383,14.100000381469727,16.020000457763672,0,0.0,0.0,1.649747621230091
2021-06-30 00:00:00-05:00,16.18000030517578,17.309999465942383,15.579999923706055,15.829999923706055,0,0.0,0.0,-1.1860207779553322
2021-07-01 00:00:00-05:00,15.619999885559082,16.010000228881836,15.3100004196167,15.479999542236328,0,0.0,0.0,-2.210994208190664
2021-07-02 00:00:00-05:00,15.529999732971191,15.539999961853027,14.25,15.069999694824219,0,0.0,0.0,-2.6485779039815083
2021-07-06 00:00:00-05:00,15.770000457763672,17.940000534057617,15.729999542236328,16.440000534057617,0,0.0,0.0,9.090914843906228
2021-07-07 00:00:00-05:00,16.43000030517578,17.639999389648438,16.079999923706055,16.200000762939453,0,0.0,0.0,-1.4598525749495717
2021-07-08 00:00:00-05:00,17.739999771118164,21.290000915527344,17.739999771118164,19.0,0,0.0,0.0,17.283945093793275
2021-07-09 00:00:00-05:00,17.8799991607666,18.1299991607666,16.079999923706055,16.18000030517578,0,0.0,0.0,-14.842103656969574
2021-07-12 00:00:00-05:00,16.850000381469727,17.520000457763672,16.139999389648438,16.170000076293945,0,0.0,0.0,-0.0618061105884915
2021-07-13 00:00:00-05:00,16.389999389648438,17.229999542236328,15.9399995803833,17.1200008392334,0,0.0,0.0,5.875081994168974
2021-07-14 00:00:00-05:00,17.34000015258789,17.510000228881836,15.949999809265137,16.329999923706055,0,0.0,0.0,-4.614491102809537
2021-07-15 00:00:00-05:00,16.700000762939453,18.09000015258789,16.559999465942383,17.010000228881836,0,0.0,0.0,4.164117013795154
2021-07-16 00:00:00-05:00,16.799999237060547,18.700000762939453,16.030000686645508,18.450000762939453,0,0.0,0.0,8.465611491366086
2021-07-19 00:00:00-05:00,19.610000610351562,25.09000015258789,19.270000457763672,22.5,0,0.0,0.0,21.951214469301195
2021-07-20 00:00:00-05:00,20.889999389648438,22.969999313354492,19.3700008392334,19.729999542236328,0,0.0,0.0,-12.311113145616314
2021-07-21 00:00:00-05:00,19.729999542236328,19.81999969482422,17.809999465942383,17.90999984741211,0,0.0,0.0,-9.224529838067742
2021-07-22 00:00:00-05:00,17.59000015258789,18.450000762939453,17.399999618530273,17.690000534057617,0,0.0,0.0,-1.2283602190330645
2021-07-23 00:00:00-05:00,16.979999542236328,17.479999542236328,16.329999923706055,17.200000762939453,0,0.0,0.0,-2.769925134681561
2021-07-26 00:00:00-05:00,18.670000076293945,19.389999389648438,17.530000686645508,17.579999923706055,0,0.0,0.0,2.209297348319761
2021-07-27 00:00:00-05:00,18.6200008392334,20.440000534057617,18.25,19.360000610351562,0,0.0,0.0,10.125146156828112
2021-07-28 00:00:00-05:00,19.40999984741211,19.6200008392334,17.520000457763672,18.309999465942383,0,0.0,0.0,-5.423559459227267
2021-07-29 00:00:00-05:00,17.90999984741211,18.010000228881836,17.190000534057617,17.700000762939453,0,0.0,0.0,-3.33150584814359
2021-07-30 00:00:00-05:00,19.690000534057617,19.719999313354492,17.530000686645508,18.239999771118164,0,0.0,0.0,3.050841722613762
2021-08-02 00:00:00-05:00,18.15999984741211,19.8700008392334,17.989999771118164,19.459999084472656,0,0.0,0.0,6.68859281065497
2021-08-03 00:00:00-05:00,19.170000076293945,20.440000534057617,17.700000762939453,18.040000915527344,0,0.0,0.0,-7.297010461209863
2021-08-04 00:00:00-05:00,18.229999542236328,18.899999618530273,17.670000076293945,17.969999313354492,0,0.0,0.0,-0.3880354690702914
2021-08-05 00:00:00-05:00,17.729999542236328,17.84000015258789,17.229999542236328,17.280000686645508,0,0.0,0.0,-3.839725392733928
2021-08-06 00:00:00-05:00,17.459999084472656,17.5,16.139999389648438,16.149999618530273,0,0.0,0.0,-6.539357773223542
2021-08-09 00:00:00-05:00,17.1200008392334,17.389999389648438,16.59000015258789,16.719999313354492,0,0.0,0.0,3.5294099584386895
2021-08-10 00:00:00-05:00,16.81999969482422,17.049999237060547,16.34000015258789,16.790000915527344,0,0.0,0.0,0.4186698866484928
2021-08-11 00:00:00-05:00,16.809999465942383,17.09000015258789,16.06999969482422,16.170000076293945,0,0.0,0.0,-3.6926790078970373
2021-08-12 00:00:00-05:00,16.329999923706055,16.420000076293945,15.489999771118164,15.59000015258789,0,0.0,0.0,-3.5868888124271803
2021-08-13 00:00:00-05:00,15.680000305175781,15.720000267028809,15.1899995803833,15.449999809265137,0,0.0,0.0,-0.8980137392719301
2021-08-16 00:00:00-05:00,17.049999237060547,17.709999084472656,16.020000457763672,16.1200008392334,0,0.0,0.0,4.336576299285588
2021-08-17 00:00:00-05:00,17.309999465942383,19.559999465942383,16.709999084472656,17.90999984741211,0,0.0,0.0,11.104211631442041
2021-08-18 00:00:00-05:00,17.559999465942383,21.639999389648438,17.309999465942383,21.56999969482422,0,0.0,0.0,20.435510209906326
2021-08-19 00:00:00-05:00,23.1200008392334,24.739999771118164,20.3700008392334,21.670000076293945,0,0.0,0.0,0.4636086364605774
2021-08-20 00:00:00-05:00,22.739999771118164,23.899999618530273,18.18000030517578,18.559999465942383,0,0.0,0.0,-14.35164097555205
2021-08-23 00:00:00-05:00,18.829999923706055,18.950000762939453,16.950000762939453,17.149999618530273,0,0.0,0.0,-7.596982155088206
2021-08-24 00:00:00-05:00,16.959999084472656,17.510000228881836,16.940000534057617,17.219999313354492,0,0.0,0.0,0.40816149493430043
2021-08-25 00:00:00-05:00,17.420000076293945,17.5,16.459999084472656,16.790000915527344,0,0.0,0.0,-2.4970871949668183
2021-08-26 00:00:00-05:00,17.459999084472656,19.270000457763672,17.15999984741211,18.84000015258789,0,0.0,0.0,12.209643390577263
2021-08-27 00:00:00-05:00,17.950000762939453,18.219999313354492,16.110000610351562,16.389999389648438,0,0.0,0.0,-13.004250228750225
2021-08-30 00:00:00-05:00,16.770000457763672,16.799999237060547,15.979999542236328,16.190000534057617,0,0.0,0.0,-1.2202493168921968
2021-08-31 00:00:00-05:00,15.979999542236328,17.06999969482422,15.90999984741211,16.479999542236328,0,0.0,0.0,1.791222968576589
2021-09-01 00:00:00-05:00,16.059999465942383,16.709999084472656,15.680000305175781,16.110000610351562,0,0.0,0.0,-2.245139212149261
2021-09-02 00:00:00-05:00,16.270000457763672,16.979999542236328,15.729999542236328,16.40999984741211,0,0.0,0.0,1.8621925865588196
2021-09-03 00:00:00-05:00,16.270000457763672,17.059999465942383,16.079999923706055,16.40999984741211,0,0.0,0.0,0.0
2021-09-07 00:00:00-05:00,16.940000534057617,18.389999389648438,16.889999389648438,18.139999389648438,0,0.0,0.0,10.54234953274027
2021-09-08 00:00:00-05:00,18.969999313354492,19.639999389648438,17.780000686645508,17.959999084472656,0,0.0,0.0,-0.9922839648963677
2021-09-09 00:00:00-05:00,19.440000534057617,19.540000915527344,17.170000076293945,18.799999237060547,0,0.0,0.0,4.677061221646239
2021-09-10 00:00:00-05:00,17.940000534057617,21.1299991607666,16.989999771118164,20.950000762939453,0,0.0,0.0,11.43617879324481
2021-09-13 00:00:00-05:00,19.639999389648438,21.18000030517578,18.760000228881836,19.3700008392334,0,0.0,0.0,-7.541765470963968
2021-09-14 00:00:00-05:00,19.579999923706055,20.469999313354492,18.389999389648438,19.459999084472656,0,0.0,0.0,0.46462695580771207
2021-09-15 00:00:00-05:00,19.299999237060547,20.270000457763672,18.010000228881836,18.18000030517578,0,0.0,0.0,-6.577589103373594
2021-09-16 00:00:00-05:00,18.40999984741211,19.760000228881836,17.649999618530273,18.690000534057617,0,0.0,0.0,2.80528173993837
2021-09-17 00:00:00-05:00,18.3700008392334,21.510000228881836,18.350000381469727,20.809999465942383,0,0.0,0.0,11.342958112931157
2021-09-20 00:00:00-05:00,24.25,28.790000915527344,23.899999618530273,25.709999084472656,0,0.0,0.0,23.54637070774368
2021-09-21 00:00:00-05:00,23.40999984741211,25.600000381469727,21.709999084472656,24.360000610351562,0,0.0,0.0,-5.250869397877245
2021-09-22 00:00:00-05:00,22.719999313354492,23.399999618530273,20.75,20.8700008392334,0,0.0,0.0,-14.326763890289563
2021-09-23 00:00:00-05:00,19.90999984741211,20.209999084472656,18.420000076293945,18.6299991607666,0,0.0,0.0,-10.733117337761822
2021-09-24 00:00:00-05:00,19.329999923706055,20.40999984741211,17.6299991607666,17.75,0,0.0,0.0,-4.723559851896364
2021-09-27 00:00:00-05:00,17.780000686645508,19.31999969482422,17.739999771118164,18.760000228881836,0,0.0,0.0,5.6901421345455505
2021-09-28 00:00:00-05:00,19.739999771118164,24.81999969482422,19.709999084472656,23.25,0,0.0,0.0,23.933900406917985
2021-09-29 00:00:00-05:00,22.06999969482422,23.790000915527344,21.450000762939453,22.559999465942383,0,0.0,0.0,-2.9677442325058756
2021-09-30 00:00:00-05:00,21.479999542236328,24.709999084472656,20.600000381469727,23.139999389648438,0,0.0,0.0,2.570921708494045
2021-10-01 00:00:00-05:00,24.780000686645508,24.889999389648438,20.850000381469727,21.100000381469727,0,0.0,0.0,-8.81589914428128
2021-10-04 00:00:00-05:00,22.899999618530273,24.579999923706055,21.8799991607666,22.959999084472656,0,0.0,0.0,8.815159570501251
2021-10-05 00:00:00-05:00,22.920000076293945,23.170000076293945,20.6200008392334,21.299999237060547,0,0.0,0.0,-7.229964780507025
2021-10-06 00:00:00-05:00,22.950000762939453,24.399999618530273,20.989999771118164,21.0,0,0.0,0.0,-1.4084471727988102
2021-10-07 00:00:00-05:00,20.540000915527344,20.760000228881836,19.06999969482422,19.540000915527344,0,0.0,0.0,-6.952376592726939
2021-10-08 00:00:00-05:00,19.459999084472656,19.940000534057617,18.200000762939453,18.770000457763672,0,0.0,0.0,-3.9406367537669684
2021-10-11 00:00:00-05:00,19.93000030517578,20.450000762939453,18.110000610351562,20.0,0,0.0,0.0,6.553007523916032
2021-10-12 00:00:00-05:00,20.6200008392334,20.809999465942383,18.969999313354492,19.850000381469727,0,0.0,0.0,-0.7499980926513716
2021-10-13 00:00:00-05:00,20.139999389648438,20.229999542236328,18.440000534057617,18.639999389648438,0,0.0,0.0,-6.095722763566513
2021-10-14 00:00:00-05:00,18.010000228881836,18.079999923706055,16.799999237060547,16.860000610351562,0,0.0,0.0,-9.549349987025114
2021-10-15 00:00:00-05:00,16.639999389648438,16.850000381469727,15.720000267028809,16.299999237060547,0,0.0,0.0,-3.3214789621489715
2021-10-18 00:00:00-05:00,17.290000915527344,17.93000030517578,16.270000457763672,16.309999465942383,0,0.0,0.0,0.06135110030618396
2021-10-19 00:00:00-05:00,16.09000015258789,16.309999465942383,15.569999694824219,15.699999809265137,0,0.0,0.0,-3.7400348047283094
2021-10-20 00:00:00-05:00,15.819999694824219,15.890000343322754,15.289999961853027,15.489999771118164,0,0.0,0.0,-1.3375798770586256
2021-10-21 00:00:00-05:00,16.059999465942383,16.110000610351562,14.920000076293945,15.010000228881836,0,0.0,0.0,-3.098770492762115
2021-10-22 00:00:00-05:00,15.350000381469727,16.389999389648438,14.84000015258789,15.430000305175781,0,0.0,0.0,2.798135042568428
2021-10-25 00:00:00-05:00,16.139999389648438,16.329999923706055,15.100000381469727,15.239999771118164,0,0.0,0.0,-1.2313709027853004
2021-10-26 00:00:00-05:00,15.020000457763672,16.709999084472656,14.899999618530273,15.979999542236328,0,0.0,0.0,4.855641615694517
2021-10-27 00:00:00-05:00,15.789999961853027,17.290000915527344,15.539999961853027,16.979999542236328,0,0.0,0.0,6.25782245710913
2021-10-28 00:00:00-05:00,17.059999465942383,17.15999984741211,16.229999542236328,16.530000686645508,0,0.0,0.0,-2.6501700101433157
2021-10-29 00:00:00-05:00,17.399999618530273,18.059999465942383,16.1299991607666,16.260000228881836,0,0.0,0.0,-1.6333965308410692
2021-11-01 00:00:00-05:00,16.850000381469727,17.700000762939453,16.31999969482422,16.40999984741211,0,0.0,0.0,0.9225068660444258
2021-11-02 00:00:00-05:00,16.540000915527344,16.649999618530273,15.890000343322754,16.030000686645508,0,0.0,0.0,-2.3156560895795986
2021-11-03 00:00:00-05:00,16.110000610351562,16.389999389648438,14.899999618530273,15.100000381469727,0,0.0,0.0,-5.801623614093532
2021-11-04 00:00:00-05:00,15.0600004196167,16.139999389648438,14.729999542236328,15.4399995803833,0,0.0,0.0,2.2516502670477445
2021-11-05 00:00:00-05:00,15.59000015258789,17.020000457763672,14.949999809265137,16.479999542236328,0,0.0,0.0,6.735751231330078
2021-11-08 00:00:00-06:00,17.229999542236328,17.690000534057617,16.440000534057617,17.219999313354492,0,0.0,0.0,4.490289998016261
2021-11-09 00:00:00-06:00,17.43000030517578,18.56999969482422,17.209999084472656,17.780000686645508,0,0.0,0.0,3.2520406249768152
2021-11-10 00:00:00-06:00,17.739999771118164,19.899999618530273,17.219999313354492,18.729999542236328,0,0.0,0.0,5.343075471894454
2021-11-11 00:00:00-06:00,18.34000015258789,18.389999389648438,17.270000457763672,17.65999984741211,0,0.0,0.0,-5.712758787907923
2021-11-12 00:00:00-06:00,17.489999771118164,17.690000534057617,16.149999618530273,16.290000915527344,0,0.0,0.0,-7.757638412921752
2021-11-15 00:00:00-06:00,17.030000686645508,17.459999084472656,16.489999771118164,16.489999771118164,0,0.0,0.0,1.2277399898743102
2021-11-16 00:00:00-06:00,16.860000610351562,17.079999923706055,16.030000686645508,16.3700008392334,0,0.0,0.0,-0.7277072986680122
2021-11-17 00:00:00-06:00,16.360000610351562,17.190000534057617,16.280000686645508,17.110000610351562,0,0.0,0.0,4.520462633970257
2021-11-18 00:00:00-06:00,16.809999465942383,18.149999618530273,16.3799991607666,17.59000015258789,0,0.0,0.0,2.805374197040811
2021-11-19 00:00:00-06:00,17.360000610351562,19.010000228881836,17.229999542236328,17.90999984741211,0,0.0,0.0,1.819213712611245
2021-11-22 00:00:00-06:00,18.200000762939453,19.59000015258789,17.350000381469727,19.170000076293945,0,0.0,0.0,7.035177217290145
2021-11-23 00:00:00-06:00,20.239999771118164,20.90999984741211,19.030000686645508,19.3799991607666,0,0.0,0.0,1.0954568786483598
2021-11-24 00:00:00-06:00,19.170000076293945,20.959999084472656,18.520000457763672,18.579999923706055,0,0.0,0.0,-4.127963218285824
2021-11-26 00:00:00-06:00,26.6200008392334,28.989999771118164,23.8799991607666,28.6200008392334,0,0.0,0.0,54.0366036423789
2021-11-29 00:00:00-06:00,25.309999465942383,25.690000534057617,21.709999084472656,22.959999084472656,0,0.0,0.0,-19.776385705068865
2021-11-30 00:00:00-06:00,26.229999542236328,28.559999465942383,23.709999084472656,27.190000534057617,0,0.0,0.0,18.42335199588756
2021-12-01 00:00:00-06:00,24.920000076293945,32.61000061035156,22.3799991607666,31.1200008392334,0,0.0,0.0,14.453844163236207
2021-12-02 00:00:00-06:00,29.440000534057617,30.68000030517578,27.149999618530273,27.950000762939453,0,0.0,0.0,-10.186375291794603
2021-12-03 00:00:00-06:00,26.950000762939453,35.31999969482422,25.889999389648438,30.670000076293945,0,0.0,0.0,9.731660962818655
2021-12-06 00:00:00-06:00,28.989999771118164,30.81999969482422,26.75,27.18000030517578,0,0.0,0.0,-11.379197138690989
2021-12-07 00:00:00-06:00,24.579999923706055,24.690000534057617,21.579999923706055,21.889999389648438,0,0.0,0.0,-19.46284347362568
2021-12-08 00:00:00-06:00,21.739999771118164,23.110000610351562,19.850000381469727,19.899999618530273,0,0.0,0.0,-9.09090829878787
2021-12-09 00:00:00-06:00,20.309999465942383,22.1200008392334,19.940000534057617,21.579999923706055,0,0.0,0.0,8.442212750654598
2021-12-10 00:00:00-06:00,21.270000457763672,21.299999237060547,18.690000534057617,18.690000534057617,0,0.0,0.0,-13.392026876115581
2021-12-13 00:00:00-06:00,19.290000915527344,21.18000030517578,18.959999084472656,20.309999465942383,0,0.0,0.0,8.667730795045948
2021-12-14 00:00:00-06:00,19.670000076293945,23.0,19.670000076293945,21.889999389648438,0,0.0,0.0,7.779418834331042
2021-12-15 00:00:00-06:00,21.600000381469727,23.469999313354492,19.020000457763672,19.290000915527344,0,0.0,0.0,-11.877563027025973
2021-12-16 00:00:00-06:00,18.559999465942383,22.1299991607666,18.190000534057617,20.56999969482422,0,0.0,0.0,6.63555582450257
2021-12-17 00:00:00-06:00,20.700000762939453,23.260000228881836,20.489999771118164,21.56999969482422,0,0.0,0.0,4.861448783840361
2021-12-20 00:00:00-06:00,25.889999389648438,27.389999389648438,22.850000381469727,22.8700008392334,0,0.0,0.0,6.026894588789067
2021-12-21 00:00:00-06:00,22.280000686645508,22.68000030517578,20.899999618530273,21.010000228881836,0,0.0,0.0,-8.13292759990082
2021-12-22 00:00:00-06:00,21.040000915527344,21.360000610351562,18.59000015258789,18.6299991607666,0,0.0,0.0,-11.327944037066295
2021-12-23 00:00:00-06:00,18.809999465942383,18.93000030517578,17.6200008392334,17.959999084472656,0,0.0,0.0,-3.5963505446898525
2021-12-27 00:00:00-06:00,19.3700008392334,19.40999984741211,17.549999237060547,17.68000030517578,0,0.0,0.0,-1.5590133272275541
2021-12-28 00:00:00-06:00,17.780000686645508,18.469999313354492,17.510000228881836,17.540000915527344,0,0.0,0.0,-0.7918517377369816
2021-12-29 00:00:00-06:00,17.6299991607666,18.0,16.709999084472656,16.950000762939453,0,0.0,0.0,-3.363740717171748
2021-12-30 00:00:00-06:00,17.299999237060547,17.790000915527344,16.6200008392334,17.329999923706055,0,0.0,0.0,2.241882853465449
2021-12-31 00:00:00-06:00,17.6299991607666,18.270000457763672,16.989999771118164,17.219999313354492,0,0.0,0.0,-0.6347409742402221
2022-01-03 00:00:00-06:00,17.600000381469727,18.540000915527344,16.559999465942383,16.600000381469727,0,0.0,0.0,-3.600458516882421
2022-01-04 00:00:00-06:00,16.56999969482422,17.809999465942383,16.34000015258789,16.90999984741211,0,0.0,0.0,1.8674666193889244
2022-01-05 00:00:00-06:00,17.06999969482422,20.170000076293945,16.579999923706055,19.729999542236328,0,0.0,0.0,16.67652111336824
2022-01-06 00:00:00-06:00,20.290000915527344,21.059999465942383,19.079999923706055,19.610000610351562,0,0.0,0.0,-0.6082054468773856
2022-01-07 00:00:00-06:00,19.850000381469727,20.799999237060547,18.56999969482422,18.760000228881836,0,0.0,0.0,-4.334525012819402
2022-01-10 00:00:00-06:00,19.579999923706055,23.329999923706055,19.290000915527344,19.399999618530273,0,0.0,0.0,3.4115105641796983
2022-01-11 00:00:00-06:00,19.6200008392334,21.0,18.200000762939453,18.40999984741211,0,0.0,0.0,-5.103091704045948
2022-01-12 00:00:00-06:00,18.170000076293945,18.690000534057617,17.360000610351562,17.6200008392334,0,0.0,0.0,-4.291140764402346
2022-01-13 00:00:00-06:00,18.059999465942383,20.610000610351562,17.450000762939453,20.309999465942383,0,0.0,0.0,15.266733817170586
2022-01-14 00:00:00-06:00,20.110000610351562,22.06999969482422,19.049999237060547,19.190000534057617,0,0.0,0.0,-5.514519750543956
2022-01-18 00:00:00-06:00,21.18000030517578,23.200000762939453,21.18000030517578,22.790000915527344,0,0.0,0.0,18.759772179685964
2022-01-19 00:00:00-06:00,23.1200008392334,23.989999771118164,21.850000381469727,23.850000381469727,0,0.0,0.0,4.651160260463971
2022-01-20 00:00:00-06:00,23.459999084472656,25.889999389648438,21.68000030517578,25.59000015258789,0,0.0,0.0,7.295596407914773
2022-01-21 00:00:00-06:00,25.3799991607666,29.790000915527344,25.309999465942383,28.850000381469727,0,0.0,0.0,12.739352127562054
2022-01-24 00:00:00-06:00,28.200000762939453,38.939998626708984,28.020000457763672,29.899999618530273,0,0.0,0.0,3.639512038741466
2022-01-25 00:00:00-06:00,32.290000915527344,35.849998474121094,29.1299991607666,31.15999984741211,0,0.0,0.0,4.214047641997154
2022-01-26 00:00:00-06:00,29.350000381469727,33.040000915527344,26.899999618530273,31.959999084472656,0,0.0,0.0,2.5673916591080648
2022-01-27 00:00:00-06:00,32.189998626708984,33.0,28.420000076293945,30.489999771118164,0,0.0,0.0,-4.599497357522364
2022-01-28 00:00:00-06:00,30.270000457763672,32.81999969482422,27.280000686645508,27.65999984741211,0,0.0,0.0,-9.281731534766324
2022-01-31 00:00:00-06:00,28.360000610351562,29.40999984741211,24.709999084472656,24.829999923706055,0,0.0,0.0,-10.231380836290327
2022-02-01 00:00:00-06:00,24.56999969482422,25.329999923706055,21.959999084472656,21.959999084472656,0,0.0,0.0,-11.558601885025821
2022-02-02 00:00:00-06:00,21.559999465942383,22.729999542236328,20.459999084472656,22.09000015258789,0,0.0,0.0,0.5919903166442086
2022-02-03 00:00:00-06:00,22.6299991607666,25.809999465942383,22.299999237060547,24.350000381469727,0,0.0,0.0,10.230874663969036
2022-02-04 00:00:00-06:00,23.770000457763672,26.260000228881836,22.06999969482422,23.219999313354492,0,0.0,0.0,-4.640661397998014
2022-02-07 00:00:00-06:00,24.09000015258789,24.81999969482422,22.020000457763672,22.860000610351562,0,0.0,0.0,-1.550382057056665
2022-02-08 00:00:00-06:00,23.09000015258789,23.479999542236328,21.31999969482422,21.440000534057617,0,0.0,0.0,-6.2117237024522876
2022-02-09 00:00:00-06:00,21.270000457763672,21.299999237060547,19.93000030517578,19.959999084472656,0,0.0,0.0,-6.902991663801339
2022-02-10 00:00:00-06:00,20.3700008392334,24.770000457763672,20.18000030517578,23.90999984741211,0,0.0,0.0,19.789583888369265
2022-02-11 00:00:00-06:00,24.389999389648438,30.989999771118164,23.329999923706055,27.360000610351562,0,0.0,0.0,14.429112442310888
2022-02-14 00:00:00-06:00,29.170000076293945,32.040000915527344,28.329999923706055,28.329999923706055,0,0.0,0.0,3.545319048668061
2022-02-15 00:00:00-06:00,28.09000015258789,28.09000015258789,25.329999923706055,25.700000762939453,0,0.0,0.0,-9.283442173841527
2022-02-16 00:00:00-06:00,25.190000534057617,27.09000015258789,23.8799991607666,24.290000915527344,0,0.0,0.0,-5.486380566359328
2022-02-17 00:00:00-06:00,24.829999923706055,28.3700008392334,24.760000228881836,28.110000610351562,0,0.0,0.0,15.726634626770597
2022-02-18 00:00:00-06:00,26.65999984741211,29.709999084472656,26.3799991607666,27.75,0,0.0,0.0,-1.2806851744392778
2022-02-22 00:00:00-06:00,31.799999237060547,32.040000915527344,28.399999618530273,28.809999465942383,0,0.0,0.0,3.819817895287869
2022-02-23 00:00:00-06:00,28.040000915527344,31.06999969482422,27.200000762939453,31.020000457763672,0,0.0,0.0,7.670951172469942
2022-02-24 00:00:00-06:00,37.5,37.790000915527344,29.450000762939453,30.31999969482422,0,0.0,0.0,-2.256611065794678
2022-02-25 00:00:00-06:00,31.68000030517578,32.0,26.93000030517578,27.59000015258789,0,0.0,0.0,-9.003956364492815
2022-02-28 00:00:00-06:00,32.439998626708984,33.5099983215332,28.43000030517578,30.149999618530273,0,0.0,0.0,9.278722188416722
2022-03-01 00:00:00-06:00,29.450000762939453,35.189998626708984,29.440000534057617,33.31999969482422,0,0.0,0.0,10.514096571814392
2022-03-02 00:00:00-06:00,34.20000076293945,34.40999984741211,30.1200008392334,30.739999771118164,0,0.0,0.0,-7.743097080840666
2022-03-03 00:00:00-06:00,30.520000457763672,32.0099983215332,29.309999465942383,30.479999542236328,0,0.0,0.0,-0.8458042642086161
2022-03-04 00:00:00-06:00,31.899999618530273,34.650001525878906,31.469999313354492,31.979999542236328,0,0.0,0.0,4.921259916429599
2022-03-07 00:00:00-06:00,35.880001068115234,36.54999923706055,32.59000015258789,36.45000076293945,0,0.0,0.0,13.97748994586303
2022-03-08 00:00:00-06:00,36.189998626708984,37.52000045776367,32.779998779296875,35.130001068115234,0,0.0,0.0,-3.6213982639098585
2022-03-09 00:00:00-06:00,33.7400016784668,34.119998931884766,31.389999389648438,32.45000076293945,0,0.0,0.0,-7.6288079239718805
2022-03-10 00:00:00-06:00,33.029998779296875,34.029998779296875,30.229999542236328,30.229999542236328,0,0.0,0.0,-6.84129789987108
2022-03-11 00:00:00-06:00,30.43000030517578,31.040000915527344,28.84000015258789,30.75,0,0.0,0.0,1.7201470910945371
2022-03-14 00:00:00-05:00,31.030000686645508,33.18000030517578,30.059999465942383,31.770000457763672,0,0.0,0.0,3.317074659394059
2022-03-15 00:00:00-05:00,33.130001068115234,33.83000183105469,29.56999969482422,29.829999923706055,0,0.0,0.0,-6.106391268822087
2022-03-16 00:00:00-05:00,29.020000457763672,29.799999237060547,26.290000915527344,26.670000076293945,0,0.0,0.0,-10.593361902427766
2022-03-17 00:00:00-05:00,26.510000228881836,27.469999313354492,25.25,25.670000076293945,0,0.0,0.0,-3.7495312978602757
2022-03-18 00:00:00-05:00,26.360000610351562,26.81999969482422,23.850000381469727,23.8700008392334,0,0.0,0.0,-7.012073360774284
2022-03-21 00:00:00-05:00,25.139999389648438,25.360000610351562,22.989999771118164,23.530000686645508,0,0.0,0.0,-1.4243826587096553
2022-03-22 00:00:00-05:00,24.020000457763672,24.020000457763672,22.700000762939453,22.940000534057617,0,0.0,0.0,-2.5074378893781613
2022-03-23 00:00:00-05:00,23.040000915527344,24.030000686645508,22.639999389648438,23.56999969482422,0,0.0,0.0,2.746290959458708
2022-03-24 00:00:00-05:00,23.610000610351562,23.790000915527344,21.489999771118164,21.670000076293945,0,0.0,0.0,-8.061093097712247
2022-03-25 00:00:00-05:00,21.8700008392334,22.860000610351562,20.799999237060547,20.809999465942383,0,0.0,0.0,-3.9686230148765267
2022-03-28 00:00:00-05:00,22.139999389648438,23.329999923706055,19.540000915527344,19.6299991607666,0,0.0,0.0,-5.670352404895384
2022-03-29 00:00:00-05:00,19.700000762939453,19.729999542236328,18.670000076293945,18.899999618530273,0,0.0,0.0,-3.7187955855613963
2022-03-30 00:00:00-05:00,19.3799991607666,20.510000228881836,18.719999313354492,19.329999923706055,0,0.0,0.0,2.275133935739304
2022-03-31 00:00:00-05:00,19.68000030517578,21.479999542236328,19.540000915527344,20.559999465942383,0,0.0,0.0,6.363163720077791
2022-04-01 00:00:00-05:00,20.6200008392334,20.860000610351562,19.40999984741211,19.6299991607666,0,0.0,0.0,-4.5233479053164665
2022-04-04 00:00:00-05:00,20.75,20.780000686645508,18.450000762939453,18.56999969482422,0,0.0,0.0,-5.399895625369899
2022-04-05 00:00:00-05:00,18.790000915527344,21.56999969482422,18.549999237060547,21.030000686645508,0,0.0,0.0,13.247178418139317
2022-04-06 00:00:00-05:00,21.270000457763672,24.780000686645508,21.239999771118164,22.100000381469727,0,0.0,0.0,5.087967950013872
2022-04-07 00:00:00-05:00,21.969999313354492,23.81999969482422,21.1200008392334,21.549999237060547,0,0.0,0.0,-2.488692918169999
2022-04-08 00:00:00-05:00,21.25,22.34000015258789,20.280000686645508,21.15999984741211,0,0.0,0.0,-1.8097420113952323
2022-04-11 00:00:00-05:00,23.09000015258789,24.420000076293945,22.09000015258789,24.3700008392334,0,0.0,0.0,15.170137121782057
2022-04-12 00:00:00-05:00,24.940000534057617,25.3799991607666,22.270000457763672,24.260000228881836,0,0.0,0.0,-0.45137712992801005
2022-04-13 00:00:00-05:00,23.520000457763672,24.450000762939453,21.3700008392334,21.81999969482422,0,0.0,0.0,-10.057710268084685
2022-04-14 00:00:00-05:00,21.719999313354492,22.700000762939453,20.850000381469727,22.700000762939453,0,0.0,0.0,4.033002201755176
2022-04-18 00:00:00-05:00,24.520000457763672,24.600000381469727,21.979999542236328,22.170000076293945,0,0.0,0.0,-2.3348047085126056
2022-04-19 00:00:00-05:00,22.549999237060547,22.920000076293945,20.360000610351562,21.3700008392334,0,0.0,0.0,-3.608476474097866
2022-04-20 00:00:00-05:00,21.1299991607666,21.31999969482422,19.75,20.31999969482422,0,0.0,0.0,-4.913435204370565
2022-04-21 00:00:00-05:00,20.239999771118164,23.280000686645508,19.809999465942383,22.68000030517578,0,0.0,0.0,11.61417640647251
2022-04-22 00:00:00-05:00,22.709999084472656,28.270000457763672,22.6200008392334,28.209999084472656,0,0.0,0.0,24.38271033900683
2022-04-25 00:00:00-05:00,30.040000915527344,31.600000381469727,26.799999237060547,27.020000457763672,0,0.0,0.0,-4.218357551680974
2022-04-26 00:00:00-05:00,27.3799991607666,33.810001373291016,27.059999465942383,33.52000045776367,0,0.0,0.0,24.05625421864992
2022-04-27 00:00:00-05:00,31.110000610351562,32.77000045776367,29.81999969482422,31.600000381469727,0,0.0,0.0,-5.727923777069188
2022-04-28 00:00:00-05:00,29.90999984741211,32.0,28.0,29.989999771118164,0,0.0,0.0,-5.094938578847829
2022-04-29 00:00:00-05:00,28.969999313354492,34.34000015258789,28.540000915527344,33.400001525878906,0,0.0,0.0,11.37046275687117
2022-05-02 00:00:00-05:00,33.349998474121094,36.63999938964844,31.739999771118164,32.34000015258789,0,0.0,0.0,-3.1736566612720285
2022-05-03 00:00:00-05:00,31.760000228881836,32.81999969482422,29.059999465942383,29.25,0,0.0,0.0,-9.554731410044926
2022-05-04 00:00:00-05:00,29.1200008392334,29.420000076293945,24.940000534057617,25.420000076293945,0,0.0,0.0,-13.094016833183098
2022-05-05 00:00:00-05:00,25.969999313354492,33.20000076293945,25.780000686645508,31.200000762939453,0,0.0,0.0,22.738004206521587
2022-05-06 00:00:00-05:00,32.22999954223633,35.34000015258789,29.829999923706055,30.190000534057617,0,0.0,0.0,-3.2371801416157364
2022-05-09 00:00:00-05:00,31.899999618530273,35.47999954223633,31.899999618530273,34.75,0,0.0,0.0,15.104337148978209
2022-05-10 00:00:00-05:00,33.65999984741211,34.84000015258789,32.2400016784668,32.9900016784668,0,0.0,0.0,-5.06474337131857
2022-05-11 00:00:00-05:00,32.869998931884766,34.38999938964844,30.690000534057617,32.560001373291016,0,0.0,0.0,-1.303426139127628
2022-05-12 00:00:00-05:00,33.7400016784668,34.7599983215332,31.700000762939453,31.770000457763672,0,0.0,0.0,-2.426292635771765
2022-05-13 00:00:00-05:00,31.09000015258789,31.200000762939453,28.780000686645508,28.8700008392334,0,0.0,0.0,-9.128106946002879
2022-05-16 00:00:00-05:00,30.010000228881836,30.229999542236328,27.360000610351562,27.469999313354492,0,0.0,0.0,-4.849329702742333
2022-05-17 00:00:00-05:00,27.06999969482422,27.170000076293945,25.510000228881836,26.100000381469727,0,0.0,0.0,-4.987255064177387
2022-05-18 00:00:00-05:00,26.739999771118164,31.489999771118164,26.209999084472656,30.959999084472656,0,0.0,0.0,18.620684413680678
2022-05-19 00:00:00-05:00,31.239999771118164,33.11000061035156,29.059999465942383,29.350000381469727,0,0.0,0.0,-5.200254362444056
2022-05-20 00:00:00-05:00,28.780000686645508,32.90999984741211,28.059999465942383,29.43000030517578,0,0.0,0.0,0.2725721385562929
2022-05-23 00:00:00-05:00,28.979999542236328,30.389999389648438,28.290000915527344,28.479999542236328,0,0.0,0.0,-3.228001199756625
2022-05-24 00:00:00-05:00,29.43000030517578,31.06999969482422,29.040000915527344,29.450000762939453,0,0.0,0.0,3.405903217324835
2022-05-25 00:00:00-05:00,29.329999923706055,30.229999542236328,28.15999984741211,28.3700008392334,0,0.0,0.0,-3.6672322435561733
2022-05-26 00:00:00-05:00,28.420000076293945,28.459999084472656,27.110000610351562,27.5,0,0.0,0.0,-3.0666225361201227
2022-05-27 00:00:00-05:00,27.5,27.540000915527344,25.56999969482422,25.719999313354492,0,0.0,0.0,-6.472729769620034
2022-05-31 00:00:00-05:00,27.469999313354492,28.350000381469727,25.940000534057617,26.190000534057617,0,0.0,0.0,1.8273764900883505
2022-06-01 00:00:00-05:00,26.049999237060547,27.729999542236328,25.3799991607666,25.690000534057617,0,0.0,0.0,-1.9091255815355868
2022-06-02 00:00:00-05:00,25.729999542236328,26.5,24.329999923706055,24.719999313354492,0,0.0,0.0,-3.775792917626375
2022-06-03 00:00:00-05:00,24.90999984741211,25.959999084472656,24.760000228881836,24.790000915527344,0,0.0,0.0,0.28317801018318267
2022-06-06 00:00:00-05:00,25.3700008392334,25.809999465942383,24.81999969482422,25.06999969482422,0,0.0,0.0,1.1294827307630095
2022-06-07 00:00:00-05:00,25.540000915527344,26.239999771118164,23.8799991607666,24.020000457763672,0,0.0,0.0,-4.18826984380587
2022-06-08 00:00:00-05:00,24.3700008392334,24.780000686645508,23.739999771118164,23.959999084472656,0,0.0,0.0,-0.24979755265417403
2022-06-09 00:00:00-05:00,24.290000915527344,26.239999771118164,23.81999969482422,26.09000015258789,0,0.0,0.0,8.889821158196899
2022-06-10 00:00:00-05:00,26.260000228881836,29.6299991607666,26.049999237060547,27.75,0,0.0,0.0,6.362590408982616
2022-06-13 00:00:00-05:00,31.3700008392334,35.04999923706055,31.290000915527344,34.02000045776367,0,0.0,0.0,22.594596244193422
2022-06-14 00:00:00-05:00,33.0099983215332,34.0,32.060001373291016,32.689998626708984,0,0.0,0.0,-3.909470350260291
2022-06-15 00:00:00-05:00,32.38999938964844,32.77000045776367,27.760000228881836,29.6200008392334,0,0.0,0.0,-9.391244773461938
2022-06-16 00:00:00-05:00,30.350000381469727,34.81999969482422,30.350000381469727,32.95000076293945,0,0.0,0.0,11.242403205118334
2022-06-17 00:00:00-05:00,32.84000015258789,33.310001373291016,30.469999313354492,31.1299991607666,0,0.0,0.0,-5.523525220126546
2022-06-21 00:00:00-05:00,30.6299991607666,30.649999618530273,29.329999923706055,30.190000534057617,0,0.0,0.0,-3.0195909156774836
2022-06-22 00:00:00-05:00,31.450000762939453,31.56999969482422,28.780000686645508,28.950000762939453,0,0.0,0.0,-4.107319473940752
2022-06-23 00:00:00-05:00,29.290000915527344,29.770000457763672,28.739999771118164,29.049999237060547,0,0.0,0.0,0.3454178635086791
2022-06-24 00:00:00-05:00,29.06999969482422,29.719999313354492,26.829999923706055,27.229999542236328,0,0.0,0.0,-6.265059354983915
2022-06-27 00:00:00-05:00,28.299999237060547,28.65999984741211,26.93000030517578,26.950000762939453,0,0.0,0.0,-1.028273169313021
2022-06-28 00:00:00-05:00,26.899999618530273,28.68000030517578,26.469999313354492,28.360000610351562,0,0.0,0.0,5.231910231895376
2022-06-29 00:00:00-05:00,28.799999237060547,29.360000610351562,27.850000381469727,28.15999984741211,0,0.0,0.0,-0.7052212927895818
2022-06-30 00:00:00-05:00,29.420000076293945,30.219999313354492,28.280000686645508,28.709999084472656,0,0.0,0.0,1.9531223012811516
2022-07-01 00:00:00-05:00,29.530000686645508,29.59000015258789,26.690000534057617,26.700000762939453,0,0.0,0.0,-7.001039309054802
2022-07-05 00:00:00-05:00,27.3700008392334,29.81999969482422,27.299999237060547,27.540000915527344,0,0.0,0.0,3.1460678973232126
2022-07-06 00:00:00-05:00,27.84000015258789,28.06999969482422,26.43000030517578,26.729999542236328,0,0.0,0.0,-2.941181359345302
2022-07-07 00:00:00-05:00,26.729999542236328,26.790000915527344,25.65999984741211,26.079999923706055,0,0.0,0.0,-2.4317232684692103
2022-07-08 00:00:00-05:00,26.40999984741211,26.610000610351562,24.43000030517578,24.639999389648438,0,0.0,0.0,-5.521474456557396
2022-07-11 00:00:00-05:00,26.420000076293945,26.739999771118164,25.790000915527344,26.170000076293945,0,0.0,0.0,6.209418524938282
2022-07-12 00:00:00-05:00,27.139999389648438,27.75,25.81999969482422,27.290000915527344,0,0.0,0.0,4.279712785511025
2022-07-13 00:00:00-05:00,27.350000381469727,29.059999465942383,26.229999542236328,26.81999969482422,0,0.0,0.0,-1.722246994999932
2022-07-14 00:00:00-05:00,27.469999313354492,28.450000762939453,26.200000762939453,26.399999618530273,0,0.0,0.0,-1.565995828012623
2022-07-15 00:00:00-05:00,26.719999313354492,26.719999313354492,24.1299991607666,24.229999542236328,0,0.0,0.0,-8.21969737746061
2022-07-18 00:00:00-05:00,24.829999923706055,25.90999984741211,24.3799991607666,25.299999237060547,0,0.0,0.0,4.416012030702099
2022-07-19 00:00:00-05:00,25.1200008392334,25.40999984741211,24.229999542236328,24.5,0,0.0,0.0,-3.1620524157513485
2022-07-20 00:00:00-05:00,24.229999542236328,24.729999542236328,23.399999618530273,23.8799991607666,0,0.0,0.0,-2.530615670340397
2022-07-21 00:00:00-05:00,24.06999969482422,24.670000076293945,22.920000076293945,23.110000610351562,0,0.0,0.0,-3.2244496544208467
2022-07-22 00:00:00-05:00,23.299999237060547,23.809999465942383,22.40999984741211,23.030000686645508,0,0.0,0.0,-0.3461701496893066
2022-07-25 00:00:00-05:00,24.329999923706055,24.56999969482422,23.190000534057617,23.360000610351562,0,0.0,0.0,1.4329132169649261
2022-07-26 00:00:00-05:00,23.950000762939453,25.309999465942383,23.81999969482422,24.690000534057617,0,0.0,0.0,5.693492675324197
2022-07-27 00:00:00-05:00,24.270000457763672,24.40999984741211,23.020000457763672,23.239999771118164,0,0.0,0.0,-5.872825968307726
2022-07-28 00:00:00-05:00,23.329999923706055,23.540000915527344,22.219999313354492,22.329999923706055,0,0.0,0.0,-3.91566203259186
2022-07-29 00:00:00-05:00,22.1299991607666,22.15999984741211,21.209999084472656,21.329999923706055,0,0.0,0.0,-4.478280355650055
2022-08-01 00:00:00-05:00,22.40999984741211,23.270000457763672,22.260000228881836,22.84000015258789,0,0.0,0.0,7.079232228236565
2022-08-02 00:00:00-05:00,24.079999923706055,24.68000030517578,22.670000076293945,23.93000030517578,0,0.0,0.0,4.772329883125637
2022-08-03 00:00:00-05:00,23.860000610351562,23.920000076293945,21.68000030517578,21.950000762939453,0,0.0,0.0,-8.274130869142017
2022-08-04 00:00:00-05:00,22.059999465942383,22.65999984741211,21.440000534057617,21.440000534057617,0,0.0,0.0,-2.323463376561352
2022-08-05 00:00:00-05:00,21.5,22.579999923706055,20.760000228881836,21.149999618530273,0,0.0,0.0,-1.3526161767891565
2022-08-08 00:00:00-05:00,21.739999771118164,22.010000228881836,20.829999923706055,21.290000915527344,0,0.0,0.0,0.6619446785919081
2022-08-09 00:00:00-05:00,21.40999984741211,22.229999542236328,21.40999984741211,21.770000457763672,0,0.0,0.0,2.254577367755073
2022-08-10 00:00:00-05:00,22.280000686645508,22.34000015258789,19.540000915527344,19.739999771118164,0,0.0,0.0,-9.324761800459969
2022-08-11 00:00:00-05:00,19.84000015258789,20.850000381469727,19.709999084472656,20.200000762939453,0,0.0,0.0,2.3302988710988792
2022-08-12 00:00:00-05:00,20.34000015258789,20.350000381469727,19.1200008392334,19.530000686645508,0,0.0,0.0,-3.3168319355867615
2022-08-15 00:00:00-05:00,20.739999771118164,21.15999984741211,19.809999465942383,19.950000762939453,0,0.0,0.0,2.150537949448905
2022-08-16 00:00:00-05:00,20.229999542236328,20.389999389648438,19.5,19.690000534057617,0,0.0,0.0,-1.3032592428007916
2022-08-17 00:00:00-05:00,19.739999771118164,20.6299991607666,19.40999984741211,19.899999618530273,0,0.0,0.0,1.0665265554941072
2022-08-18 00:00:00-05:00,20.510000228881836,20.610000610351562,19.43000030517578,19.559999465942383,0,0.0,0.0,-1.7085435130927973
2022-08-19 00:00:00-05:00,20.15999984741211,21.270000457763672,20.079999923706055,20.600000381469727,0,0.0,0.0,5.316978240915504
2022-08-22 00:00:00-05:00,22.40999984741211,24.6200008392334,22.389999389648438,23.799999237060547,0,0.0,0.0,15.53397473948257
2022-08-23 00:00:00-05:00,24.1299991607666,24.209999084472656,23.06999969482422,24.110000610351562,0,0.0,0.0,1.3025268202878415
2022-08-24 00:00:00-05:00,24.3700008392334,24.860000610351562,22.729999542236328,22.81999969482422,0,0.0,0.0,-5.350480642350064
2022-08-25 00:00:00-05:00,22.40999984741211,23.1299991607666,21.770000457763672,21.780000686645508,0,0.0,0.0,-4.557401499065716
2022-08-26 00:00:00-05:00,22.06999969482422,25.899999618530273,21.670000076293945,25.559999465942383,0,0.0,0.0,17.355365748976293
2022-08-29 00:00:00-05:00,26.860000610351562,27.670000076293945,25.469999313354492,26.209999084472656,0,0.0,0.0,2.543034554427015
2022-08-30 00:00:00-05:00,25.75,27.690000534057617,25.1299991607666,26.209999084472656,0,0.0,0.0,0.0
2022-08-31 00:00:00-05:00,25.860000610351562,26.6200008392334,25.309999465942383,25.8700008392334,0,0.0,0.0,-1.297208153817453
2022-09-01 00:00:00-05:00,26.8799991607666,27.450000762939453,25.25,25.559999465942383,0,0.0,0.0,-1.1983044578061208
2022-09-02 00:00:00-05:00,25.510000228881836,26.280000686645508,23.190000534057617,25.469999313354492,0,0.0,0.0,-0.3521132803927185
2022-09-06 00:00:00-05:00,25.459999084472656,27.799999237060547,25.329999923706055,26.90999984741211,0,0.0,0.0,5.6537124965786445
2022-09-07 00:00:00-05:00,26.93000030517578,27.149999618530273,24.540000915527344,24.639999389648438,0,0.0,0.0,-8.435527575753499
2022-09-08 00:00:00-05:00,24.700000762939453,25.899999618530273,23.559999465942383,23.610000610351562,0,0.0,0.0,-4.180189954588998
2022-09-09 00:00:00-05:00,23.489999771118164,23.56999969482422,22.639999389648438,22.790000915527344,0,0.0,0.0,-3.4731032343332413
2022-09-12 00:00:00-05:00,23.579999923706055,24.229999542236328,23.15999984741211,23.8700008392334,0,0.0,0.0,4.73892005405856
2022-09-13 00:00:00-05:00,23.670000076293945,28.149999618530273,23.530000686645508,27.270000457763672,0,0.0,0.0,14.243818596528657
2022-09-14 00:00:00-05:00,26.729999542236328,27.559999465942383,26.15999984741211,26.15999984741211,0,0.0,0.0,-4.070409210556313
2022-09-15 00:00:00-05:00,26.100000381469727,26.93000030517578,25.420000076293945,26.270000457763672,0,0.0,0.0,0.4204916322369412
2022-09-16 00:00:00-05:00,27.469999313354492,28.450000762939453,26.139999389648438,26.299999237060547,0,0.0,0.0,0.11419405700090479
2022-09-19 00:00:00-05:00,27.690000534057617,27.950000762939453,25.559999465942383,25.760000228881836,0,0.0,0.0,-2.053228227542203
2022-09-20 00:00:00-05:00,25.649999618530273,27.809999465942383,25.610000610351562,27.15999984741211,0,0.0,0.0,5.4347810795459806
2022-09-21 00:00:00-05:00,28.030000686645508,30.18000030517578,25.549999237060547,27.989999771118164,0,0.0,0.0,3.0559643901659994
2022-09-22 00:00:00-05:00,28.15999984741211,28.3799991607666,26.709999084472656,27.350000381469727,0,0.0,0.0,-2.286528741986016
2022-09-23 00:00:00-05:00,27.68000030517578,32.310001373291016,27.579999923706055,29.920000076293945,0,0.0,0.0,9.396708076704297
2022-09-26 00:00:00-05:00,31.739999771118164,32.880001068115234,29.829999923706055,32.2599983215332,0,0.0,0.0,7.820849730188573
2022-09-27 00:00:00-05:00,31.200000762939453,34.13999938964844,30.299999237060547,32.599998474121094,0,0.0,0.0,1.0539372916239298
2022-09-28 00:00:00-05:00,34.5,34.880001068115234,30.030000686645508,30.18000030517578,0,0.0,0.0,-7.423307614159502
2022-09-29 00:00:00-05:00,31.670000076293945,33.459999084472656,31.15999984741211,31.84000015258789,0,0.0,0.0,5.500330784050478
2022-09-30 00:00:00-05:00,31.610000610351562,33.25,29.389999389648438,31.6200008392334,0,0.0,0.0,-0.6909526140081113
2022-10-03 00:00:00-05:00,33.0,33.060001373291016,29.6299991607666,30.100000381469727,0,0.0,0.0,-4.807085444089198
2022-10-04 00:00:00-05:00,29.520000457763672,29.6200008392334,28.559999465942383,29.06999969482422,0,0.0,0.0,-3.421929148145797
2022-10-05 00:00:00-05:00,29.360000610351562,30.110000610351562,28.5,28.549999237060547,0,0.0,0.0,-1.7887872831875429
2022-10-06 00:00:00-05:00,28.600000381469727,30.739999771118164,28.559999465942383,30.520000457763672,0,0.0,0.0,6.900179591409161
2022-10-07 00:00:00-05:00,30.3700008392334,32.02000045776367,29.8799991607666,31.360000610351562,0,0.0,0.0,2.7522940366608406
2022-10-10 00:00:00-05:00,32.93000030517578,33.9900016784668,32.04999923706055,32.45000076293945,0,0.0,0.0,3.475765725043045
2022-10-11 00:00:00-05:00,33.560001373291016,34.43000030517578,32.45000076293945,33.630001068115234,0,0.0,0.0,3.6363644913174786
2022-10-12 00:00:00-05:00,33.540000915527344,34.529998779296875,33.11000061035156,33.56999969482422,0,0.0,0.0,-0.17841620988797713
2022-10-13 00:00:00-05:00,33.599998474121094,33.869998931884766,31.6299991607666,31.940000534057617,0,0.0,0.0,-4.855523311243615
2022-10-14 00:00:00-05:00,31.889999389648438,32.97999954223633,31.139999389648438,32.02000045776367,0,0.0,0.0,0.25046938750283854
2022-10-17 00:00:00-05:00,32.27000045776367,32.59000015258789,30.700000762939453,31.3700008392334,0,0.0,0.0,-2.029980041342172
2022-10-18 00:00:00-05:00,31.100000381469727,31.93000030517578,30.420000076293945,30.5,0,0.0,0.0,-2.773352935793738
2022-10-19 00:00:00-05:00,30.940000534057617,31.899999618530273,30.760000228881836,30.760000228881836,0,0.0,0.0,0.8524597668256861
2022-10-20 00:00:00-05:00,31.299999237060547,31.31999969482422,29.760000228881836,29.979999542236328,0,0.0,0.0,-2.535762941617703
2022-10-21 00:00:00-05:00,30.209999084472656,30.440000534057617,29.239999771118164,29.690000534057617,0,0.0,0.0,-0.9673082475206707
2022-10-24 00:00:00-05:00,30.649999618530273,30.950000762939453,29.780000686645508,29.850000381469727,0,0.0,0.0,0.5389014635704514
2022-10-25 00:00:00-05:00,29.799999237060547,30.0,28.219999313354492,28.459999084472656,0,0.0,0.0,-4.656620700949654
2022-10-26 00:00:00-05:00,28.440000534057617,28.520000457763672,27.270000457763672,27.280000686645508,0,0.0,0.0,-4.146164567064014
2022-10-27 00:00:00-05:00,27.510000228881836,27.670000076293945,26.940000534057617,27.389999389648438,0,0.0,0.0,0.4032210419143256
2022-10-28 00:00:00-05:00,27.43000030517578,27.59000015258789,25.75,25.75,0,0.0,0.0,-5.9875846155303165
2022-10-31 00:00:00-05:00,26.90999984741211,27.06999969482422,25.84000015258789,25.8799991607666,0,0.0,0.0,0.5048511097732078
2022-11-01 00:00:00-05:00,25.959999084472656,26.350000381469727,25.65999984741211,25.809999465942383,0,0.0,0.0,-0.27047796404234825
2022-11-02 00:00:00-05:00,26.040000915527344,26.6200008392334,25.389999389648438,25.860000610351562,0,0.0,0.0,0.19372780102207
2022-11-03 00:00:00-05:00,25.979999542236328,26.8700008392334,25.100000381469727,25.299999237060547,0,0.0,0.0,-2.165511833231948
2022-11-04 00:00:00-05:00,25.6299991607666,25.709999084472656,24.0,24.549999237060547,0,0.0,0.0,-2.9644269668647527
2022-11-07 00:00:00-06:00,25.670000076293945,25.670000076293945,24.34000015258789,24.350000381469727,0,0.0,0.0,-0.814659314892785
2022-11-08 00:00:00-06:00,24.709999084472656,26.15999984741211,24.239999771118164,25.540000915527344,0,0.0,0.0,4.887065771724597
2022-11-09 00:00:00-06:00,25.34000015258789,26.350000381469727,25.020000457763672,26.09000015258789,0,0.0,0.0,2.1534816654065425
2022-11-10 00:00:00-06:00,26.510000228881836,26.59000015258789,22.84000015258789,23.530000686645508,0,0.0,0.0,-9.812186473630414
2022-11-11 00:00:00-06:00,23.889999389648438,23.90999984741211,22.3700008392334,22.520000457763672,0,0.0,0.0,-4.292393537646866
2022-11-14 00:00:00-06:00,23.989999771118164,24.329999923706055,22.860000610351562,23.729999542236328,0,0.0,0.0,5.372997601585361
2022-11-15 00:00:00-06:00,23.770000457763672,26.219999313354492,23.18000030517578,24.540000915527344,0,0.0,0.0,3.413406611531178
2022-11-16 00:00:00-06:00,24.290000915527344,24.719999313354492,23.989999771118164,24.110000610351562,0,0.0,0.0,-1.7522424170070217
2022-11-17 00:00:00-06:00,24.049999237060547,25.18000030517578,23.809999465942383,23.93000030517578,0,0.0,0.0,-0.7465794301908857
2022-11-18 00:00:00-06:00,24.030000686645508,24.1200008392334,22.979999542236328,23.1200008392334,0,0.0,0.0,-3.3848702700066013
2022-11-21 00:00:00-06:00,24.049999237060547,24.1200008392334,22.299999237060547,22.360000610351562,0,0.0,0.0,-3.287198102485167
2022-11-22 00:00:00-06:00,22.59000015258789,22.709999084472656,21.280000686645508,21.290000915527344,0,0.0,0.0,-4.7853294526694405
2022-11-23 00:00:00-06:00,21.489999771118164,21.780000686645508,20.31999969482422,20.350000381469727,0,0.0,0.0,-4.415220731024261
2022-11-25 00:00:00-06:00,20.610000610351562,21.110000610351562,20.459999084472656,20.5,0,0.0,0.0,0.7370988487393815
2022-11-28 00:00:00-06:00,22.09000015258789,22.5,21.649999618530273,22.209999084472656,0,0.0,0.0,8.341458948647107
2022-11-29 00:00:00-06:00,22.09000015258789,22.56999969482422,21.829999923706055,21.889999389648438,0,0.0,0.0,-1.4407911211844038
2022-11-30 00:00:00-06:00,21.700000762939453,22.6299991607666,20.309999465942383,20.579999923706055,0,0.0,0.0,-5.984465520642579
2022-12-01 00:00:00-06:00,20.829999923706055,21.059999465942383,19.799999237060547,19.84000015258789,0,0.0,0.0,-3.595722905060661
2022-12-02 00:00:00-06:00,20.420000076293945,20.959999084472656,18.950000762939453,19.059999465942383,0,0.0,0.0,-3.9314550435815665
2022-12-05 00:00:00-06:00,20.299999237060547,21.290000915527344,19.780000686645508,20.75,0,0.0,0.0,8.866739671621794
2022-12-06 00:00:00-06:00,20.690000534057617,22.600000381469727,20.3799991607666,22.170000076293945,0,0.0,0.0,6.843373861657565
2022-12-07 00:00:00-06:00,22.31999969482422,23.010000228881836,22.18000030517578,22.68000030517578,0,0.0,0.0,2.300406978469849
2022-12-08 00:00:00-06:00,22.809999465942383,23.280000686645508,22.059999465942383,22.290000915527344,0,0.0,0.0,-1.7195740052941555
2022-12-09 00:00:00-06:00,22.549999237060547,23.209999084472656,22.18000030517578,22.829999923706055,0,0.0,0.0,2.4226064872098885
2022-12-12 00:00:00-06:00,24.399999618530273,25.049999237060547,24.18000030517578,25.0,0,0.0,0.0,9.505037597659726
2022-12-13 00:00:00-06:00,25.239999771118164,25.84000015258789,21.459999084472656,22.549999237060547,0,0.0,0.0,-9.80000305175781
2022-12-14 00:00:00-06:00,22.829999923706055,23.469999313354492,21.06999969482422,21.139999389648438,0,0.0,0.0,-6.2527711535120485
2022-12-15 00:00:00-06:00,21.520000457763672,23.670000076293945,21.25,22.829999923706055,0,0.0,0.0,7.994326314338274
2022-12-16 00:00:00-06:00,23.260000228881836,23.829999923706055,22.09000015258789,22.6200008392334,0,0.0,0.0,-0.9198383056260973
2022-12-19 00:00:00-06:00,22.6299991607666,22.860000610351562,21.610000610351562,22.420000076293945,0,0.0,0.0,-0.8841766380156879
2022-12-20 00:00:00-06:00,23.170000076293945,23.389999389648438,21.350000381469727,21.479999542236328,0,0.0,0.0,-4.1926874703784645
2022-12-21 00:00:00-06:00,21.25,21.290000915527344,19.940000534057617,20.06999969482422,0,0.0,0.0,-6.564245239575605
2022-12-22 00:00:00-06:00,20.079999923706055,24.299999237060547,20.010000228881836,21.969999313354492,0,0.0,0.0,9.466864212360981
2022-12-23 00:00:00-06:00,22.170000076293945,22.639999389648438,20.780000686645508,20.8700008392334,0,0.0,0.0,-5.006820703232606
2022-12-27 00:00:00-06:00,21.670000076293945,22.799999237060547,21.59000015258789,21.649999618530273,0,0.0,0.0,3.737416137667604
2022-12-28 00:00:00-06:00,21.469999313354492,22.260000228881836,20.959999084472656,22.139999389648438,0,0.0,0.0,2.263278428415183
2022-12-29 00:00:00-06:00,22.25,22.309999465942383,21.360000610351562,21.440000534057617,0,0.0,0.0,-3.161693201844007
2022-12-30 00:00:00-06:00,21.829999923706055,22.399999618530273,21.59000015258789,21.670000076293945,0,0.0,0.0,1.0727590322163083
2023-01-03 00:00:00-06:00,23.09000015258789,23.760000228881836,22.729999542236328,22.899999618530273,0,0.0,0.0,5.676047706072218
2023-01-04 00:00:00-06:00,22.93000030517578,23.270000457763672,21.940000534057617,22.010000228881836,0,0.0,0.0,-3.8864602815463223
2023-01-05 00:00:00-06:00,22.200000762939453,22.920000076293945,21.969999313354492,22.459999084472656,0,0.0,0.0,2.044519995053551
2023-01-06 00:00:00-06:00,22.690000534057617,22.899999618530273,21.0,21.1299991607666,0,0.0,0.0,-5.921638370081361
2023-01-09 00:00:00-06:00,21.75,21.979999542236328,21.270000457763672,21.969999313354492,0,0.0,0.0,3.9753913201642233
2023-01-10 00:00:00-06:00,22.219999313354492,22.459999084472656,20.579999923706055,20.579999923706055,0,0.0,0.0,-6.326806705012156
2023-01-11 00:00:00-06:00,20.799999237060547,21.25,20.6200008392334,21.09000015258789,0,0.0,0.0,2.478135232130718
2023-01-12 00:00:00-06:00,21.559999465942383,21.799999237060547,18.829999923706055,18.829999923706055,0,0.0,0.0,-10.715980144763149
2023-01-13 00:00:00-06:00,19.0,19.40999984741211,18.010000228881836,18.350000381469727,0,0.0,0.0,-2.5491213180093064
2023-01-17 00:00:00-06:00,19.889999389648438,20.219999313354492,19.209999084472656,19.360000610351562,0,0.0,0.0,5.5040883263509865
2023-01-18 00:00:00-06:00,19.280000686645508,20.579999923706055,18.709999084472656,20.34000015258789,0,0.0,0.0,5.06198094700645
2023-01-19 00:00:00-06:00,20.43000030517578,21.709999084472656,20.170000076293945,20.520000457763672,0,0.0,0.0,0.8849572459461275
2023-01-20 00:00:00-06:00,20.280000686645508,20.700000762939453,19.40999984741211,19.850000381469727,0,0.0,0.0,-3.265107511439913
2023-01-23 00:00:00-06:00,20.209999084472656,20.329999923706055,19.549999237060547,19.809999465942383,0,0.0,0.0,-0.20151594336836887
2023-01-24 00:00:00-06:00,19.889999389648438,20.469999313354492,18.90999984741211,19.200000762939453,0,0.0,0.0,-3.0792464384042373
2023-01-25 00:00:00-06:00,19.559999465942383,20.899999618530273,18.989999771118164,19.079999923706055,0,0.0,0.0,-0.6250043461718424
2023-01-26 00:00:00-06:00,19.049999237060547,19.479999542236328,18.670000076293945,18.729999542236328,0,0.0,0.0,-1.8343835580149404
2023-01-27 00:00:00-06:00,18.899999618530273,19.0,17.969999313354492,18.510000228881836,0,0.0,0.0,-1.1745825879941552
2023-01-30 00:00:00-06:00,19.760000228881836,20.25,19.540000915527344,19.940000534057617,0,0.0,0.0,7.725555307905929
2023-01-31 00:00:00-06:00,20.1200008392334,20.700000762939453,19.1299991607666,19.399999618530273,0,0.0,0.0,-2.708128891997874
2023-02-01 00:00:00-06:00,19.6200008392334,20.040000915527344,17.700000762939453,17.8700008392334,0,0.0,0.0,-7.886591800937293
2023-02-02 00:00:00-06:00,17.739999771118164,19.25,17.059999465942383,18.729999542236328,0,0.0,0.0,4.812527490848306
2023-02-03 00:00:00-06:00,18.56999969482422,19.299999237060547,17.93000030517578,18.329999923706055,0,0.0,0.0,-2.135609334256894
2023-02-06 00:00:00-06:00,19.229999542236328,19.809999465942383,19.209999084472656,19.43000030517578,0,0.0,0.0,6.001093213574449
2023-02-07 00:00:00-06:00,19.540000915527344,19.989999771118164,18.43000030517578,18.65999984741211,0,0.0,0.0,-3.9629461949033495
2023-02-08 00:00:00-06:00,18.8799991607666,20.1200008392334,18.549999237060547,19.6299991607666,0,0.0,0.0,5.198281464557564
2023-02-09 00:00:00-06:00,19.239999771118164,21.079999923706055,19.020000457763672,20.709999084472656,0,0.0,0.0,5.501782831782243
2023-02-10 00:00:00-06:00,20.739999771118164,21.940000534057617,20.440000534057617,20.530000686645508,0,0.0,0.0,-0.8691376426090858
2023-02-13 00:00:00-06:00,21.65999984741211,21.690000534057617,20.329999923706055,20.34000015258789,0,0.0,0.0,-0.9254774851576553
2023-02-14 00:00:00-06:00,20.719999313354492,20.75,18.479999542236328,18.90999984741211,0,0.0,0.0,-7.030483256873721
2023-02-15 00:00:00-06:00,19.3700008392334,19.40999984741211,18.110000610351562,18.229999542236328,0,0.0,0.0,-3.595982605303094
2023-02-16 00:00:00-06:00,18.260000228881836,20.270000457763672,18.229999542236328,20.170000076293945,0,0.0,0.0,10.641802428809232
2023-02-17 00:00:00-06:00,20.940000534057617,21.299999237060547,19.81999969482422,20.020000457763672,0,0.0,0.0,-0.7436768367024893
2023-02-21 00:00:00-06:00,21.799999237060547,23.34000015258789,21.799999237060547,22.8700008392334,0,0.0,0.0,14.235765815702116
2023-02-22 00:00:00-06:00,23.030000686645508,23.6299991607666,22.020000457763672,22.290000915527344,0,0.0,0.0,-2.5360730320178493
2023-02-23 00:00:00-06:00,21.959999084472656,22.43000030517578,20.889999389648438,21.139999389648438,0,0.0,0.0,-5.15927087772261
2023-02-24 00:00:00-06:00,21.350000381469727,22.899999618530273,21.31999969482422,21.670000076293945,0,0.0,0.0,2.5070988739244404
2023-02-27 00:00:00-06:00,21.989999771118164,22.020000457763672,20.68000030517578,20.950000762939453,0,0.0,0.0,-3.3225625787705493
2023-02-28 00:00:00-06:00,21.299999237060547,21.3700008392334,20.100000381469727,20.700000762939453,0,0.0,0.0,-1.1933173789771434
2023-03-01 00:00:00-06:00,20.389999389648438,21.31999969482422,20.219999313354492,20.579999923706055,0,0.0,0.0,-0.5797141778286496
2023-03-02 00:00:00-06:00,21.40999984741211,21.420000076293945,19.549999237060547,19.59000015258789,0,0.0,0.0,-4.810494532498932
2023-03-03 00:00:00-06:00,19.760000228881836,19.760000228881836,18.15999984741211,18.489999771118164,0,0.0,0.0,-5.615111653403504
2023-03-06 00:00:00-06:00,19.049999237060547,19.190000534057617,18.489999771118164,18.610000610351562,0,0.0,0.0,0.6490040060511015
2023-03-07 00:00:00-06:00,18.639999389648438,19.739999771118164,18.510000228881836,19.59000015258789,0,0.0,0.0,5.265983396535812
2023-03-08 00:00:00-06:00,19.709999084472656,20.010000228881836,19.0,19.110000610351562,0,0.0,0.0,-2.450227353229084
2023-03-09 00:00:00-06:00,19.329999923706055,23.139999389648438,18.8799991607666,22.610000610351562,0,0.0,0.0,18.31501773005757
2023-03-10 00:00:00-06:00,23.34000015258789,28.969999313354492,21.790000915527344,24.799999237060547,0,0.0,0.0,9.685973319727982
2023-03-13 00:00:00-05:00,24.049999237060547,30.809999465942383,23.850000381469727,26.520000457763672,0,0.0,0.0,6.935489006518969
2023-03-14 00:00:00-05:00,26.850000381469727,27.239999771118164,22.270000457763672,23.729999542236328,0,0.0,0.0,-10.52036526157215
2023-03-15 00:00:00-05:00,23.209999084472656,29.90999984741211,23.190000534057617,26.139999389648438,0,0.0,0.0,10.155920328285806
2023-03-16 00:00:00-05:00,26.190000534057617,27.489999771118164,22.969999313354492,22.989999771118164,0,0.0,0.0,-12.050496144149447
2023-03-17 00:00:00-05:00,22.920000076293945,26.139999389648438,22.579999923706055,25.510000228881836,0,0.0,0.0,10.96128961658145
2023-03-20 00:00:00-05:00,27.770000457763672,28.90999984741211,24.0,24.149999618530273,0,0.0,0.0,-5.331244994705253
2023-03-21 00:00:00-05:00,24.15999984741211,24.15999984741211,21.290000915527344,21.3799991607666,0,0.0,0.0,-11.469981372746085
2023-03-22 00:00:00-05:00,21.799999237060547,22.3799991607666,19.940000534057617,22.260000228881836,0,0.0,0.0,4.116001415613146
2023-03-23 00:00:00-05:00,21.540000915527344,24.90999984741211,20.15999984741211,22.610000610351562,0,0.0,0.0,1.5723287415586373
2023-03-24 00:00:00-05:00,22.110000610351562,25.209999084472656,21.600000381469727,21.739999771118164,0,0.0,0.0,-3.8478585393539766
2023-03-27 00:00:00-05:00,22.049999237060547,22.93000030517578,20.56999969482422,20.600000381469727,0,0.0,0.0,-5.243787496092523
2023-03-28 00:00:00-05:00,20.530000686645508,21.399999618530273,19.90999984741211,19.969999313354492,0,0.0,0.0,-3.0582575555772262
2023-03-29 00:00:00-05:00,19.389999389648438,19.450000762939453,19.09000015258789,19.1200008392334,0,0.0,0.0,-4.256377082360119
2023-03-30 00:00:00-05:00,19.1200008392334,20.079999923706055,18.850000381469727,19.020000457763672,0,0.0,0.0,-0.5230145244791484
2023-03-31 00:00:00-05:00,19.209999084472656,19.43000030517578,18.520000457763672,18.700000762939453,0,0.0,0.0,-1.682437892337696
2023-04-03 00:00:00-05:00,19.790000915527344,19.829999923706055,18.540000915527344,18.549999237060547,0,0.0,0.0,-0.8021471644866773
2023-04-04 00:00:00-05:00,18.790000915527344,20.030000686645508,18.579999923706055,19.0,0,0.0,0.0,2.425880223436394
2023-04-05 00:00:00-05:00,19.420000076293945,20.079999923706055,19.0,19.079999923706055,0,0.0,0.0,0.42105223003185976
2023-04-06 00:00:00-05:00,19.299999237060547,19.8799991607666,18.350000381469727,18.399999618530273,0,0.0,0.0,-3.563942913495044
2023-04-10 00:00:00-05:00,19.389999389648438,20.049999237060547,18.93000030517578,18.969999313354492,0,0.0,0.0,3.097824492616752
2023-04-11 00:00:00-05:00,19.079999923706055,19.280000686645508,18.559999465942383,19.100000381469727,0,0.0,0.0,0.6852982225661775
2023-04-12 00:00:00-05:00,19.3799991607666,19.979999542236328,18.25,19.09000015258789,0,0.0,0.0,-0.0523572182309362
2023-04-13 00:00:00-05:00,18.829999923706055,19.059999465942383,17.770000457763672,17.799999237060547,0,0.0,0.0,-6.757469383008196
2023-04-14 00:00:00-05:00,17.940000534057617,18.1200008392334,17.06999969482422,17.06999969482422,0,0.0,0.0,-4.101121199580893
2023-04-17 00:00:00-05:00,17.579999923706055,17.790000915527344,16.899999618530273,16.950000762939453,0,0.0,0.0,-0.7029814530175482
2023-04-18 00:00:00-05:00,16.940000534057617,17.34000015258789,16.579999923706055,16.829999923706055,0,0.0,0.0,-0.7079695211328563
2023-04-19 00:00:00-05:00,17.299999237060547,17.719999313354492,16.170000076293945,16.459999084472656,0,0.0,0.0,-2.198460136130065
2023-04-20 00:00:00-05:00,16.850000381469727,17.690000534057617,16.329999923706055,17.170000076293945,0,0.0,0.0,4.313493507366362
2023-04-21 00:00:00-05:00,17.510000228881836,17.709999084472656,16.579999923706055,16.770000457763672,0,0.0,0.0,-2.3296424971048224
2023-04-24 00:00:00-05:00,18.219999313354492,18.239999771118164,16.739999771118164,16.889999389648438,0,0.0,0.0,0.7155571175265552
2023-04-25 00:00:00-05:00,17.6200008392334,19.860000610351562,17.329999923706055,18.760000228881836,0,0.0,0.0,11.071645392595375
2023-04-26 00:00:00-05:00,18.65999984741211,19.610000610351562,17.8700008392334,18.84000015258789,0,0.0,0.0,0.42643882052246784
2023-04-27 00:00:00-05:00,18.43000030517578,18.43000030517578,16.719999313354492,17.030000686645508,0,0.0,0.0,-9.607215771140842
2023-04-28 00:00:00-05:00,17.209999084472656,17.649999618530273,15.720000267028809,15.779999732971191,0,0.0,0.0,-7.3399935600386375
2023-05-01 00:00:00-05:00,16.40999984741211,16.6200008392334,15.529999732971191,16.079999923706055,0,0.0,0.0,1.901141925294425
2023-05-02 00:00:00-05:00,16.270000457763672,19.809999465942383,16.260000228881836,17.780000686645508,0,0.0,0.0,10.572144098292036
2023-05-03 00:00:00-05:00,17.81999969482422,18.829999923706055,17.190000534057617,18.34000015258789,0,0.0,0.0,3.1496031738794894
2023-05-04 00:00:00-05:00,19.170000076293945,21.329999923706055,18.670000076293945,20.09000015258789,0,0.0,0.0,9.541984653435588
2023-05-05 00:00:00-05:00,19.5,19.6299991607666,16.690000534057617,17.190000534057617,0,0.0,0.0,-14.435040301165502
2023-05-08 00:00:00-05:00,17.729999542236328,17.8799991607666,16.829999923706055,16.979999542236328,0,0.0,0.0,-1.221646220459538
2023-05-09 00:00:00-05:00,17.290000915527344,17.860000610351562,17.219999313354492,17.709999084472656,0,0.0,0.0,4.2991729205911655
2023-05-10 00:00:00-05:00,17.579999923706055,18.309999465942383,16.360000610351562,16.940000534057617,0,0.0,0.0,-4.34781812659798
2023-05-11 00:00:00-05:00,16.799999237060547,18.190000534057617,16.6299991607666,16.93000030517578,0,0.0,0.0,-0.059033226485027956
2023-05-12 00:00:00-05:00,16.829999923706055,17.920000076293945,16.3799991607666,17.030000686645508,0,0.0,0.0,0.5906696967935332
2023-05-15 00:00:00-05:00,17.440000534057617,18.15999984741211,17.079999923706055,17.1200008392334,0,0.0,0.0,0.5284800291198266
2023-05-16 00:00:00-05:00,17.540000915527344,18.299999237060547,17.260000228881836,17.989999771118164,0,0.0,0.0,5.0817692128321434
2023-05-17 00:00:00-05:00,17.959999084472656,18.260000228881836,16.68000030517578,16.8700008392334,0,0.0,0.0,-6.225675075787684
2023-05-18 00:00:00-05:00,16.920000076293945,17.149999618530273,16.049999237060547,16.049999237060547,0,0.0,0.0,-4.860708721874096
2023-05-19 00:00:00-05:00,16.1299991607666,17.360000610351562,15.850000381469727,16.809999465942383,0,0.0,0.0,4.73520414335562
2023-05-22 00:00:00-05:00,17.450000762939453,18.1299991607666,16.81999969482422,17.209999084472656,0,0.0,0.0,2.379533796777844
2023-05-23 00:00:00-05:00,17.350000381469727,19.309999465942383,17.299999237060547,18.530000686645508,0,0.0,0.0,7.669969043541625
2023-05-24 00:00:00-05:00,18.799999237060547,20.809999465942383,18.799999237060547,20.030000686645508,0,0.0,0.0,8.09498081174409
2023-05-25 00:00:00-05:00,19.540000915527344,19.950000762939453,18.700000762939453,19.139999389648438,0,0.0,0.0,-4.443341320454652
2023-05-26 00:00:00-05:00,19.06999969482422,19.559999465942383,17.270000457763672,17.950000762939453,0,0.0,0.0,-6.21733889580256
2023-05-30 00:00:00-05:00,17.559999465942383,18.34000015258789,16.979999542236328,17.459999084472656,0,0.0,0.0,-2.7298142486906207
2023-05-31 00:00:00-05:00,18.040000915527344,18.399999618530273,17.1200008392334,17.940000534057617,0,0.0,0.0,2.749149339943724
2023-06-01 00:00:00-05:00,17.239999771118164,17.59000015258789,15.579999923706055,15.649999618530273,0,0.0,0.0,-12.764776183701699
2023-06-02 00:00:00-05:00,15.649999618530273,15.649999618530273,14.420000076293945,14.600000381469727,0,0.0,0.0,-6.709260464245014
2023-06-05 00:00:00-05:00,15.279999732971191,15.289999961853027,14.65999984741211,14.729999542236328,0,0.0,0.0,0.8904051874655927
2023-06-06 00:00:00-05:00,14.90999984741211,14.970000267028809,13.949999809265137,13.960000038146973,0,0.0,0.0,-5.227423815469123
2023-06-07 00:00:00-05:00,14.140000343322754,14.289999961853027,13.770000457763672,13.9399995803833,0,0.0,0.0,-0.14326975436259604
2023-06-08 00:00:00-05:00,14.140000343322754,14.210000038146973,13.529999732971191,13.649999618530273,0,0.0,0.0,-2.0803441218256724
2023-06-09 00:00:00-05:00,13.779999732971191,14.140000343322754,13.5,13.829999923706055,0,0.0,0.0,1.3186835912539108
2023-06-12 00:00:00-05:00,14.4399995803833,15.020000457763672,14.319999694824219,15.010000228881836,0,0.0,0.0,8.532178681744874
2023-06-13 00:00:00-05:00,14.989999771118164,15.0600004196167,14.470000267028809,14.609999656677246,0,0.0,0.0,-2.664893844804339
2023-06-14 00:00:00-05:00,14.479999542236328,14.729999542236328,13.829999923706055,13.880000114440918,0,0.0,0.0,-4.99657467070983
2023-06-15 00:00:00-05:00,14.09000015258789,14.520000457763672,13.789999961853027,14.5,0,0.0,0.0,4.466857928293733
2023-06-16 00:00:00-05:00,14.489999771118164,14.539999961853027,13.479999542236328,13.539999961853027,0,0.0,0.0,-6.620689918254985
2023-06-20 00:00:00-05:00,14.359999656677246,14.670000076293945,13.859999656677246,13.880000114440918,0,0.0,0.0,2.5110794205745357
2023-06-21 00:00:00-05:00,13.880000114440918,13.890000343322754,13.100000381469727,13.199999809265137,0,0.0,0.0,-4.899137604965153
2023-06-22 00:00:00-05:00,13.880000114440918,13.979999542236328,12.729999542236328,12.90999984741211,0,0.0,0.0,-2.196969439722829
2023-06-23 00:00:00-05:00,13.239999771118164,13.800000190734863,12.880000114440918,13.4399995803833,0,0.0,0.0,4.1053426741707755
2023-06-26 00:00:00-05:00,14.430000305175781,14.710000038146973,13.779999732971191,14.25,0,0.0,0.0,6.026789024599055
2023-06-27 00:00:00-05:00,14.109999656677246,14.34000015258789,13.59000015258789,13.739999771118164,0,0.0,0.0,-3.578948974609375
2023-06-28 00:00:00-05:00,13.899999618530273,13.960000038146973,13.359999656677246,13.430000305175781,0,0.0,0.0,-2.2561824680231046
2023-06-29 00:00:00-05:00,13.640000343322754,13.850000381469727,13.40999984741211,13.539999961853027,0,0.0,0.0,0.8190592269372798
2023-06-30 00:00:00-05:00,13.510000228881836,13.59000015258789,12.960000038146973,13.59000015258789,0,0.0,0.0,0.369277628328879
2023-07-03 00:00:00-05:00,13.850000381469727,13.850000381469727,13.470000267028809,13.569999694824219,0,0.0,0.0,-0.147170401317942
2023-07-05 00:00:00-05:00,14.1899995803833,14.739999771118164,14.050000190734863,14.180000305175781,0,0.0,0.0,4.495214621001242
2023-07-06 00:00:00-05:00,14.850000381469727,17.079999923706055,14.789999961853027,15.4399995803833,0,0.0,0.0,8.88574928131427
2023-07-07 00:00:00-05:00,15.970000267028809,16.059999465942383,14.329999923706055,14.829999923706055,0,0.0,0.0,-3.950775085850766
2023-07-10 00:00:00-05:00,16.079999923706055,16.209999084472656,15.039999961853027,15.069999694824219,0,0.0,0.0,1.6183396652249549
2023-07-11 00:00:00-05:00,15.020000457763672,15.25,14.630000114440918,14.84000015258789,0,0.0,0.0,-1.5262080085862384
2023-07-12 00:00:00-05:00,14.819999694824219,14.819999694824219,13.510000228881836,13.539999961853027,0,0.0,0.0,-8.76010901191373
2023-07-13 00:00:00-05:00,13.4399995803833,13.609999656677246,13.119999885559082,13.609999656677246,0,0.0,0.0,0.5169844536294876
2023-07-14 00:00:00-05:00,13.720000267028809,13.760000228881836,13.220000267028809,13.34000015258789,0,0.0,0.0,-1.9838318214570272
2023-07-17 00:00:00-05:00,13.779999732971191,14.0,13.430000305175781,13.479999542236328,0,0.0,0.0,1.0494706750155292
2023-07-18 00:00:00-05:00,13.609999656677246,13.670000076293945,13.289999961853027,13.300000190734863,0,0.0,0.0,-1.3353068072256224
2023-07-19 00:00:00-05:00,13.319999694824219,13.84000015258789,13.119999885559082,13.760000228881836,0,0.0,0.0,3.458646853760361
2023-07-20 00:00:00-05:00,13.960000038146973,14.229999542236328,13.579999923706055,13.989999771118164,0,0.0,0.0,1.6715082733324893
2023-07-21 00:00:00-05:00,13.869999885559082,13.890000343322754,13.369999885559082,13.600000381469727,0,0.0,0.0,-2.787701186768976
2023-07-24 00:00:00-05:00,14.289999961853027,14.300000190734863,13.729999542236328,13.90999984741211,0,0.0,0.0,2.2794077738759633
2023-07-25 00:00:00-05:00,14.020000457763672,14.09000015258789,13.819999694824219,13.859999656677246,0,0.0,0.0,-0.3594550056315482
2023-07-26 00:00:00-05:00,13.859999656677246,14.15999984741211,13.149999618530273,13.1899995803833,0,0.0,0.0,-4.834055504259438
2023-07-27 00:00:00-05:00,13.140000343322754,15.020000457763672,12.739999771118164,14.40999984741211,0,0.0,0.0,9.249433706148412
2023-07-28 00:00:00-05:00,14.029999732971191,14.180000305175781,13.270000457763672,13.329999923706055,0,0.0,0.0,-7.494794830966023
2023-07-31 00:00:00-05:00,13.979999542236328,14.09000015258789,13.569999694824219,13.630000114440918,0,0.0,0.0,2.2505640844104002
2023-08-01 00:00:00-05:00,13.75,14.300000190734863,13.75,13.930000305175781,0,0.0,0.0,2.2010285268964536
2023-08-02 00:00:00-05:00,15.699999809265137,16.479999542236328,14.949999809265137,16.09000015258789,0,0.0,0.0,15.506100503167586
2023-08-03 00:00:00-05:00,16.770000457763672,17.420000076293945,15.720000267028809,15.920000076293945,0,0.0,0.0,-1.0565573317698362
2023-08-04 00:00:00-05:00,16.010000228881836,17.389999389648438,14.569999694824219,17.100000381469727,0,0.0,0.0,7.412062182919765
2023-08-07 00:00:00-05:00,16.899999618530273,17.360000610351562,15.770000457763672,15.770000457763672,0,0.0,0.0,-7.777777158106369
2023-08-08 00:00:00-05:00,16.280000686645508,18.139999389648438,15.960000038146973,15.989999771118164,0,0.0,0.0,1.3950495051900047
2023-08-09 00:00:00-05:00,15.8100004196167,16.8700008392334,15.380000114440918,15.960000038146973,0,0.0,0.0,-0.18761559349974588
2023-08-10 00:00:00-05:00,15.579999923706055,16.860000610351562,14.600000381469727,15.850000381469727,0,0.0,0.0,-0.689220904851684
2023-08-11 00:00:00-05:00,15.529999732971191,16.510000228881836,14.84000015258789,14.84000015258789,0,0.0,0.0,-6.372241038319659
2023-08-14 00:00:00-05:00,15.880000114440918,16.059999465942383,14.770000457763672,14.819999694824219,0,0.0,0.0,-0.13477397276295822
2023-08-15 00:00:00-05:00,14.949999809265137,16.56999969482422,14.90999984741211,16.459999084472656,0,0.0,0.0,11.0661229650443
2023-08-16 00:00:00-05:00,16.540000915527344,16.93000030517578,15.800000190734863,16.780000686645508,0,0.0,0.0,1.9441167677507476
2023-08-17 00:00:00-05:00,16.959999084472656,18.1299991607666,16.399999618530273,17.889999389648438,0,0.0,0.0,6.615009878315026
2023-08-18 00:00:00-05:00,17.799999237060547,18.8799991607666,17.139999389648438,17.299999237060547,0,0.0,0.0,-3.2979327709160122
2023-08-21 00:00:00-05:00,18.030000686645508,18.110000610351562,16.8799991607666,17.1299991607666,0,0.0,0.0,-0.9826594438788527
2023-08-22 00:00:00-05:00,16.959999084472656,17.579999923706055,16.610000610351562,16.969999313354492,0,0.0,0.0,-0.9340330137234454
2023-08-23 00:00:00-05:00,16.639999389648438,17.100000381469727,15.90999984741211,15.979999542236328,0,0.0,0.0,-5.833823283299056
2023-08-24 00:00:00-05:00,15.569999694824219,17.31999969482422,15.479999542236328,17.200000762939453,0,0.0,0.0,7.634551036616566
2023-08-25 00:00:00-05:00,17.209999084472656,17.360000610351562,15.449999809265137,15.680000305175781,0,0.0,0.0,-8.837211571750569
2023-08-28 00:00:00-05:00,16.239999771118164,16.280000686645508,15.0,15.079999923706055,0,0.0,0.0,-3.826532970612717
2023-08-29 00:00:00-05:00,15.079999923706055,15.300000190734863,14.34000015258789,14.449999809265137,0,0.0,0.0,-4.177719612919528
2023-08-30 00:00:00-05:00,14.529999732971191,14.699999809265137,13.829999923706055,13.880000114440918,0,0.0,0.0,-3.944634618325349
2023-08-31 00:00:00-05:00,13.979999542236328,14.0,13.4399995803833,13.569999694824219,0,0.0,0.0,-2.233432399573043
2023-09-01 00:00:00-05:00,13.5600004196167,13.5600004196167,13.020000457763672,13.09000015258789,0,0.0,0.0,-3.537211149823438
2023-09-05 00:00:00-05:00,14.149999618530273,14.470000267028809,13.699999809265137,14.010000228881836,0,0.0,0.0,7.028266352709411
2023-09-06 00:00:00-05:00,14.270000457763672,15.300000190734863,14.130000114440918,14.449999809265137,0,0.0,0.0,3.140610800820931
2023-09-07 00:00:00-05:00,14.8100004196167,15.6899995803833,14.399999618530273,14.399999618530273,0,0.0,0.0,-0.3460220857774976
2023-09-08 00:00:00-05:00,14.220000267028809,14.869999885559082,13.579999923706055,13.84000015258789,0,0.0,0.0,-3.8888852831757137
2023-09-11 00:00:00-05:00,14.170000076293945,14.329999923706055,13.739999771118164,13.800000190734863,0,0.0,0.0,-0.28901706222559387
2023-09-12 00:00:00-05:00,14.020000457763672,14.420000076293945,13.710000038146973,14.229999542236328,0,0.0,0.0,3.1159372866542467
2023-09-13 00:00:00-05:00,14.420000076293945,14.680000305175781,13.40999984741211,13.479999542236328,0,0.0,0.0,-5.2705553346921175
2023-09-14 00:00:00-05:00,13.390000343322754,13.460000038146973,12.789999961853027,12.819999694824219,0,0.0,0.0,-4.896141467543513
2023-09-15 00:00:00-05:00,12.699999809265137,14.170000076293945,12.680000305175781,13.789999961853027,0,0.0,0.0,7.566304915127442
2023-09-18 00:00:00-05:00,14.399999618530273,14.75,13.859999656677246,14.0,0,0.0,0.0,1.5228429204342975
2023-09-19 00:00:00-05:00,14.109999656677246,14.880000114440918,13.859999656677246,14.109999656677246,0,0.0,0.0,0.7857118334088975
2023-09-20 00:00:00-05:00,14.180000305175781,15.149999618530273,13.569999694824219,15.140000343322754,0,0.0,0.0,7.299792428826057
2023-09-21 00:00:00-05:00,15.489999771118164,17.540000915527344,15.100000381469727,17.540000915527344,0,0.0,0.0,15.852050976095722
2023-09-22 00:00:00-05:00,17.309999465942383,17.40999984741211,15.930000305175781,17.200000762939453,0,0.0,0.0,-1.9384272225830057
2023-09-25 00:00:00-05:00,17.25,18.40999984741211,16.790000915527344,16.899999618530273,0,0.0,0.0,-1.7441926226863136
2023-09-26 00:00:00-05:00,18.030000686645508,19.5,17.170000076293945,18.940000534057617,0,0.0,0.0,12.0710116069503
2023-09-27 00:00:00-05:00,18.290000915527344,19.709999084472656,18.030000686645508,18.219999313354492,0,0.0,0.0,-3.8014846906072153
2023-09-28 00:00:00-05:00,18.219999313354492,18.770000457763672,17.059999465942383,17.34000015258789,0,0.0,0.0,-4.829852875579411
2023-09-29 00:00:00-05:00,16.8700008392334,17.739999771118164,15.829999923706055,17.520000457763672,0,0.0,0.0,1.0380640345549086
2023-10-02 00:00:00-05:00,17.309999465942383,18.549999237060547,16.93000030517578,17.610000610351562,0,0.0,0.0,0.5136994876504541
2023-10-03 00:00:00-05:00,17.809999465942383,20.479999542236328,17.520000457763672,19.780000686645508,0,0.0,0.0,12.32254401523627
2023-10-04 00:00:00-05:00,20.719999313354492,20.8799991607666,18.299999237060547,18.579999923706055,0,0.0,0.0,-6.06673772134717
2023-10-05 00:00:00-05:00,18.670000076293945,19.579999923706055,18.260000228881836,18.489999771118164,0,0.0,0.0,-0.4843926423974909
2023-10-06 00:00:00-05:00,18.729999542236328,19.93000030517578,17.190000534057617,17.450000762939453,0,0.0,0.0,-5.624656684978524
2023-10-09 00:00:00-05:00,19.540000915527344,19.600000381469727,17.559999465942383,17.700000762939453,0,0.0,0.0,1.432664693808805
2023-10-10 00:00:00-05:00,17.700000762939453,17.860000610351562,16.510000228881836,17.030000686645508,0,0.0,0.0,-3.7853110023407632
2023-10-11 00:00:00-05:00,16.950000762939453,17.780000686645508,16.09000015258789,16.09000015258789,0,0.0,0.0,-5.519674081955506
2023-10-12 00:00:00-05:00,16.079999923706055,18.079999923706055,15.4399995803833,16.690000534057617,0,0.0,0.0,3.729026574143468
2023-10-13 00:00:00-05:00,16.530000686645508,20.780000686645508,16.5,19.31999969482422,0,0.0,0.0,15.757933352966802
2023-10-16 00:00:00-05:00,19.100000381469727,19.56999969482422,17.139999389648438,17.209999084472656,0,0.0,0.0,-10.921328383441054
2023-10-17 00:00:00-05:00,17.40999984741211,18.540000915527344,16.969999313354492,17.8799991607666,0,0.0,0.0,3.8930860658699107
2023-10-18 00:00:00-05:00,18.360000610351562,20.149999618530273,17.8799991607666,19.219999313354492,0,0.0,0.0,7.494408364001504
2023-10-19 00:00:00-05:00,19.729999542236328,21.399999618530273,18.549999237060547,21.399999618530273,0,0.0,0.0,11.342353709976805
2023-10-20 00:00:00-05:00,21.59000015258789,21.829999923706055,20.420000076293945,21.709999084472656,0,0.0,0.0,1.448595661066987
2023-10-23 00:00:00-05:00,21.829999923706055,23.079999923706055,19.479999542236328,20.3700008392334,0,0.0,0.0,-6.172263020488311
2023-10-24 00:00:00-05:00,20.030000686645508,20.239999771118164,18.649999618530273,18.969999313354492,0,0.0,0.0,-6.872859441333212
2023-10-25 00:00:00-05:00,19.389999389648438,21.239999771118164,18.860000610351562,20.190000534057617,0,0.0,0.0,6.43121383691494
2023-10-26 00:00:00-05:00,21.780000686645508,21.959999084472656,20.219999313354492,20.68000030517578,0,0.0,0.0,2.4269428338627552
2023-10-27 00:00:00-05:00,20.389999389648438,22.06999969482422,19.719999313354492,21.270000457763672,0,0.0,0.0,2.852998761514658
2023-10-30 00:00:00-05:00,21.1299991607666,21.15999984741211,19.549999237060547,19.75,0,0.0,0.0,-7.14621732510995
2023-10-31 00:00:00-05:00,19.860000610351562,19.860000610351562,17.969999313354492,18.139999389648438,0,0.0,0.0,-8.151901824564877
2023-11-01 00:00:00-05:00,18.020000457763672,18.420000076293945,16.6299991607666,16.8700008392334,0,0.0,0.0,-7.0010947802995105
2023-11-02 00:00:00-05:00,16.59000015258789,16.6200008392334,15.579999923706055,15.65999984741211,0,0.0,0.0,-7.172501076628713
2023-11-03 00:00:00-05:00,15.699999809265137,15.829999923706055,14.90999984741211,14.90999984741211,0,0.0,0.0,-4.789272077317042
2023-11-06 00:00:00-06:00,15.390000343322754,15.579999923706055,14.84000015258789,14.890000343322754,0,0.0,0.0,-0.13413483765277734
2023-11-07 00:00:00-06:00,15.100000381469727,15.170000076293945,14.710000038146973,14.8100004196167,0,0.0,0.0,-0.5372728130387805
2023-11-08 00:00:00-06:00,14.90999984741211,15.09000015258789,14.300000190734863,14.449999809265137,0,0.0,0.0,-2.430794059092134
2023-11-09 00:00:00-06:00,14.609999656677246,15.569999694824219,14.130000114440918,15.289999961853027,0,0.0,0.0,5.813149921630401
2023-11-10 00:00:00-06:00,15.09000015258789,15.449999809265137,14.15999984741211,14.170000076293945,0,0.0,0.0,-7.325048321473949
2023-11-13 00:00:00-06:00,15.15999984741211,15.1899995803833,14.579999923706055,14.760000228881836,0,0.0,0.0,4.163727236494141
2023-11-14 00:00:00-06:00,14.829999923706055,14.859999656677246,13.90999984741211,14.15999984741211,0,0.0,0.0,-4.065043171853533
2023-11-15 00:00:00-06:00,14.210000038146973,14.350000381469727,13.970000267028809,14.180000305175781,0,0.0,0.0,0.14124617216946245
2023-11-16 00:00:00-06:00,14.119999885559082,14.420000076293945,13.680000305175781,14.319999694824219,0,0.0,0.0,0.9873017393189798
2023-11-17 00:00:00-06:00,14.180000305175781,14.1899995803833,13.670000076293945,13.800000190734863,0,0.0,0.0,-3.631281530524766
2023-11-20 00:00:00-06:00,14.260000228881836,14.3100004196167,13.390000343322754,13.40999984741211,0,0.0,0.0,-2.8260894053073637
2023-11-21 00:00:00-06:00,13.449999809265137,14.3100004196167,13.130000114440918,13.350000381469727,0,0.0,0.0,-0.44742331562338533
2023-11-22 00:00:00-06:00,13.079999923706055,13.25,12.819999694824219,12.850000381469727,0,0.0,0.0,-3.7453182450392863
2023-11-24 00:00:00-06:00,13.029999732971191,13.170000076293945,12.449999809265137,12.460000038146973,0,0.0,0.0,-3.03502203692656
2023-11-27 00:00:00-06:00,13.140000343322754,13.279999732971191,12.640000343322754,12.6899995803833,0,0.0,0.0,1.8459032225695893
2023-11-28 00:00:00-06:00,12.779999732971191,14.300000190734863,12.5600004196167,12.6899995803833,0,0.0,0.0,0.0
2023-11-29 00:00:00-06:00,12.710000038146973,13.100000381469727,12.479999542236328,12.979999542236328,0,0.0,0.0,2.285263762351275
2023-11-30 00:00:00-06:00,13.069999694824219,13.390000343322754,12.819999694824219,12.920000076293945,0,0.0,0.0,-0.4622455166284678
2023-12-01 00:00:00-06:00,12.9399995803833,12.960000038146973,12.479999542236328,12.630000114440918,0,0.0,0.0,-2.2445817348339614
2023-12-04 00:00:00-06:00,13.279999732971191,13.699999809265137,12.979999542236328,13.079999923706055,0,0.0,0.0,3.562943825713938
2023-12-05 00:00:00-06:00,13.260000228881836,13.760000228881836,12.8100004196167,12.850000381469727,0,0.0,0.0,-1.7584062964670188
2023-12-06 00:00:00-06:00,12.779999732971191,13.029999732971191,12.640000343322754,12.970000267028809,0,0.0,0.0,0.9338512217643702
2023-12-07 00:00:00-06:00,13.170000076293945,13.279999732971191,12.949999809265137,13.0600004196167,0,0.0,0.0,0.693910182998847
2023-12-08 00:00:00-06:00,13.140000343322754,13.239999771118164,12.350000381469727,12.350000381469727,0,0.0,0.0,-5.436447284339452
2023-12-11 00:00:00-06:00,13.050000190734863,13.140000343322754,12.609999656677246,12.630000114440918,0,0.0,0.0,2.2672042455262664
2023-12-12 00:00:00-06:00,12.6899995803833,12.739999771118164,11.8100004196167,12.069999694824219,0,0.0,0.0,-4.4338908514846676
2023-12-13 00:00:00-06:00,12.199999809265137,12.460000038146973,11.819999694824219,12.1899995803833,0,0.0,0.0,0.9941995740939458
2023-12-14 00:00:00-06:00,11.960000038146973,12.739999771118164,11.84000015258789,12.479999542236328,0,0.0,0.0,2.3789989486111995
2023-12-15 00:00:00-06:00,12.119999885559082,12.539999961853027,12.010000228881836,12.279999732971191,0,0.0,0.0,-1.6025626330215204
2023-12-18 00:00:00-06:00,12.619999885559082,12.640000343322754,12.399999618530273,12.5600004196167,0,0.0,0.0,2.280135934316996
2023-12-19 00:00:00-06:00,12.600000381469727,12.600000381469727,12.329999923706055,12.529999732971191,0,0.0,0.0,-0.23885896212750835
2023-12-20 00:00:00-06:00,12.630000114440918,13.930000305175781,12.289999961853027,13.670000076293945,0,0.0,0.0,9.09816733932547
2023-12-21 00:00:00-06:00,13.399999618530273,14.489999771118164,13.34000015258789,13.649999618530273,0,0.0,0.0,-0.14630912693524012
2023-12-22 00:00:00-06:00,13.720000267028809,13.960000038146973,13.0,13.029999732971191,0,0.0,0.0,-4.542123830666
2023-12-26 00:00:00-06:00,13.770000457763672,13.800000190734863,12.960000038146973,12.989999771118164,0,0.0,0.0,-0.3069835968746104
2023-12-27 00:00:00-06:00,13.020000457763672,13.039999961853027,12.369999885559082,12.430000305175781,0,0.0,0.0,-4.311004432713538
2023-12-28 00:00:00-06:00,12.4399995803833,12.649999618530273,12.380000114440918,12.470000267028809,0,0.0,0.0,0.32180177691847334
2023-12-29 00:00:00-06:00,12.550000190734863,13.1899995803833,12.359999656677246,12.449999809265137,0,0.0,0.0,-0.1603885913022296
2024-01-02 00:00:00-06:00,13.220000267028809,14.229999542236328,13.100000381469727,13.199999809265137,0,0.0,0.0,6.024096477831753
2024-01-03 00:00:00-06:00,13.350000381469727,14.220000267028809,13.329999923706055,14.039999961853027,0,0.0,0.0,6.363637611557316
2024-01-04 00:00:00-06:00,13.930000305175781,14.199999809265137,13.640000343322754,14.130000114440918,0,0.0,0.0,0.6410267295756666
2024-01-05 00:00:00-06:00,14.239999771118164,14.579999923706055,13.289999961853027,13.350000381469727,0,0.0,0.0,-5.520167916870921
2024-01-08 00:00:00-06:00,14.0,14.180000305175781,13.020000457763672,13.079999923706055,0,0.0,0.0,-2.0224752812624813
2024-01-09 00:00:00-06:00,13.199999809265137,13.449999809265137,12.739999771118164,12.760000228881836,0,0.0,0.0,-2.446480861549971
2024-01-10 00:00:00-06:00,12.859999656677246,12.949999809265137,12.670000076293945,12.6899995803833,0,0.0,0.0,-0.548594414129322
2024-01-11 00:00:00-06:00,12.640000343322754,13.3100004196167,12.350000381469727,12.4399995803833,0,0.0,0.0,-1.9700552266877946
2024-01-12 00:00:00-06:00,12.65999984741211,13.079999923706055,12.470000267028809,12.699999809265137,0,0.0,0.0,2.0900340647264315
2024-01-16 00:00:00-06:00,14.119999885559082,14.350000381469727,13.520000457763672,13.84000015258789,0,0.0,0.0,8.9763807908964
2024-01-17 00:00:00-06:00,14.59000015258789,15.399999618530273,14.380000114440918,14.789999961853027,0,0.0,0.0,6.864160395890595
2024-01-18 00:00:00-06:00,14.850000381469727,14.890000343322754,13.890000343322754,14.130000114440918,0,0.0,0.0,-4.462473624843866
2024-01-19 00:00:00-06:00,13.800000190734863,14.579999923706055,13.279999732971191,13.300000190734863,0,0.0,0.0,-5.874026305617585
2024-01-22 00:00:00-06:00,13.770000457763672,13.84000015258789,13.170000076293945,13.1899995803833,0,0.0,0.0,-0.827072246421412
2024-01-23 00:00:00-06:00,13.199999809265137,13.289999961853027,12.529999732971191,12.550000190734863,0,0.0,0.0,-4.852156254805884
2024-01-24 00:00:00-06:00,12.65999984741211,13.180000305175781,12.40999984741211,13.140000343322754,0,0.0,0.0,4.701196363514493
2024-01-25 00:00:00-06:00,13.180000305175781,13.579999923706055,13.0600004196167,13.449999809265137,0,0.0,0.0,2.359204397585213
2024-01-26 00:00:00-06:00,13.729999542236328,14.100000381469727,13.199999809265137,13.260000228881836,0,0.0,0.0,-1.412636305410342
2024-01-29 00:00:00-06:00,13.979999542236328,15.350000381469727,13.59000015258789,13.600000381469727,0,0.0,0.0,2.564103670581619
2024-01-30 00:00:00-06:00,13.6899995803833,13.739999771118164,13.229999542236328,13.3100004196167,0,0.0,0.0,-2.132352600873144
2024-01-31 00:00:00-06:00,13.420000076293945,14.609999656677246,13.180000305175781,14.350000381469727,0,0.0,0.0,7.813673396435372
2024-02-01 00:00:00-06:00,14.210000038146973,14.630000114440918,13.869999885559082,13.880000114440918,0,0.0,0.0,-3.275263097802583
2024-02-02 00:00:00-06:00,13.949999809265137,14.229999542236328,13.390000343322754,13.850000381469727,0,0.0,0.0,-0.21613640290952807
2024-02-05 00:00:00-06:00,14.369999885559082,14.529999732971191,13.579999923706055,13.670000076293945,0,0.0,0.0,-1.2996411568089838
2024-02-06 00:00:00-06:00,13.569999694824219,13.779999732971191,12.979999542236328,13.0600004196167,0,0.0,0.0,-4.4623237254774235
2024-02-07 00:00:00-06:00,13.0600004196167,13.130000114440918,12.8100004196167,12.829999923706055,0,0.0,0.0,-1.7611063439567198
2024-02-08 00:00:00-06:00,12.949999809265137,13.170000076293945,12.739999771118164,12.789999961853027,0,0.0,0.0,-0.3117689952524372
2024-02-09 00:00:00-06:00,12.789999961853027,13.010000228881836,12.6899995803833,12.930000305175781,0,0.0,0.0,1.0946078478523358
2024-02-12 00:00:00-06:00,13.479999542236328,13.9399995803833,13.34000015258789,13.930000305175781,0,0.0,0.0,7.733951866959421
2024-02-13 00:00:00-06:00,13.960000038146973,17.940000534057617,13.430000305175781,15.850000381469727,0,0.0,0.0,13.783201968635694
2024-02-14 00:00:00-06:00,15.380000114440918,15.470000267028809,14.220000267028809,14.380000114440918,0,0.0,0.0,-9.274449411038432
2024-02-15 00:00:00-06:00,14.270000457763672,14.640000343322754,13.9399995803833,14.010000228881836,0,0.0,0.0,-2.573017264356725
2024-02-16 00:00:00-06:00,13.9399995803833,14.710000038146973,13.75,14.239999771118164,0,0.0,0.0,1.6416812168366768
2024-02-20 00:00:00-06:00,15.09000015258789,15.90999984741211,15.069999694824219,15.420000076293945,0,0.0,0.0,8.2865191302115
2024-02-21 00:00:00-06:00,15.539999961853027,16.1200008392334,15.220000267028809,15.34000015258789,0,0.0,0.0,-0.5188062471480959
2024-02-22 00:00:00-06:00,14.279999732971191,14.640000343322754,14.119999885559082,14.539999961853027,0,0.0,0.0,-5.215125050698921
2024-02-23 00:00:00-06:00,14.3100004196167,14.3100004196167,13.640000343322754,13.75,0,0.0,0.0,-5.433287234701945
2024-02-26 00:00:00-06:00,14.170000076293945,14.199999809265137,13.65999984741211,13.739999771118164,0,0.0,0.0,-0.07272893732244157
2024-02-27 00:00:00-06:00,13.630000114440918,13.75,13.40999984741211,13.430000305175781,0,0.0,0.0,-2.2561824680231046
2024-02-28 00:00:00-06:00,13.520000457763672,13.899999618530273,13.4399995803833,13.84000015258789,0,0.0,0.0,3.0528655107632474
2024-02-29 00:00:00-06:00,14.140000343322754,14.149999618530273,13.300000190734863,13.399999618530273,0,0.0,0.0,-3.179194575191846
2024-03-01 00:00:00-06:00,13.34000015258789,13.65999984741211,13.079999923706055,13.109999656677246,0,0.0,0.0,-2.1641788814083185
2024-03-04 00:00:00-06:00,13.489999771118164,13.579999923706055,13.319999694824219,13.489999771118164,0,0.0,0.0,2.898551673472971
2024-03-05 00:00:00-06:00,13.75,15.100000381469727,13.75,14.460000038146973,0,0.0,0.0,7.190513591449865
2024-03-06 00:00:00-06:00,14.270000457763672,14.930000305175781,13.890000343322754,14.5,0,0.0,0.0,0.27662490835065334
2024-03-07 00:00:00-06:00,14.979999542236328,14.979999542236328,14.25,14.4399995803833,0,0.0,0.0,-0.4137959973565475
2024-03-08 00:00:00-06:00,14.220000267028809,15.529999732971191,13.970000267028809,14.739999771118164,0,0.0,0.0,2.0775637081209553
2024-03-11 00:00:00-05:00,15.510000228881836,16.040000915527344,15.130000114440918,15.220000267028809,0,0.0,0.0,3.2564484624427736
2024-03-12 00:00:00-05:00,14.970000267028809,15.199999809265137,13.8100004196167,13.84000015258789,0,0.0,0.0,-9.067017675620026
2024-03-13 00:00:00-05:00,13.890000343322754,14.039999961853027,13.670000076293945,13.75,0,0.0,0.0,-0.650290112685159
2024-03-14 00:00:00-05:00,13.619999885559082,15.329999923706055,13.420000076293945,14.399999618530273,0,0.0,0.0,4.727269952947433
2024-03-15 00:00:00-05:00,14.329999923706055,15.529999732971191,14.140000343322754,14.40999984741211,0,0.0,0.0,0.06944603574132735
2024-03-18 00:00:00-05:00,14.75,14.850000381469727,14.260000228881836,14.329999923706055,0,0.0,0.0,-0.5551694972461885
2024-03-19 00:00:00-05:00,14.5,14.859999656677246,13.800000190734863,13.819999694824219,0,0.0,0.0,-3.5589688178444767
2024-03-20 00:00:00-05:00,13.829999923706055,14.170000076293945,13.010000228881836,13.039999961853027,0,0.0,0.0,-5.643992403728582
2024-03-21 00:00:00-05:00,12.979999542236328,13.079999923706055,12.399999618530273,12.920000076293945,0,0.0,0.0,-0.9202445238506662
2024-03-22 00:00:00-05:00,12.920000076293945,13.149999618530273,12.579999923706055,13.0600004196167,0,0.0,0.0,1.0835939821674634
2024-03-25 00:00:00-05:00,13.670000076293945,13.670000076293945,13.109999656677246,13.1899995803833,0,0.0,0.0,0.9953993613303291
2024-03-26 00:00:00-05:00,13.119999885559082,13.430000305175781,12.84000015258789,13.239999771118164,0,0.0,0.0,0.3790765149775055
2024-03-27 00:00:00-05:00,13.130000114440918,13.34000015258789,12.65999984741211,12.779999732971191,0,0.0,0.0,-3.4743205898720597
2024-03-28 00:00:00-05:00,12.930000305175781,13.100000381469727,12.84000015258789,13.010000228881836,0,0.0,0.0,1.7996909289228258
2024-04-01 00:00:00-05:00,13.609999656677246,14.149999618530273,13.550000190734863,13.649999618530273,0,0.0,0.0,4.919288073705452
2024-04-02 00:00:00-05:00,13.739999771118164,15.430000305175781,13.680000305175781,14.609999656677246,0,0.0,0.0,7.03296750897886
2024-04-03 00:00:00-05:00,15.0,15.180000305175781,14.25,14.329999923706055,0,0.0,0.0,-1.9164937683158856
2024-04-04 00:00:00-05:00,14.289999961853027,16.920000076293945,13.739999771118164,16.350000381469727,0,0.0,0.0,14.096304734949738
2024-04-05 00:00:00-05:00,16.450000762939453,16.75,15.529999732971191,16.030000686645508,0,0.0,0.0,-1.9571846321599473
2024-04-08 00:00:00-05:00,16.239999771118164,16.5,15.109999656677246,15.1899995803833,0,0.0,0.0,-5.240181349224815
2024-04-09 00:00:00-05:00,15.34000015258789,16.6299991607666,14.9399995803833,14.979999542236328,0,0.0,0.0,-1.3824887685854326
2024-04-10 00:00:00-05:00,15.239999771118164,16.6200008392334,14.59000015258789,15.800000190734863,0,0.0,0.0,5.473969783420429
2024-04-11 00:00:00-05:00,16.020000457763672,17.610000610351562,14.90999984741211,14.90999984741211,0,0.0,0.0,-5.632913497334324
2024-04-12 00:00:00-05:00,14.90999984741211,19.200000762939453,14.90999984741211,17.309999465942383,0,0.0,0.0,16.09657708311001
2024-04-15 00:00:00-05:00,16.940000534057617,19.459999084472656,16.260000228881836,19.229999542236328,0,0.0,0.0,11.091855202373434
2024-04-16 00:00:00-05:00,19.489999771118164,19.559999465942383,17.639999389648438,18.399999618530273,0,0.0,0.0,-4.316172352906522
2024-04-17 00:00:00-05:00,18.239999771118164,19.110000610351562,17.540000915527344,18.209999084472656,0,0.0,0.0,-1.0326116195473745
2024-04-18 00:00:00-05:00,17.90999984741211,18.3700008392334,17.209999084472656,18.0,0,0.0,0.0,-1.1532075509642303
2024-04-19 00:00:00-05:00,21.329999923706055,21.360000610351562,18.170000076293945,18.709999084472656,0,0.0,0.0,3.9444393581814285
2024-04-22 00:00:00-05:00,18.59000015258789,18.719999313354492,16.690000534057617,16.940000534057617,0,0.0,0.0,-9.460174436266822
2024-04-23 00:00:00-05:00,16.719999313354492,16.760000228881836,15.6899995803833,15.6899995803833,0,0.0,0.0,-7.378990048797274
2024-04-24 00:00:00-05:00,15.760000228881836,16.3799991607666,15.579999923706055,15.970000267028809,0,0.0,0.0,1.7845805872141796
2024-04-25 00:00:00-05:00,16.25,17.549999237060547,15.270000457763672,15.369999885559082,0,0.0,0.0,-3.757046784203688
2024-04-26 00:00:00-05:00,15.489999771118164,16.059999465942383,14.920000076293945,15.029999732971191,0,0.0,0.0,-2.2121025056567434
2024-04-29 00:00:00-05:00,15.369999885559082,15.420000076293945,14.630000114440918,14.670000076293945,0,0.0,0.0,-2.3952073391426465
2024-04-30 00:00:00-05:00,14.819999694824219,15.899999618530273,14.670000076293945,15.649999618530273,0,0.0,0.0,6.6802967766848464
2024-05-01 00:00:00-05:00,15.75,16.219999313354492,14.350000381469727,15.390000343322754,0,0.0,0.0,-1.6613372622684919
2024-05-02 00:00:00-05:00,15.140000343322754,16.09000015258789,14.600000381469727,14.680000305175781,0,0.0,0.0,-4.613385460092079
2024-05-03 00:00:00-05:00,14.510000228881836,14.579999923706055,13.479999542236328,13.489999771118164,0,0.0,0.0,-8.106270499449886
2024-05-06 00:00:00-05:00,13.979999542236328,14.020000457763672,13.4399995803833,13.489999771118164,0,0.0,0.0,0.0
2024-05-07 00:00:00-05:00,13.520000457763672,13.640000343322754,13.15999984741211,13.229999542236328,0,0.0,0.0,-1.927355324634561
2024-05-08 00:00:00-05:00,13.239999771118164,13.510000228881836,12.9399995803833,13.0,0,0.0,0.0,-1.7384697671535276
2024-05-09 00:00:00-05:00,13.079999923706055,13.289999961853027,12.680000305175781,12.6899995803833,0,0.0,0.0,-2.3846186124361513
2024-05-10 00:00:00-05:00,12.770000457763672,12.960000038146973,12.5,12.550000190734863,0,0.0,0.0,-1.1032261172400193
2024-05-13 00:00:00-05:00,13.260000228881836,13.65999984741211,13.25,13.600000381469727,0,0.0,0.0,8.366535257186957
2024-05-14 00:00:00-05:00,13.710000038146973,14.029999732971191,13.270000457763672,13.420000076293945,0,0.0,0.0,-1.3235316185802093
2024-05-15 00:00:00-05:00,13.729999542236328,13.9399995803833,12.380000114440918,12.449999809265137,0,0.0,0.0,-7.228019832446108
2024-05-16 00:00:00-05:00,12.520000457763672,12.670000076293945,12.329999923706055,12.420000076293945,0,0.0,0.0,-0.24096171430353364
2024-05-17 00:00:00-05:00,12.279999732971191,12.479999542236328,11.90999984741211,11.989999771118164,0,0.0,0.0,-3.4621602458483336
2024-05-20 00:00:00-05:00,12.270000457763672,12.59000015258789,12.069999694824219,12.149999618530273,0,0.0,0.0,1.334444123990064
2024-05-21 00:00:00-05:00,12.300000190734863,12.5600004196167,11.84000015258789,11.859999656677246,0,0.0,0.0,-2.3868310366918943
2024-05-22 00:00:00-05:00,12.050000190734863,12.8100004196167,11.779999732971191,12.289999961853027,0,0.0,0.0,3.625635055846632
2024-05-23 00:00:00-05:00,11.529999732971191,13.369999885559082,11.520000457763672,12.770000457763672,0,0.0,0.0,3.905618367782915
2024-05-24 00:00:00-05:00,12.859999656677246,12.890000343322754,11.890000343322754,11.930000305175781,0,0.0,0.0,-6.577917952048329
2024-05-28 00:00:00-05:00,12.510000228881836,13.4399995803833,12.359999656677246,12.920000076293945,0,0.0,0.0,8.298405245544348
2024-05-29 00:00:00-05:00,13.75,14.319999694824219,13.6899995803833,14.279999732971191,0,0.0,0.0,10.526313070017856
2024-05-30 00:00:00-05:00,14.819999694824219,14.880000114440918,13.670000076293945,14.470000267028809,0,0.0,0.0,1.330535977664793
2024-05-31 00:00:00-05:00,14.5,14.869999885559082,12.84000015258789,12.920000076293945,0,0.0,0.0,-10.711818674023643
2024-06-03 00:00:00-05:00,13.079999923706055,14.3100004196167,13.0,13.109999656677246,0,0.0,0.0,1.4705849788028802
2024-06-04 00:00:00-05:00,13.510000228881836,14.079999923706055,13.109999656677246,13.15999984741211,0,0.0,0.0,0.3813897181103032
2024-06-05 00:00:00-05:00,13.140000343322754,13.25,12.600000381469727,12.630000114440918,0,0.0,0.0,-4.027353640702469
2024-06-06 00:00:00-05:00,12.75,12.979999542236328,12.539999961853027,12.579999923706055,0,0.0,0.0,-0.39588432527165596
2024-06-07 00:00:00-05:00,12.6899995803833,13.079999923706055,12.109999656677246,12.220000267028809,0,0.0,0.0,-2.8616825028659476
2024-06-10 00:00:00-05:00,13.09000015258789,13.279999732971191,12.619999885559082,12.739999771118164,0,0.0,0.0,4.2553149977613725
2024-06-11 00:00:00-05:00,12.850000381469727,13.470000267028809,12.779999732971191,12.850000381469727,0,0.0,0.0,0.8634270983343129
2024-06-12 00:00:00-05:00,13.100000381469727,13.149999618530273,11.9399995803833,12.039999961853027,0,0.0,0.0,-6.303505023896772
2024-06-13 00:00:00-05:00,12.050000190734863,12.680000305175781,11.880000114440918,11.9399995803833,0,0.0,0.0,-0.8305679550378975
2024-06-14 00:00:00-05:00,12.220000267028809,13.449999809265137,12.119999885559082,12.65999984741211,0,0.0,0.0,6.0301532021133974
2024-06-17 00:00:00-05:00,13.069999694824219,13.289999961853027,12.5,12.75,0,0.0,0.0,0.7109016877775653
2024-06-18 00:00:00-05:00,12.699999809265137,12.739999771118164,12.239999771118164,12.300000190734863,0,0.0,0.0,-3.5294102687461693
2024-06-20 00:00:00-05:00,12.5,13.550000190734863,12.180000305175781,13.279999732971191,0,0.0,0.0,7.967475829590032
2024-06-21 00:00:00-05:00,13.220000267028809,13.779999732971191,12.989999771118164,13.199999809265137,0,0.0,0.0,-0.6024090761646117
2024-06-24 00:00:00-05:00,13.850000381469727,13.880000114440918,13.149999618530273,13.329999923706055,0,0.0,0.0,0.9848493660558288
2024-06-25 00:00:00-05:00,13.479999542236328,13.520000457763672,12.84000015258789,12.84000015258789,0,0.0,0.0,-3.675917283740937
2024-06-26 00:00:00-05:00,12.8100004196167,13.239999771118164,12.369999885559082,12.550000190734863,0,0.0,0.0,-2.2585666542580096
2024-06-27 00:00:00-05:00,12.6899995803833,12.770000457763672,12.210000038146973,12.239999771118164,0,0.0,0.0,-2.4701228279307874
2024-06-28 00:00:00-05:00,12.239999771118164,12.760000228881836,11.869999885559082,12.4399995803833,0,0.0,0.0,1.633985400367921
2024-07-01 00:00:00-05:00,12.979999542236328,13.260000228881836,12.100000381469727,12.220000267028809,0,0.0,0.0,-1.7684832859754307
2024-07-02 00:00:00-05:00,12.670000076293945,12.880000114440918,11.850000381469727,12.029999732971191,0,0.0,0.0,-1.5548324869538943
2024-07-03 00:00:00-05:00,12.130000114440918,12.229999542236328,11.949999809265137,12.09000015258789,0,0.0,0.0,0.49875661636344937
2024-07-05 00:00:00-05:00,12.369999885559082,12.609999656677246,11.84000015258789,12.479999542236328,0,0.0,0.0,3.225801362500036
2024-07-08 00:00:00-05:00,12.90999984741211,12.90999984741211,12.3100004196167,12.369999885559082,0,0.0,0.0,-0.8814075377564845
2024-07-09 00:00:00-05:00,12.479999542236328,12.609999656677246,12.350000381469727,12.510000228881836,0,0.0,0.0,1.131773198205055
2024-07-10 00:00:00-05:00,12.510000228881836,12.920000076293945,12.390000343322754,12.850000381469727,0,0.0,0.0,2.717826909410692
2024-07-11 00:00:00-05:00,12.880000114440918,13.329999923706055,12.229999542236328,12.920000076293945,0,0.0,0.0,0.544744690631771
2024-07-12 00:00:00-05:00,12.869999885559082,12.890000343322754,12.109999656677246,12.460000038146973,0,0.0,0.0,-3.5603717912586985
2024-07-15 00:00:00-05:00,12.779999732971191,13.260000228881836,12.75,13.119999885559082,0,0.0,0.0,5.29694899993165
2024-07-16 00:00:00-05:00,13.380000114440918,13.470000267028809,12.949999809265137,13.1899995803833,0,0.0,0.0,0.5335342639847473
2024-07-17 00:00:00-05:00,13.600000381469727,14.880000114440918,13.539999961853027,14.479999542236328,0,0.0,0.0,9.780136488947022
2024-07-18 00:00:00-05:00,14.270000457763672,16.43000030517578,14.079999923706055,15.930000305175781,0,0.0,0.0,10.013817740186969
2024-07-19 00:00:00-05:00,16.440000534057617,17.190000534057617,10.619999885559082,16.520000457763672,0,0.0,0.0,3.7037045906157084
2024-07-22 00:00:00-05:00,16.790000915527344,16.889999389648438,14.75,14.90999984741211,0,0.0,0.0,-9.745766136434542
2024-07-23 00:00:00-05:00,15.210000038146973,15.350000381469727,13.899999618530273,14.720000267028809,0,0.0,0.0,-1.2743097406287318
2024-07-24 00:00:00-05:00,15.350000381469727,18.459999084472656,15.180000305175781,18.040000915527344,0,0.0,0.0,22.554351822499452
2024-07-25 00:00:00-05:00,18.40999984741211,19.360000610351562,16.420000076293945,18.459999084472656,0,0.0,0.0,2.3281493771090345
2024-07-26 00:00:00-05:00,17.969999313354492,18.049999237060547,16.3700008392334,16.389999389648438,0,0.0,0.0,-11.213433355830272
2024-07-29 00:00:00-05:00,16.59000015258789,17.209999084472656,16.229999542236328,16.600000381469727,0,0.0,0.0,1.2812751655983723
2024-07-30 00:00:00-05:00,16.639999389648438,18.31999969482422,16.260000228881836,17.690000534057617,0,0.0,0.0,6.566265828551643
2024-07-31 00:00:00-05:00,16.65999984741211,16.770000457763672,15.710000038146973,16.360000610351562,0,0.0,0.0,-7.518371303299154
2024-08-01 00:00:00-05:00,16.200000762939453,19.479999542236328,15.949999809265137,18.59000015258789,0,0.0,0.0,13.630803539367387
2024-08-02 00:00:00-05:00,20.520000457763672,29.65999984741211,20.010000228881836,23.389999389648438,0,0.0,0.0,25.82032919667483
2024-08-05 00:00:00-05:00,23.389999389648438,65.7300033569336,23.389999389648438,38.56999969482422,0,0.0,0.0,64.8995327118046
2024-08-06 00:00:00-05:00,33.709999084472656,34.77000045776367,24.020000457763672,27.709999084472656,0,0.0,0.0,-28.156600197766878
2024-08-07 00:00:00-05:00,24.770000457763672,29.760000228881836,21.969999313354492,27.850000381469727,0,0.0,0.0,0.5052374652567915
2024-08-08 00:00:00-05:00,28.34000015258789,29.469999313354492,23.360000610351562,23.790000915527344,0,0.0,0.0,-14.57809483063327
2024-08-09 00:00:00-05:00,23.780000686645508,24.520000457763672,20.260000228881836,20.3700008392334,0,0.0,0.0,-14.37578791374391
2024-08-12 00:00:00-05:00,20.790000915527344,21.190000534057617,18.889999389648438,20.709999084472656,0,0.0,0.0,1.669112573546916
2024-08-13 00:00:00-05:00,20.059999465942383,20.790000915527344,17.950000762939453,18.1200008392334,0,0.0,0.0,-12.506027811373066
2024-08-14 00:00:00-05:00,18.40999984741211,18.489999771118164,16.1200008392334,16.190000534057617,0,0.0,0.0,-10.651215318914042
2024-08-15 00:00:00-05:00,16.270000457763672,16.68000030517578,14.770000457763672,15.229999542236328,0,0.0,0.0,-5.929592094835401
2024-08-16 00:00:00-05:00,15.289999961853027,15.760000228881836,14.649999618530273,14.800000190734863,0,0.0,0.0,-2.8233707447526624
2024-08-19 00:00:00-05:00,15.9399995803833,16.06999969482422,14.460000038146973,14.649999618530273,0,0.0,0.0,-1.013517366699046
2024-08-20 00:00:00-05:00,14.890000343322754,15.930000305175781,14.779999732971191,15.880000114440918,0,0.0,0.0,8.395908040535783
2024-08-21 00:00:00-05:00,16.25,17.170000076293945,15.920000076293945,16.270000457763672,0,0.0,0.0,2.4559215397492062
2024-08-22 00:00:00-05:00,16.270000457763672,18.059999465942383,15.760000228881836,17.549999237060547,0,0.0,0.0,7.867232595473528
2024-08-23 00:00:00-05:00,17.1200008392334,17.209999084472656,15.609999656677246,15.859999656677246,0,0.0,0.0,-9.629627657273677
2024-08-26 00:00:00-05:00,16.270000457763672,16.670000076293945,15.8100004196167,16.149999618530273,0,0.0,0.0,1.8284991685414864
2024-08-27 00:00:00-05:00,16.209999084472656,16.809999465942383,15.369999885559082,15.430000305175781,0,0.0,0.0,-4.4582001879948985
2024-08-28 00:00:00-05:00,15.510000228881836,17.889999389648438,15.460000038146973,17.110000610351562,0,0.0,0.0,10.887882514248881
2024-08-29 00:00:00-05:00,16.540000915527344,16.56999969482422,15.1899995803833,15.649999618530273,0,0.0,0.0,-8.53302711712346
2024-08-30 00:00:00-05:00,15.670000076293945,16.040000915527344,14.779999732971191,15.0,0,0.0,0.0,-4.153352296319845
2024-09-03 00:00:00-05:00,15.760000228881836,21.989999771118164,15.710000038146973,20.719999313354492,0,0.0,0.0,38.13332875569662
2024-09-04 00:00:00-05:00,23.200000762939453,23.309999465942383,19.34000015258789,21.31999969482422,0,0.0,0.0,2.8957548327861904
2024-09-05 00:00:00-05:00,20.75,21.530000686645508,19.209999084472656,19.899999618530273,0,0.0,0.0,-6.660413211162819
2024-09-06 00:00:00-05:00,21.979999542236328,23.760000228881836,18.829999923706055,22.3799991607666,0,0.0,0.0,12.462309496363154
2024-09-09 00:00:00-05:00,21.31999969482422,21.40999984741211,19.290000915527344,19.450000762939453,0,0.0,0.0,-13.092039802055044
2024-09-10 00:00:00-05:00,19.860000610351562,20.739999771118164,18.899999618530273,19.079999923706055,0,0.0,0.0,-1.9023178648836292
2024-09-11 00:00:00-05:00,19.40999984741211,21.40999984741211,17.549999237060547,17.690000534057617,0,0.0,0.0,-7.285112134206173
2024-09-12 00:00:00-05:00,17.6200008392334,18.59000015258789,16.889999389648438,17.06999969482422,0,0.0,0.0,-3.5048096128643014
2024-09-13 00:00:00-05:00,17.030000686645508,17.18000030517578,16.229999542236328,16.559999465942383,0,0.0,0.0,-2.9876991095463934
2024-09-16 00:00:00-05:00,17.15999984741211,17.690000534057617,16.90999984741211,17.139999389648438,0,0.0,0.0,3.5024151111773483
2024-09-17 00:00:00-05:00,17.15999984741211,18.079999923706055,16.670000076293945,17.610000610351562,0,0.0,0.0,2.7421309068831112
2024-09-18 00:00:00-05:00,17.579999923706055,19.389999389648438,17.110000610351562,18.229999542236328,0,0.0,0.0,3.520720672322497
2024-09-19 00:00:00-05:00,17.209999084472656,17.270000457763672,16.209999084472656,16.329999923706055,0,0.0,0.0,-10.422378860340853
2024-09-20 00:00:00-05:00,16.350000381469727,16.68000030517578,15.8100004196167,16.149999618530273,0,0.0,0.0,-1.1022676424785383
2024-09-23 00:00:00-05:00,16.709999084472656,16.950000762939453,15.75,15.890000343322754,0,0.0,0.0,-1.609902670890473
2024-09-24 00:00:00-05:00,15.869999885559082,16.670000076293945,15.270000457763672,15.390000343322754,0,0.0,0.0,-3.1466330345934046
2024-09-25 00:00:00-05:00,15.819999694824219,15.819999694824219,15.170000076293945,15.40999984741211,0,0.0,0.0,0.12995129072905787
2024-09-26 00:00:00-05:00,15.0600004196167,15.829999923706055,14.899999618530273,15.369999885559082,0,0.0,0.0,-0.2595714617073419
2024-09-27 00:00:00-05:00,15.640000343322754,16.969999313354492,15.199999809265137,16.959999084472656,0,0.0,0.0,10.344822451218505
2024-09-30 00:00:00-05:00,17.010000228881836,17.790000915527344,16.469999313354492,16.729999542236328,0,0.0,0.0,-1.3561294495994303
2024-10-01 00:00:00-05:00,16.959999084472656,20.729999542236328,16.610000610351562,19.260000228881836,0,0.0,0.0,15.12253888745365
2024-10-02 00:00:00-05:00,19.649999618530273,20.360000610351562,18.579999923706055,18.899999618530273,0,0.0,0.0,-1.8691620253031727
2024-10-03 00:00:00-05:00,19.6299991607666,20.75,19.15999984741211,20.489999771118164,0,0.0,0.0,8.412699389840173
2024-10-04 00:00:00-05:00,20.479999542236328,20.479999542236328,18.479999542236328,19.209999084472656,0,0.0,0.0,-6.246953152482426
2024-10-07 00:00:00-05:00,20.760000228881836,23.030000686645508,20.649999618530273,22.639999389648438,0,0.0,0.0,17.855286145995876
2024-10-08 00:00:00-05:00,22.920000076293945,23.139999389648438,21.139999389648438,21.420000076293945,0,0.0,0.0,-5.388689691892424
2024-10-09 00:00:00-05:00,21.979999542236328,22.010000228881836,20.709999084472656,20.860000610351562,0,0.0,0.0,-2.6143765823892218
2024-10-10 00:00:00-05:00,20.90999984741211,21.389999389648438,20.639999389648438,20.93000030517578,0,0.0,0.0,0.3355689970089504
2024-10-11 00:00:00-05:00,20.8700008392334,21.15999984741211,20.139999389648438,20.459999084472656,0,0.0,0.0,-2.2455863060207304
2024-10-14 00:00:00-05:00,20.860000610351562,20.860000610351562,19.690000534057617,19.700000762939453,0,0.0,0.0,-3.7145569674535084
2024-10-15 00:00:00-05:00,19.610000610351562,20.889999389648438,19.440000534057617,20.639999389648438,0,0.0,0.0,4.771566448247833
2024-10-16 00:00:00-05:00,20.770000457763672,21.010000228881836,19.450000762939453,19.579999923706055,0,0.0,0.0,-5.135656479108253
2024-10-17 00:00:00-05:00,19.549999237060547,19.649999618530273,18.8799991607666,19.110000610351562,0,0.0,0.0,-2.4004050826652468
2024-10-18 00:00:00-05:00,19.299999237060547,19.31999969482422,17.989999771118164,18.030000686645508,0,0.0,0.0,-5.651490786039204
2024-10-21 00:00:00-05:00,18.780000686645508,19.34000015258789,18.360000610351562,18.3700008392334,0,0.0,0.0,1.8857467534081795
2024-10-22 00:00:00-05:00,18.790000915527344,19.440000534057617,18.049999237060547,18.200000762939453,0,0.0,0.0,-0.9254222565459602
2024-10-23 00:00:00-05:00,18.209999084472656,20.469999313354492,18.18000030517578,19.239999771118164,0,0.0,0.0,5.714280025176999
2024-10-24 00:00:00-05:00,18.8700008392334,20.239999771118164,18.6299991607666,19.079999923706055,0,0.0,0.0,-0.8316000484173136
2024-10-25 00:00:00-05:00,19.219999313354492,20.510000228881836,18.229999542236328,20.329999923706055,0,0.0,0.0,6.551362709634656
2024-10-28 00:00:00-05:00,19.110000610351562,19.8799991607666,18.90999984741211,19.799999237060547,0,0.0,0.0,-2.6069881388808724
2024-10-29 00:00:00-05:00,19.75,20.530000686645508,19.059999465942383,19.34000015258789,0,0.0,0.0,-2.3232277888761477
2024-10-30 00:00:00-05:00,19.329999923706055,20.440000534057617,19.299999237060547,20.350000381469727,0,0.0,0.0,5.222338267389759
2024-10-31 00:00:00-05:00,21.440000534057617,23.420000076293945,21.1200008392334,23.15999984741211,0,0.0,0.0,13.808350925148428
2024-11-01 00:00:00-05:00,22.959999084472656,23.09000015258789,21.15999984741211,21.8799991607666,0,0.0,0.0,-5.526773294813014
2024-11-04 00:00:00-06:00,22.5,23.06999969482422,21.729999542236328,21.979999542236328,0,0.0,0.0,0.45704015221827987
2024-11-05 00:00:00-06:00,21.979999542236328,22.059999465942383,20.200000762939453,20.489999771118164,0,0.0,0.0,-6.778888999770039
2024-11-06 00:00:00-06:00,16.059999465942383,16.81999969482422,15.4399995803833,16.270000457763672,0,0.0,0.0,-20.595409275225197
2024-11-07 00:00:00-06:00,15.859999656677246,15.859999656677246,15.130000114440918,15.199999809265137,0,0.0,0.0,-6.5765250054922735
2024-11-08 00:00:00-06:00,15.130000114440918,15.329999923706055,14.65999984741211,14.9399995803833,0,0.0,0.0,-1.7105278430553206
2024-11-11 00:00:00-06:00,15.329999923706055,15.5600004196167,14.890000343322754,14.970000267028809,0,0.0,0.0,0.20080781451226049
2024-11-12 00:00:00-06:00,15.09000015258789,15.369999885559082,14.6899995803833,14.710000038146973,0,0.0,0.0,-1.7368084451840793
2024-11-13 00:00:00-06:00,15.09000015258789,15.260000228881836,13.770000457763672,14.020000457763672,0,0.0,0.0,-4.690683742990798
2024-11-14 00:00:00-06:00,14.170000076293945,14.319999694824219,13.59000015258789,14.3100004196167,0,0.0,0.0,2.068473269502902
2024-11-15 00:00:00-06:00,15.020000457763672,17.549999237060547,14.5600004196167,16.139999389648438,0,0.0,0.0,12.78825238553527
2024-11-18 00:00:00-06:00,16.600000381469727,17.0,15.350000381469727,15.579999923706055,0,0.0,0.0,-3.469637466662756
2024-11-19 00:00:00-06:00,15.4399995803833,17.93000030517578,15.369999885559082,16.350000381469727,0,0.0,0.0,4.942236595213734
2024-11-20 00:00:00-06:00,16.190000534057617,18.790000915527344,16.040000915527344,17.15999984741211,0,0.0,0.0,4.954125058372449
2024-11-21 00:00:00-06:00,17.100000381469727,17.989999771118164,15.729999542236328,16.8700008392334,0,0.0,0.0,-1.6899709251596895
2024-11-22 00:00:00-06:00,16.670000076293945,17.559999465942383,15.239999771118164,15.239999771118164,0,0.0,0.0,-9.66212796103989
2024-11-25 00:00:00-06:00,15.229999542236328,15.720000267028809,14.539999961853027,14.600000381469727,0,0.0,0.0,-4.199471123755016
2024-11-26 00:00:00-06:00,14.949999809265137,15.029999732971191,13.880000114440918,14.100000381469727,0,0.0,0.0,-3.42465744476691
2024-11-27 00:00:00-06:00,14.279999732971191,15.130000114440918,13.960000038146973,14.100000381469727,0,0.0,0.0,0.0
2024-11-29 00:00:00-06:00,14.0,14.149999618530273,13.489999771118164,13.510000228881836,0,0.0,0.0,-4.184398132097011
2024-12-02 00:00:00-06:00,14.079999923706055,14.100000381469727,13.300000190734863,13.34000015258789,0,0.0,0.0,-1.2583277084667777
2024-12-03 00:00:00-06:00,13.380000114440918,13.770000457763672,13.1899995803833,13.300000190734863,0,0.0,0.0,-0.2998497855734139
2024-12-04 00:00:00-06:00,13.15999984741211,13.609999656677246,12.890000343322754,13.449999809265137,0,0.0,0.0,1.127816664504766
2024-12-05 00:00:00-06:00,13.460000038146973,13.699999809265137,13.260000228881836,13.539999961853027,0,0.0,0.0,0.6691461253842901
2024-12-06 00:00:00-06:00,13.619999885559082,13.739999771118164,12.699999809265137,12.770000457763672,0,0.0,0.0,-5.6868501200791455
2024-12-09 00:00:00-06:00,13.359999656677246,14.229999542236328,13.350000381469727,14.1899995803833,0,0.0,0.0,11.119804790267839
2024-12-10 00:00:00-06:00,14.300000190734863,14.539999961853027,13.859999656677246,14.180000305175781,0,0.0,0.0,-0.07046705780979767
2024-12-11 00:00:00-06:00,14.420000076293945,14.430000305175781,13.520000457763672,13.579999923706055,0,0.0,0.0,-4.2313143057600815
2024-12-12 00:00:00-06:00,13.729999542236328,13.949999809265137,13.390000343322754,13.920000076293945,0,0.0,0.0,2.503683022813319
2024-12-13 00:00:00-06:00,13.569999694824219,14.25,13.239999771118164,13.8100004196167,0,0.0,0.0,-0.790227414327227
2024-12-16 00:00:00-06:00,14.369999885559082,14.6899995803833,13.989999771118164,14.6899995803833,0,0.0,0.0,6.372187791657047
2024-12-17 00:00:00-06:00,14.979999542236328,15.9399995803833,14.779999732971191,15.869999885559082,0,0.0,0.0,8.032677596203118
2024-12-18 00:00:00-06:00,15.569999694824219,28.31999969482422,14.819999694824219,27.6200008392334,0,0.0,0.0,74.03907396600702
2024-12-19 00:00:00-06:00,21.610000610351562,24.1200008392334,20.15999984741211,24.09000015258789,0,0.0,0.0,-12.780595870334821
2024-12-20 00:00:00-06:00,24.139999389648438,26.510000228881836,17.81999969482422,18.360000610351562,0,0.0,0.0,-23.785801186974165
2024-12-23 00:00:00-06:00,18.09000015258789,20.020000457763672,16.739999771118164,16.780000686645508,0,0.0,0.0,-8.605663786390261
2024-12-24 00:00:00-06:00,16.969999313354492,17.040000915527344,14.270000457763672,14.270000457763672,0,0.0,0.0,-14.958284422952605
2024-12-26 00:00:00-06:00,14.989999771118164,15.930000305175781,14.550000190734863,14.729999542236328,0,0.0,0.0,3.2235393813347057
2024-12-27 00:00:00-06:00,15.380000114440918,18.450000762939453,15.289999961853027,15.949999809265137,0,0.0,0.0,8.282418906603617
2024-12-30 00:00:00-06:00,17.209999084472656,19.219999313354492,16.440000534057617,17.399999618530273,0,0.0,0.0,9.090908003791021
2024-12-31 00:00:00-06:00,17.389999389648438,17.809999465942383,16.68000030517578,17.350000381469727,0,0.0,0.0,-0.2873519434293592
2025-01-02 00:00:00-06:00,17.209999084472656,19.5,16.959999084472656,17.93000030517578,0,0.0,0.0,3.342938968033171
2025-01-03 00:00:00-06:00,17.65999984741211,17.940000534057617,16.110000610351562,16.1299991607666,0,0.0,0.0,-10.039046925668938
2025-01-06 00:00:00-06:00,16.770000457763672,16.8700008392334,15.710000038146973,16.040000915527344,0,0.0,0.0,-0.5579556721748813
2025-01-07 00:00:00-06:00,16.479999542236328,18.899999618530273,15.789999961853027,17.81999969482422,0,0.0,0.0,11.097248614080613
2025-01-08 00:00:00-06:00,17.90999984741211,19.5,17.3700008392334,17.700000762939453,0,0.0,0.0,-0.6733946910202238
2025-01-10 00:00:00-06:00,18.290000915527344,20.309999465942383,18.049999237060547,19.540000915527344,0,0.0,0.0,10.39548063998117
2025-01-13 00:00:00-06:00,21.18000030517578,22.040000915527344,19.149999618530273,19.190000534057617,0,0.0,0.0,-1.7911994118260277
2025-01-14 00:00:00-06:00,18.790000915527344,19.65999984741211,18.239999771118164,18.709999084472656,0,0.0,0.0,-2.501310246099653
2025-01-15 00:00:00-06:00,19.079999923706055,19.139999389648438,15.960000038146973,16.1200008392334,0,0.0,0.0,-13.842856076827314
2025-01-16 00:00:00-06:00,15.869999885559082,16.600000381469727,15.640000343322754,16.600000381469727,0,0.0,0.0,2.9776644990494594
2025-01-17 00:00:00-06:00,16.190000534057617,16.229999542236328,15.529999732971191,15.970000267028809,0,0.0,0.0,-3.7951813250810207
2025-01-21 00:00:00-06:00,16.290000915527344,16.290000915527344,14.930000305175781,15.0600004196167,0,0.0,0.0,-5.6981830444353125
2025-01-22 00:00:00-06:00,14.890000343322754,15.289999961853027,14.59000015258789,15.100000381469727,0,0.0,0.0,0.26560398896751103
2025-01-23 00:00:00-06:00,15.279999732971191,15.390000343322754,14.59000015258789,15.020000457763672,0,0.0,0.0,-0.5298008058610915
2025-01-24 00:00:00-06:00,15.020000457763672,15.15999984741211,14.579999923706055,14.850000381469727,0,0.0,0.0,-1.1318247078086707
2025-01-27 00:00:00-06:00,18.829999923706055,22.510000228881836,17.56999969482422,17.899999618530273,0,0.0,0.0,20.538714873478558
2025-01-28 00:00:00-06:00,18.290000915527344,18.389999389648438,16.25,16.40999984741211,0,0.0,0.0,-8.324021245093771
2025-01-29 00:00:00-06:00,16.420000076293945,18.079999923706055,16.170000076293945,16.559999465942383,0,0.0,0.0,0.9140744663317601
2025-01-30 00:00:00-06:00,15.930000305175781,16.420000076293945,15.319999694824219,15.84000015258789,0,0.0,0.0,-4.347822080763086
2025-01-31 00:00:00-06:00,15.449999809265137,17.09000015258789,14.899999618530273,16.43000030517578,0,0.0,0.0,3.724748402174094
2025-02-03 00:00:00-06:00,20.360000610351562,20.420000076293945,17.65999984741211,18.6200008392334,0,0.0,0.0,13.32927871807601
2025-02-04 00:00:00-06:00,18.780000686645508,19.110000610351562,16.780000686645508,17.209999084472656,0,0.0,0.0,-7.572511768043466
2025-02-05 00:00:00-06:00,17.540000915527344,17.75,15.770000457763672,15.770000457763672,0,0.0,0.0,-8.367220821110855
2025-02-06 00:00:00-06:00,15.880000114440918,16.149999618530273,14.989999771118164,15.5,0,0.0,0.0,-1.7121144573635672
2025-02-07 00:00:00-06:00,15.380000114440918,16.65999984741211,14.789999961853027,16.540000915527344,0,0.0,0.0,6.709683325982874
2025-02-10 00:00:00-06:00,16.579999923706055,16.610000610351562,15.699999809265137,15.8100004196167,0,0.0,0.0,-4.413545680190001
2025-02-11 00:00:00-06:00,16.1299991607666,16.420000076293945,15.75,16.020000457763672,0,0.0,0.0,1.3282734508116123
2025-02-12 00:00:00-06:00,15.90999984741211,17.18000030517578,15.640000343322754,15.890000343322754,0,0.0,0.0,-0.8114863341212808
2025-02-13 00:00:00-06:00,15.970000267028809,16.329999923706055,14.979999542236328,15.100000381469727,0,0.0,0.0,-4.971679954588537
2025-02-14 00:00:00-06:00,15.079999923706055,15.420000076293945,14.739999771118164,14.770000457763672,0,0.0,0.0,-2.1854299031079605
2025-02-18 00:00:00-06:00,15.569999694824219,16.030000686645508,15.350000381469727,15.350000381469727,0,0.0,0.0,3.926878170143766
2025-02-19 00:00:00-06:00,15.140000343322754,15.960000038146973,15.050000190734863,15.270000457763672,0,0.0,0.0,-0.5211721284556381
2025-02-20 00:00:00-06:00,15.609999656677246,16.6299991607666,15.119999885559082,15.65999984741211,0,0.0,0.0,2.5540234312838583
2025-02-21 00:00:00-06:00,15.630000114440918,19.030000686645508,15.279999732971191,18.209999084472656,0,0.0,0.0,16.28352019097845
2025-02-24 00:00:00-06:00,18.079999923706055,20.239999771118164,17.309999465942383,18.979999542236328,0,0.0,0.0,4.228448635234905
2025-02-25 00:00:00-06:00,19.09000015258789,21.479999542236328,18.850000381469727,19.43000030517578,0,0.0,0.0,2.3709208313628327
2025-02-26 00:00:00-06:00,18.959999084472656,20.059999465942383,17.829999923706055,19.100000381469727,0,0.0,0.0,-1.6984041097423352
2025-02-27 00:00:00-06:00,18.25,21.469999313354492,17.670000076293945,21.1299991607666,0,0.0,0.0,10.62826564792283
2025-02-28 00:00:00-06:00,21.209999084472656,22.399999618530273,19.049999237060547,19.6299991607666,0,0.0,0.0,-7.098911782188544
2025-03-03 00:00:00-06:00,19.829999923706055,24.309999465942383,19.25,22.780000686645508,0,0.0,0.0,16.046875499488777
2025-03-04 00:00:00-06:00,22.959999084472656,26.350000381469727,21.709999084472656,23.510000228881836,0,0.0,0.0,3.2045633021612785
2025-03-05 00:00:00-06:00,23.030000686645508,24.84000015258789,21.3700008392334,21.93000030517578,0,0.0,0.0,-6.720544059225652
2025-03-06 00:00:00-06:00,22.600000381469727,25.920000076293945,22.389999389648438,24.8700008392334,0,0.0,0.0,13.406294998380531
2025-03-07 00:00:00-06:00,24.850000381469727,26.559999465942383,23.09000015258789,23.3700008392334,0,0.0,0.0,-6.0313628845307115
2025-03-10 00:00:00-05:00,24.700000762939453,29.559999465942383,24.68000030517578,27.860000610351562,0,0.0,0.0,19.212664141545012
2025-03-11 00:00:00-05:00,27.940000534057617,29.56999969482422,26.18000030517578,26.920000076293945,0,0.0,0.0,-3.374014764767641
2025-03-12 00:00:00-05:00,26.8799991607666,26.90999984741211,23.889999389648438,24.229999542236328,0,0.0,0.0,-9.992572535044165
2025-03-13 00:00:00-05:00,24.920000076293945,26.1299991607666,23.459999084472656,24.65999984741211,0,0.0,0.0,1.7746608060236646
2025-03-14 00:00:00-05:00,24.350000381469727,24.360000610351562,21.479999542236328,21.770000457763672,0,0.0,0.0,-11.719381214642311
2025-03-17 00:00:00-05:00,22.889999389648438,22.950000762939453,20.31999969482422,20.510000228881836,0,0.0,0.0,-5.78778228014456
2025-03-18 00:00:00-05:00,20.829999923706055,22.56999969482422,20.40999984741211,21.700000762939453,0,0.0,0.0,5.802050320710772
2025-03-19 00:00:00-05:00,21.84000015258789,22.100000381469727,19.420000076293945,19.899999618530273,0,0.0,0.0,-8.29493585771356
2025-03-20 00:00:00-05:00,19.520000457763672,21.170000076293945,19.299999237060547,19.799999237060547,0,0.0,0.0,-0.5025144893802347
2025-03-21 00:00:00-05:00,20.020000457763672,21.139999389648438,19.149999618530273,19.280000686645508,0,0.0,0.0,-2.626255406322109
2025-03-24 00:00:00-05:00,19.1299991607666,19.139999389648438,17.459999084472656,17.479999542236328,0,0.0,0.0,-9.336105188294773
2025-03-25 00:00:00-05:00,17.579999923706055,17.770000457763672,17.020000457763672,17.149999618530273,0,0.0,0.0,-1.8878714665219953
2025-03-26 00:00:00-05:00,17.229999542236328,19.06999969482422,16.969999313354492,18.329999923706055,0,0.0,0.0,6.880468404796991
2025-03-27 00:00:00-05:00,18.360000610351562,19.280000686645508,17.950000762939453,18.690000534057617,0,0.0,0.0,1.9639967913255507
2025-03-28 00:00:00-05:00,19.079999923706055,22.18000030517578,18.920000076293945,21.649999618530273,0,0.0,0.0,15.837340823392898
2025-03-31 00:00:00-05:00,24.110000610351562,24.799999237060547,21.670000076293945,22.280000686645508,0,0.0,0.0,2.9099357007656312
2025-04-01 00:00:00-05:00,22.059999465942383,23.520000457763672,21.579999923706055,21.770000457763672,0,0.0,0.0,-2.289049430718948
2025-04-02 00:00:00-05:00,22.299999237060547,23.65999984741211,20.68000030517578,21.510000228881836,0,0.0,0.0,-1.1943051144452932
2025-04-03 00:00:00-05:00,26.3799991607666,30.020000457763672,24.93000030517578,30.020000457763672,0,0.0,0.0,39.562994599392496
2025-04-04 00:00:00-05:00,30.1200008392334,45.61000061035156,29.989999771118164,45.310001373291016,0,0.0,0.0,50.932713798720464
2025-04-07 00:00:00-05:00,60.130001068115234,60.130001068115234,38.58000183105469,46.97999954223633,0,0.0,0.0,3.685716438600095
2025-04-08 00:00:00-05:00,44.040000915527344,57.52000045776367,36.47999954223633,52.33000183105469,0,0.0,0.0,11.387829589075583
2025-04-09 00:00:00-05:00,50.97999954223633,57.959999084472656,31.899999618530273,33.619998931884766,0,0.0,0.0,-35.753873962348436
2025-04-10 00:00:00-05:00,34.439998626708984,54.869998931884766,34.439998626708984,40.720001220703125,0,0.0,0.0,21.118389394369697
2025-04-11 00:00:00-05:00,40.79999923706055,46.119998931884766,36.849998474121094,37.560001373291016,0,0.0,0.0,-7.760313734483592
2025-04-14 00:00:00-05:00,34.7599983215332,35.16999816894531,29.75,30.889999389648438,0,0.0,0.0,-17.758258093104406
2025-04-15 00:00:00-05:00,30.010000228881836,31.450000762939453,28.290000915527344,30.1200008392334,0,0.0,0.0,-2.4927114458703215
2025-04-16 00:00:00-05:00,33.2400016784668,34.959999084472656,29.479999542236328,32.63999938964844,0,0.0,0.0,8.366528818726216
2025-04-17 00:00:00-05:00,30.790000915527344,32.54999923706055,29.56999969482422,29.649999618530273,0,0.0,0.0,-9.160538685752616
2025-04-21 00:00:00-05:00,32.75,35.75,31.790000915527344,33.81999969482422,0,0.0,0.0,14.064081382610993
2025-04-22 00:00:00-05:00,32.61000061035156,32.68000030517578,30.079999923706055,30.56999969482422,0,0.0,0.0,-9.609698490025053
2025-04-23 00:00:00-05:00,28.75,30.290000915527344,27.110000610351562,28.450000762939453,0,0.0,0.0,-6.93490007539549
2025-04-24 00:00:00-05:00,28.690000534057617,29.65999984741211,26.360000610351562,26.469999313354492,0,0.0,0.0,-6.959583115949231
2025-04-25 00:00:00-05:00,26.219999313354492,27.200000762939453,24.84000015258789,24.84000015258789,0,0.0,0.0,-6.157911609556576
2025-04-28 00:00:00-05:00,25.75,26.93000030517578,24.700000762939453,25.149999618530273,0,0.0,0.0,1.247984959895776
2025-04-29 00:00:00-05:00,24.760000228881836,25.989999771118164,23.760000228881836,24.170000076293945,0,0.0,0.0,-3.8966185172991996
2025-04-30 00:00:00-05:00,24.350000381469727,28.170000076293945,24.229999542236328,24.700000762939453,0,0.0,0.0,2.1928038269446892
2025-05-01 00:00:00-05:00,23.940000534057617,25.18000030517578,23.299999237060547,24.600000381469727,0,0.0,0.0,-0.40485983150158056
2025-05-02 00:00:00-05:00,23.6299991607666,24.31999969482422,22.34000015258789,22.68000030517578,0,0.0,0.0,-7.804878237889012
2025-05-05 00:00:00-05:00,24.25,24.6299991607666,22.809999465942383,23.639999389648438,0,0.0,0.0,4.232800139132165
2025-05-06 00:00:00-05:00,23.969999313354492,25.110000610351562,23.899999618530273,24.760000228881836,0,0.0,0.0,4.737736328892761
2025-05-07 00:00:00-05:00,24.559999465942383,25.6200008392334,23.290000915527344,23.549999237060547,0,0.0,0.0,-4.886918338594592
2025-05-08 00:00:00-05:00,22.84000015258789,23.610000610351562,21.8799991607666,22.479999542236328,0,0.0,0.0,-4.543523267467309
2025-05-09 00:00:00-05:00,22.399999618530273,22.81999969482422,21.829999923706055,21.899999618530273,0,0.0,0.0,-2.5800708875297285
2025-05-12 00:00:00-05:00,19.84000015258789,20.440000534057617,18.139999389648438,18.389999389648438,0,0.0,0.0,-16.027398584573106
2025-05-13 00:00:00-05:00,18.690000534057617,18.850000381469727,17.649999618530273,18.219999313354492,0,0.0,0.0,-0.9244158887228515
2025-05-14 00:00:00-05:00,18.100000381469727,18.81999969482422,18.059999465942383,18.6200008392334,0,0.0,0.0,2.1953981391520827
2025-05-15 00:00:00-05:00,19.190000534057617,19.3799991607666,17.770000457763672,17.829999923706055,0,0.0,0.0,-4.242754457146781
2025-05-16 00:00:00-05:00,17.959999084472656,17.959999084472656,17.149999618530273,17.239999771118164,0,0.0,0.0,-3.309030595134499
2025-05-19 00:00:00-05:00,19.84000015258789,19.920000076293945,17.920000076293945,18.139999389648438,0,0.0,0.0,5.220415490016572
2025-05-20 00:00:00-05:00,18.459999084472656,18.68000030517578,17.700000762939453,18.09000015258789,0,0.0,0.0,-0.27562976153725494
2025-05-21 00:00:00-05:00,18.770000457763672,21.049999237060547,17.770000457763672,20.8700008392334,0,0.0,0.0,15.36761007847649
2025-05-22 00:00:00-05:00,20.6200008392334,22.06999969482422,19.639999389648438,20.280000686645508,0,0.0,0.0,-2.827025054444432
2025-05-23 00:00:00-05:00,20.139999389648438,25.530000686645508,19.829999923706055,22.290000915527344,0,0.0,0.0,9.911243396581494
2025-05-27 00:00:00-05:00,20.6299991607666,21.010000228881836,18.950000762939453,18.959999084472656,0,0.0,0.0,-14.939442325168272
2025-05-28 00:00:00-05:00,19.209999084472656,19.43000030517578,18.68000030517578,19.309999465942383,0,0.0,0.0,1.8459936622906348
2025-05-29 00:00:00-05:00,18.25,20.200000762939453,18.110000610351562,19.18000030517578,0,0.0,0.0,-0.6732219801242612
2025-05-30 00:00:00-05:00,19.610000610351562,20.549999237060547,18.56999969482422,18.56999969482422,0,0.0,0.0,-3.180399377715093
2025-06-02 00:00:00-05:00,19.809999465942383,20.450000762939453,18.360000610351562,18.360000610351562,0,0.0,0.0,-1.130851308151537
2025-06-03 00:00:00-05:00,18.829999923706055,19.209999084472656,17.639999389648438,17.690000534057617,0,0.0,0.0,-3.6492377669976372
2025-06-04 00:00:00-05:00,17.68000030517578,18.06999969482422,17.40999984741211,17.610000610351562,0,0.0,0.0,-0.45223245500776166
2025-06-05 00:00:00-05:00,17.68000030517578,18.799999237060547,17.079999923706055,18.479999542236328,0,0.0,0.0,4.940368550432428
2025-06-06 00:00:00-05:00,18.15999984741211,18.350000381469727,16.649999618530273,16.770000457763672,0,0.0,0.0,-9.25324202830431
2025-06-09 00:00:00-05:00,17.690000534057617,17.719999313354492,16.81999969482422,17.15999984741211,0,0.0,0.0,2.32557769232431
2025-06-10 00:00:00-05:00,17.5,17.989999771118164,16.68000030517578,16.950000762939453,0,0.0,0.0,-1.2237708994171426
2025-06-11 00:00:00-05:00,17.040000915527344,18.09000015258789,16.229999542236328,17.260000228881836,0,0.0,0.0,1.828905321468688
2025-06-12 00:00:00-05:00,17.8700008392334,18.8700008392334,17.43000030517578,18.020000457763672,0,0.0,0.0,4.403245763636199
2025-06-13 00:00:00-05:00,21.760000228881836,22.0,18.8799991607666,20.81999969482422,0,0.0,0.0,15.538286159444613
2025-06-16 00:00:00-05:00,19.780000686645508,20.219999313354492,18.670000076293945,19.110000610351562,0,0.0,0.0,-8.213252207192667
2025-06-17 00:00:00-05:00,20.530000686645508,21.790000915527344,19.549999237060547,21.600000381469727,0,0.0,0.0,13.0298257016767
2025-06-18 00:00:00-05:00,20.899999618530273,21.579999923706055,19.59000015258789,20.139999389648438,0,0.0,0.0,-6.759263731651588
2025-06-20 00:00:00-05:00,20.739999771118164,21.06999969482422,19.110000610351562,20.6200008392334,0,0.0,0.0,2.3833240522920462
2025-06-23 00:00:00-05:00,21.149999618530273,22.510000228881836,19.81999969482422,19.829999923706055,0,0.0,0.0,-3.831236097838653
2025-06-24 00:00:00-05:00,18.190000534057617,18.719999313354492,17.329999923706055,17.479999542236328,0,0.0,0.0,-11.850733184624907
2025-06-25 00:00:00-05:00,17.280000686645508,17.510000228881836,16.68000030517578,16.760000228881836,0,0.0,0.0,-4.118989314700972
2025-06-26 00:00:00-05:00,16.670000076293945,16.780000686645508,16.110000610351562,16.59000015258789,0,0.0,0.0,-1.0143202504316884
2025-06-27 00:00:00-05:00,16.309999465942383,17.290000915527344,16.1200008392334,16.31999969482422,0,0.0,0.0,-1.627489181918751
2025-06-30 00:00:00-05:00,17.190000534057617,17.43000030517578,16.549999237060547,16.729999542236328,0,0.0,0.0,2.512254013963844
2025-07-01 00:00:00-05:00,16.979999542236328,17.479999542236328,16.510000228881836,16.829999923706055,0,0.0,0.0,0.5977309277102272
2025-07-02 00:00:00-05:00,16.75,17.3700008392334,16.540000915527344,16.639999389648438,0,0.0,0.0,-1.128939601419665
2025-07-03 00:00:00-05:00,16.649999618530273,16.829999923706055,16.139999389648438,16.3799991607666,0,0.0,0.0,-1.5625014328040088
2025-07-07 00:00:00-05:00,17.829999923706055,18.5,17.510000228881836,17.790000915527344,0,0.0,0.0,8.608069761920255
2025-07-08 00:00:00-05:00,17.40999984741211,17.440000534057617,16.540000915527344,16.809999465942383,0,0.0,0.0,-5.508720624795494
2025-07-09 00:00:00-05:00,16.760000228881836,16.760000228881836,15.760000228881836,15.9399995803833,0,0.0,0.0,-5.175490262933858
2025-07-10 00:00:00-05:00,16.229999542236328,16.239999771118164,15.699999809265137,15.779999732971191,0,0.0,0.0,-1.0037631845926431
2025-07-11 00:00:00-05:00,16.40999984741211,17.239999771118164,15.979999542236328,16.399999618530273,0,0.0,0.0,3.9290234223745557
2025-07-14 00:00:00-05:00,17.729999542236328,17.850000381469727,16.90999984741211,17.200000762939453,0,0.0,0.0,4.8780558720578515
2025-07-15 00:00:00-05:00,16.889999389648438,17.389999389648438,16.559999465942383,17.3799991607666,0,0.0,0.0,1.0465022665288926
2025-07-16 00:00:00-05:00,17.65999984741211,19.479999542236328,16.690000534057617,17.15999984741211,0,0.0,0.0,-1.2658188951534366
2025-07-17 00:00:00-05:00,17.15999984741211,17.3700008392334,16.479999542236328,16.520000457763672,0,0.0,0.0,-3.7296002059402977
2025-07-18 00:00:00-05:00,16.43000030517578,16.809999465942383,16.280000686645508,16.40999984741211,0,0.0,0.0,-0.6658632403358511
2025-07-21 00:00:00-05:00,16.8700008392334,16.989999771118164,16.299999237060547,16.649999618530273,0,0.0,0.0,1.4625214707483014
2025-07-22 00:00:00-05:00,16.75,17.479999542236328,16.43000030517578,16.5,0,0.0,0.0,-0.900898630432001
2025-07-23 00:00:00-05:00,16.229999542236328,16.31999969482422,15.319999694824219,15.369999885559082,0,0.0,0.0,-6.848485542066173
2025-07-24 00:00:00-05:00,15.390000343322754,15.539999961853027,14.949999809265137,15.390000343322754,0,0.0,0.0,0.13012659669868754
2025-07-25 00:00:00-05:00,15.329999923706055,15.390000343322754,14.920000076293945,14.930000305175781,0,0.0,0.0,-2.988954047337322
2025-07-28 00:00:00-05:00,15.149999618530273,15.539999961853027,15.0,15.029999732971191,0,0.0,0.0,0.669788518093628
2025-07-29 00:00:00-05:00,14.949999809265137,16.1200008392334,14.699999809265137,15.979999542236328,0,0.0,0.0,6.32069079270261
2025-07-30 00:00:00-05:00,15.869999885559082,17.270000457763672,15.4399995803833,15.479999542236328,0,0.0,0.0,-3.128911228554565
2025-07-31 00:00:00-05:00,14.989999771118164,17.170000076293945,14.739999771118164,16.719999313354492,0,0.0,0.0,8.01033467562382
2025-08-01 00:00:00-05:00,17.399999618530273,21.899999618530273,17.389999389648438,20.3799991607666,0,0.0,0.0,21.889952139464608
2025-08-04 00:00:00-05:00,19.559999465942383,19.579999923706055,17.479999542236328,17.520000457763672,0,0.0,0.0,-14.033360258957684
2025-08-05 00:00:00-05:00,17.209999084472656,18.940000534057617,17.110000610351562,17.850000381469727,0,0.0,0.0,1.8835611591540902
2025-08-06 00:00:00-05:00,17.219999313354492,17.8799991607666,16.559999465942383,16.770000457763672,0,0.0,0.0,-6.050419611347535
2025-08-07 00:00:00-05:00,16.40999984741211,17.639999389648438,15.979999542236328,16.56999969482422,0,0.0,0.0,-1.192610360644697
2025-08-08 00:00:00-05:00,16.479999542236328,16.520000457763672,15.149999618530273,15.149999618530273,0,0.0,0.0,-8.569704903117737
2025-08-11 00:00:00-05:00,15.8100004196167,16.360000610351562,15.520000457763672,16.25,0,0.0,0.0,7.260728773380909
2025-08-12 00:00:00-05:00,16.09000015258789,16.559999465942383,14.65999984741211,14.729999542236328,0,0.0,0.0,-9.353848970853363
2025-08-13 00:00:00-05:00,14.619999885559082,14.8100004196167,14.300000190734863,14.489999771118164,0,0.0,0.0,-1.6293263990266649
2025-08-14 00:00:00-05:00,14.65999984741211,15.390000343322754,14.569999694824219,14.829999923706055,0,0.0,0.0,2.3464469148273492
2025-08-15 00:00:00-05:00,14.430000305175781,15.180000305175781,14.399999618530273,15.09000015258789,0,0.0,0.0,1.7532045193487944
2025-08-18 00:00:00-05:00,15.729999542236328,15.949999809265137,14.949999809265137,14.989999771118164,0,0.0,0.0,-0.6626930447881874
2025-08-19 00:00:00-05:00,15.229999542236328,15.90999984741211,14.760000228881836,15.569999694824219,0,0.0,0.0,3.8692457142231795
2025-08-20 00:00:00-05:00,15.949999809265137,17.190000534057617,15.569999694824219,15.6899995803833,0,0.0,0.0,0.7707121895382807
2025-08-21 00:00:00-05:00,15.720000267028809,17.239999771118164,15.649999618530273,16.600000381469727,0,0.0,0.0,5.799877791100583
2025-08-22 00:00:00-05:00,16.809999465942383,16.829999923706055,14.210000038146973,14.220000267028809,0,0.0,0.0,-14.337349757519691
2025-08-25 00:00:00-05:00,15.050000190734863,15.1899995803833,14.239999771118164,14.789999961853027,0,0.0,0.0,4.008436597190856
2025-08-26 00:00:00-05:00,15.75,15.75,14.619999885559082,14.619999885559082,0,0.0,0.0,-1.1494258061691465
2025-08-27 00:00:00-05:00,14.65999984741211,15.229999542236328,14.65999984741211,14.850000381469727,0,0.0,0.0,1.5731908188168164
2025-08-28 00:00:00-05:00,14.420000076293945,14.6899995803833,14.119999885559082,14.430000305175781,0,0.0,0.0,-2.8282832693932725
2025-08-29 00:00:00-05:00,14.3100004196167,15.970000267028809,14.3100004196167,15.359999656677246,0,0.0,0.0,6.444901814505788
2025-09-02 00:00:00-05:00,16.649999618530273,19.3799991607666,16.549999237060547,17.170000076293945,0,0.0,0.0,11.783857161935952
2025-09-03 00:00:00-05:00,17.399999618530273,17.56999969482422,16.34000015258789,16.350000381469727,0,0.0,0.0,-4.775769896217796
2025-09-04 00:00:00-05:00,16.219999313354492,16.350000381469727,15.279999732971191,15.300000190734863,0,0.0,0.0,-6.422019365362708
2025-09-05 00:00:00-05:00,15.229999542236328,16.920000076293945,14.739999771118164,15.180000305175781,0,0.0,0.0,-0.7843129677328364
2025-09-08 00:00:00-05:00,15.579999923706055,15.649999618530273,14.989999771118164,15.109999656677246,0,0.0,0.0,-0.46113733261696765
2025-09-09 00:00:00-05:00,15.020000457763672,15.819999694824219,14.970000267028809,15.039999961853027,0,0.0,0.0,-0.4632673488730754
2025-09-10 00:00:00-05:00,14.979999542236328,15.630000114440918,14.630000114440918,15.350000381469727,0,0.0,0.0,2.061173007998507
2025-09-11 00:00:00-05:00,15.1899995803833,15.239999771118164,14.649999618530273,14.710000038146973,0,0.0,0.0,-4.1693832405069635
2025-09-12 00:00:00-05:00,14.619999885559082,14.970000267028809,14.40999984741211,14.760000228881836,0,0.0,0.0,0.3399061224010902
2025-09-15 00:00:00-05:00,15.140000343322754,15.84000015258789,14.920000076293945,15.6899995803833,0,0.0,0.0,6.30080851680257
2025-09-16 00:00:00-05:00,15.600000381469727,16.3799991607666,15.4399995803833,16.360000610351562,0,0.0,0.0,4.270242497685861
2025-09-17 00:00:00-05:00,16.420000076293945,16.75,15.260000228881836,15.720000267028809,0,0.0,0.0,-3.911982392701152
2025-09-18 00:00:00-05:00,14.930000305175781,15.800000190734863,14.329999923706055,15.699999809265137,0,0.0,0.0,-0.12722937292578562
2025-09-19 00:00:00-05:00,15.760000228881836,16.1299991607666,15.289999961853027,15.449999809265137,0,0.0,0.0,-1.592356707243181
2025-09-22 00:00:00-05:00,16.139999389648438,16.350000381469727,15.779999732971191,16.100000381469727,0,0.0,0.0,4.207123496628107
2025-09-23 00:00:00-05:00,16.100000381469727,17.06999969482422,15.949999809265137,16.639999389648438,0,0.0,0.0,3.3540310272304197
2025-09-24 00:00:00-05:00,16.56999969482422,17.209999084472656,16.18000030517578,16.18000030517578,0,0.0,0.0,-2.764417676354103
2025-09-25 00:00:00-05:00,16.549999237060547,17.739999771118164,16.31999969482422,16.739999771118164,0,0.0,0.0,3.461059674784095
2025-09-26 00:00:00-05:00,16.889999389648438,17.049999237060547,15.289999961853027,15.289999961853027,0,0.0,0.0,-8.66188667318173
2025-09-29 00:00:00-05:00,15.84000015258789,16.290000915527344,15.739999771118164,16.1200008392334,0,0.0,0.0,5.428390316881204
2025-09-30 00:00:00-05:00,16.489999771118164,16.700000762939453,16.020000457763672,16.280000686645508,0,0.0,0.0,0.9925548330164791
2025-10-01 00:00:00-05:00,17.280000686645508,17.280000686645508,15.979999542236328,16.290000915527344,0,0.0,0.0,0.06142646474234237
2025-10-02 00:00:00-05:00,16.1200008392334,16.920000076293945,15.930000305175781,16.6299991607666,0,0.0,0.0,2.0871591536571144
2025-10-03 00:00:00-05:00,16.350000381469727,17.059999465942383,16.200000762939453,16.649999618530273,0,0.0,0.0,0.12026734078771639
2025-10-06 00:00:00-05:00,16.739999771118164,17.09000015258789,16.290000915527344,16.3700008392334,0,0.0,0.0,-1.6816743886603813
2025-10-07 00:00:00-05:00,16.579999923706055,17.549999237060547,16.190000534057617,17.239999771118164,0,0.0,0.0,5.314593080531016
2025-10-08 00:00:00-05:00,17.170000076293945,17.200000762939453,16.229999542236328,16.299999237060547,0,0.0,0.0,-5.45243936506532
2025-10-09 00:00:00-05:00,16.309999465942383,17.270000457763672,16.260000228881836,16.43000030517578,0,0.0,0.0,0.7975526024544655
2025-10-10 00:00:00-05:00,16.360000610351562,22.440000534057617,16.229999542236328,21.65999984741211,0,0.0,0.0,31.83201123002275
2025-10-13 00:00:00-05:00,19.450000762939453,20.770000457763672,18.610000610351562,19.030000686645508,0,0.0,0.0,-12.142193810222157
2025-10-14 00:00:00-05:00,21.459999084472656,22.940000534057617,19.18000030517578,20.809999465942383,0,0.0,0.0,9.353645376092956
